group,task,cell,idx,origin,parents,val,parent_val,val_delta,mc_at_disc,prompt_chars,n_predictors
phase_a_qwen,hover,combine_all_budget_proportional_s0,0,seed,[None],0.27,,,0,290,4
phase_a_qwen,hover,combine_all_budget_proportional_s0,1,reflect,[0],0.3466666666666667,0.27,0.07666666666666666,306,2342,4
phase_a_qwen,hover,combine_all_budget_proportional_s0,2,reflect,[0],0.31666666666666665,0.27,0.046666666666666634,618,1723,4
phase_a_qwen,hover,combine_all_budget_proportional_s0,3,reflect,[1],0.37,0.3466666666666667,0.023333333333333317,972,4100,4
phase_a_qwen,hover,combine_all_budget_proportional_s0,4,reflect,[2],0.3333333333333333,0.31666666666666665,0.016666666666666663,1284,4650,4
phase_a_qwen,hover,combine_all_budget_proportional_s0,5,reflect,[4],0.32666666666666666,0.3333333333333333,-0.006666666666666654,1647,6203,4
phase_a_qwen,hover,combine_all_budget_proportional_s0,6,reflect,[2],0.36666666666666664,0.31666666666666665,0.04999999999999999,1983,3925,4
phase_a_qwen,hover,combine_all_budget_proportional_s0,7,reflect,[3],0.38666666666666666,0.37,0.016666666666666663,2361,6137,4
phase_a_qwen,hover,combine_all_budget_proportional_s0,8,merge,"[3, 5]",0.4033333333333333,0.37,0.033333333333333326,2666,10120,4
phase_a_qwen,hover,combine_all_budget_proportional_s0,9,reflect,[1],0.37,0.3466666666666667,0.023333333333333317,3005,3982,4
phase_a_qwen,hover,combine_all_budget_proportional_s0,10,merge,"[3, 6]",0.4066666666666667,0.37,0.03666666666666668,3310,7842,4
phase_a_qwen,hover,combine_all_budget_proportional_s0,11,reflect,[6],0.41,0.36666666666666664,0.043333333333333335,3622,5887,4
phase_a_qwen,hover,combine_all_budget_proportional_s0,12,merge,"[1, 6]",0.4033333333333333,0.36666666666666664,0.03666666666666668,3927,5977,4
phase_a_qwen,hover,combine_all_budget_proportional_s0,13,reflect,[3],0.39,0.37,0.020000000000000018,4251,5821,4
phase_a_qwen,hover,combine_all_budget_proportional_s0,14,reflect,[13],0.36,0.39,-0.030000000000000027,4562,8729,4
phase_a_qwen,hover,combine_all_budget_proportional_s0,15,reflect,[7],0.38333333333333336,0.38666666666666666,-0.0033333333333332993,4894,7916,4
phase_a_qwen,hover,combine_all_budget_proportional_s0,16,merge,"[1, 2]",0.37,0.3466666666666667,0.023333333333333317,5199,3775,4
phase_a_qwen,hover,combine_all_budget_proportional_s0,17,reflect,[10],0.4066666666666667,0.4066666666666667,0.0,5505,8925,4
phase_a_qwen,hover,combine_all_budget_proportional_s0,18,reflect,[4],0.33666666666666667,0.3333333333333333,0.003333333333333355,5846,7135,4
phase_a_qwen,hover,combine_all_budget_proportional_s0,19,merge,"[9, 11]",0.4066666666666667,0.41,-0.0033333333333332993,6151,9780,4
phase_a_qwen,hover,combine_all_budget_proportional_s0,20,reflect,[2],0.32,0.31666666666666665,0.003333333333333355,6595,3352,4
phase_a_qwen,hover,combine_all_budget_proportional_s0,21,merge,"[7, 11]",0.4166666666666667,0.41,0.00666666666666671,6900,11935,4
phase_a_qwen,hover,combine_all_immediate_s0,0,seed,[None],0.27,,,0,290,4
phase_a_qwen,hover,combine_all_immediate_s0,1,reflect,[0],0.3466666666666667,0.27,0.07666666666666666,306,2342,4
phase_a_qwen,hover,combine_all_immediate_s0,2,reflect,[0],0.31666666666666665,0.27,0.046666666666666634,618,1723,4
phase_a_qwen,hover,combine_all_immediate_s0,3,merge,"[1, 2]",0.37,0.3466666666666667,0.023333333333333317,923,3775,4
phase_a_qwen,hover,combine_all_immediate_s0,4,reflect,[1],0.37,0.3466666666666667,0.023333333333333317,1271,4100,4
phase_a_qwen,hover,combine_all_immediate_s0,5,merge,"[2, 4]",0.36333333333333334,0.37,-0.006666666666666654,1576,5640,4
phase_a_qwen,hover,combine_all_immediate_s0,6,reflect,[1],0.36333333333333334,0.3466666666666667,0.016666666666666663,1909,4779,4
phase_a_qwen,hover,combine_all_immediate_s0,7,merge,"[3, 6]",0.37666666666666665,0.37,0.006666666666666654,2214,6212,4
phase_a_qwen,hover,combine_all_immediate_s0,8,reflect,[2],0.34,0.31666666666666665,0.023333333333333373,2580,4066,4
phase_a_qwen,hover,combine_all_immediate_s0,9,reflect,[2],0.36666666666666664,0.31666666666666665,0.04999999999999999,2939,4077,4
phase_a_qwen,hover,combine_all_immediate_s0,10,merge,"[7, 9]",0.4066666666666667,0.37666666666666665,0.030000000000000027,3244,8660,4
phase_a_qwen,hover,combine_all_immediate_s0,11,reflect,[6],0.41333333333333333,0.36333333333333334,0.04999999999999999,3610,7549,4
phase_a_qwen,hover,combine_all_immediate_s0,12,reflect,[10],0.39666666666666667,0.4066666666666667,-0.010000000000000009,3921,10213,4
phase_a_qwen,hover,combine_all_immediate_s0,13,merge,"[10, 11]",0.3933333333333333,0.41333333333333333,-0.020000000000000018,4226,11537,4
phase_a_qwen,hover,combine_all_immediate_s0,14,reflect,[13],0.37666666666666665,0.3933333333333333,-0.016666666666666663,4538,14235,4
phase_a_qwen,hover,combine_all_immediate_s0,15,merge,"[4, 13]",0.42,0.3933333333333333,0.026666666666666672,4843,13402,4
phase_a_qwen,hover,combine_all_immediate_s0,16,reflect,[15],0.4066666666666667,0.42,-0.013333333333333308,5149,15735,4
phase_a_qwen,hover,combine_all_immediate_s0,17,reflect,[16],0.3933333333333333,0.4066666666666667,-0.013333333333333364,5478,14282,4
phase_a_qwen,hover,combine_all_immediate_s0,18,merge,"[14, 16]",0.41333333333333333,0.4066666666666667,0.006666666666666654,5783,25393,4
phase_a_qwen,hover,combine_all_immediate_s0,19,reflect,[13],0.39666666666666667,0.3933333333333333,0.003333333333333355,6116,10537,4
phase_a_qwen,hover,combine_all_immediate_s0,20,merge,"[14, 15]",0.3933333333333333,0.42,-0.026666666666666672,6421,20517,4
phase_a_qwen,hover,combine_all_immediate_s0,21,reflect,[16],0.3933333333333333,0.4066666666666667,-0.013333333333333364,6880,14729,4
phase_a_qwen,hover,combine_all_score_plateau_s0,0,seed,[None],0.27,,,0,290,4
phase_a_qwen,hover,combine_all_score_plateau_s0,1,reflect,[0],0.3466666666666667,0.27,0.07666666666666666,306,2342,4
phase_a_qwen,hover,combine_all_score_plateau_s0,2,reflect,[0],0.31666666666666665,0.27,0.046666666666666634,618,1723,4
phase_a_qwen,hover,combine_all_score_plateau_s0,3,reflect,[1],0.37,0.3466666666666667,0.023333333333333317,972,4100,4
phase_a_qwen,hover,combine_all_score_plateau_s0,4,reflect,[2],0.3333333333333333,0.31666666666666665,0.016666666666666663,1284,4650,4
phase_a_qwen,hover,combine_all_score_plateau_s0,5,reflect,[4],0.32666666666666666,0.3333333333333333,-0.006666666666666654,1647,6203,4
phase_a_qwen,hover,combine_all_score_plateau_s0,6,reflect,[2],0.36666666666666664,0.31666666666666665,0.04999999999999999,1983,3925,4
phase_a_qwen,hover,combine_all_score_plateau_s0,7,reflect,[3],0.42,0.37,0.04999999999999999,2354,7230,4
phase_a_qwen,hover,combine_all_score_plateau_s0,8,merge,"[1, 5]",0.38333333333333336,0.3466666666666667,0.03666666666666668,2659,8255,4
phase_a_qwen,hover,combine_all_score_plateau_s0,9,reflect,[8],0.37666666666666665,0.38333333333333336,-0.00666666666666671,2974,10569,4
phase_a_qwen,hover,combine_all_score_plateau_s0,10,reflect,[5],0.36,0.32666666666666666,0.033333333333333326,3298,7951,4
phase_a_qwen,hover,combine_all_score_plateau_s0,11,reflect,[10],0.39,0.36,0.030000000000000027,3604,8333,4
phase_a_qwen,hover,combine_all_score_plateau_s0,12,merge,"[1, 6]",0.4033333333333333,0.36666666666666664,0.03666666666666668,3909,5977,4
phase_a_qwen,hover,combine_all_score_plateau_s0,13,reflect,[6],0.36666666666666664,0.36666666666666664,0.0,4263,7044,4
phase_a_qwen,hover,combine_all_score_plateau_s0,14,reflect,[9],0.38,0.37666666666666665,0.003333333333333355,4626,11639,4
phase_a_qwen,hover,combine_all_score_plateau_s0,15,reflect,[1],0.37,0.3466666666666667,0.023333333333333317,4944,4647,4
phase_a_qwen,hover,combine_all_score_plateau_s0,16,merge,"[8, 11]",0.37,0.39,-0.020000000000000018,5249,10479,4
phase_a_qwen,hover,combine_all_score_plateau_s0,17,reflect,[4],0.37333333333333335,0.3333333333333333,0.040000000000000036,5561,7389,4
phase_a_qwen,hover,combine_all_score_plateau_s0,18,reflect,[11],0.36,0.39,-0.030000000000000027,5879,8742,4
phase_a_qwen,hover,combine_all_score_plateau_s0,19,reflect,[3],0.4033333333333333,0.37,0.033333333333333326,6194,7087,4
phase_a_qwen,hover,combine_all_score_plateau_s0,20,merge,"[6, 14]",0.42333333333333334,0.38,0.043333333333333335,6499,13936,4
phase_a_qwen,hover,combine_all_score_plateau_s0,21,reflect,[15],0.38666666666666666,0.37,0.016666666666666663,6829,5224,4
phase_a_qwen,hover,nomerge_s0,0,seed,[None],0.27,,,0,290,4
phase_a_qwen,hover,nomerge_s0,1,reflect,[0],0.3466666666666667,0.27,0.07666666666666666,306,2342,4
phase_a_qwen,hover,nomerge_s0,2,reflect,[0],0.31666666666666665,0.27,0.046666666666666634,618,1723,4
phase_a_qwen,hover,nomerge_s0,3,reflect,[1],0.37,0.3466666666666667,0.023333333333333317,972,4100,4
phase_a_qwen,hover,nomerge_s0,4,reflect,[2],0.3333333333333333,0.31666666666666665,0.016666666666666663,1284,4650,4
phase_a_qwen,hover,nomerge_s0,5,reflect,[4],0.32666666666666666,0.3333333333333333,-0.006666666666666654,1647,6203,4
phase_a_qwen,hover,nomerge_s0,6,reflect,[2],0.36666666666666664,0.31666666666666665,0.04999999999999999,1983,3925,4
phase_a_qwen,hover,nomerge_s0,7,reflect,[3],0.38666666666666666,0.37,0.016666666666666663,2361,6137,4
phase_a_qwen,hover,nomerge_s0,8,reflect,[4],0.3233333333333333,0.3333333333333333,-0.010000000000000009,2739,6792,4
phase_a_qwen,hover,nomerge_s0,9,reflect,[2],0.35333333333333333,0.31666666666666665,0.03666666666666668,3057,3650,4
phase_a_qwen,hover,nomerge_s0,10,reflect,[5],0.3333333333333333,0.32666666666666666,0.006666666666666654,3381,8080,4
phase_a_qwen,hover,nomerge_s0,11,reflect,[1],0.3466666666666667,0.3466666666666667,0.0,3693,4177,4
phase_a_qwen,hover,nomerge_s0,12,reflect,[7],0.3933333333333333,0.38666666666666666,0.006666666666666654,4038,9147,4
phase_a_qwen,hover,nomerge_s0,13,reflect,[8],0.3566666666666667,0.3233333333333333,0.03333333333333338,4383,8813,4
phase_a_qwen,hover,nomerge_s0,14,reflect,[7],0.3933333333333333,0.38666666666666666,0.006666666666666654,4725,6925,4
phase_a_qwen,hover,nomerge_s0,15,reflect,[14],0.3933333333333333,0.3933333333333333,0.0,5046,8960,4
phase_a_qwen,hover,nomerge_s0,16,reflect,[1],0.39,0.3466666666666667,0.043333333333333335,5454,3922,4
phase_a_qwen,hover,nomerge_s0,17,reflect,[1],0.3466666666666667,0.3466666666666667,0.0,5778,4249,4
phase_a_qwen,hover,nomerge_s0,18,reflect,[14],0.38666666666666666,0.3933333333333333,-0.006666666666666654,6126,8738,4
phase_a_qwen,hover,nomerge_s0,19,reflect,[10],0.3566666666666667,0.3333333333333333,0.023333333333333373,6432,10369,4
phase_a_qwen,hover,nomerge_s0,20,reflect,[17],0.37666666666666665,0.3466666666666667,0.02999999999999997,6750,6669,4
phase_a_qwen,hover,original_budget_proportional_s0,0,seed,[None],0.27,,,0,290,4
phase_a_qwen,hover,original_budget_proportional_s0,1,reflect,[0],0.3466666666666667,0.27,0.07666666666666666,306,2342,4
phase_a_qwen,hover,original_budget_proportional_s0,2,reflect,[0],0.31666666666666665,0.27,0.046666666666666634,618,1723,4
phase_a_qwen,hover,original_budget_proportional_s0,3,reflect,[1],0.37,0.3466666666666667,0.023333333333333317,972,4100,4
phase_a_qwen,hover,original_budget_proportional_s0,4,reflect,[2],0.3333333333333333,0.31666666666666665,0.016666666666666663,1284,4650,4
phase_a_qwen,hover,original_budget_proportional_s0,5,reflect,[4],0.32666666666666666,0.3333333333333333,-0.006666666666666654,1647,6203,4
phase_a_qwen,hover,original_budget_proportional_s0,6,reflect,[2],0.36666666666666664,0.31666666666666665,0.04999999999999999,1983,3925,4
phase_a_qwen,hover,original_budget_proportional_s0,7,reflect,[3],0.38666666666666666,0.37,0.016666666666666663,2361,6137,4
phase_a_qwen,hover,original_budget_proportional_s0,8,merge,"[3, 5]",0.4033333333333333,0.37,0.033333333333333326,2666,7027,4
phase_a_qwen,hover,original_budget_proportional_s0,9,reflect,[1],0.37,0.3466666666666667,0.023333333333333317,3005,3982,4
phase_a_qwen,hover,original_budget_proportional_s0,10,merge,"[3, 6]",0.41,0.37,0.03999999999999998,3310,6302,4
phase_a_qwen,hover,original_budget_proportional_s0,11,reflect,[6],0.41,0.36666666666666664,0.043333333333333335,3622,5887,4
phase_a_qwen,hover,original_budget_proportional_s0,12,merge,"[1, 6]",0.4033333333333333,0.36666666666666664,0.03666666666666668,3927,5977,4
phase_a_qwen,hover,original_budget_proportional_s0,13,reflect,[1],0.33,0.3466666666666667,-0.016666666666666663,4263,5250,4
phase_a_qwen,hover,original_budget_proportional_s0,14,reflect,[2],0.3466666666666667,0.31666666666666665,0.030000000000000027,4703,3509,4
phase_a_qwen,hover,original_budget_proportional_s0,15,merge,"[4, 7]",0.38666666666666666,0.38666666666666666,0.0,5008,6137,4
phase_a_qwen,hover,original_budget_proportional_s0,16,reflect,[1],0.39666666666666667,0.3466666666666667,0.04999999999999999,5377,4950,4
phase_a_qwen,hover,original_budget_proportional_s0,17,reflect,[1],0.41,0.3466666666666667,0.0633333333333333,5757,4044,4
phase_a_qwen,hover,original_budget_proportional_s0,18,merge,"[8, 11]",0.41,0.41,0.0,6062,9139,4
phase_a_qwen,hover,original_budget_proportional_s0,19,reflect,[1],0.36666666666666664,0.3466666666666667,0.019999999999999962,6485,4431,4
phase_a_qwen,hover,original_budget_proportional_s0,20,reflect,[2],0.34,0.31666666666666665,0.023333333333333373,6796,4343,4
phase_a_qwen,hover,original_immediate_s0,0,seed,[None],0.27,,,0,290,4
phase_a_qwen,hover,original_immediate_s0,1,reflect,[0],0.3466666666666667,0.27,0.07666666666666666,306,2342,4
phase_a_qwen,hover,original_immediate_s0,2,reflect,[0],0.31666666666666665,0.27,0.046666666666666634,618,1723,4
phase_a_qwen,hover,original_immediate_s0,3,merge,"[1, 2]",0.37,0.3466666666666667,0.023333333333333317,923,3775,4
phase_a_qwen,hover,original_immediate_s0,4,reflect,[1],0.37,0.3466666666666667,0.023333333333333317,1271,4100,4
phase_a_qwen,hover,original_immediate_s0,5,merge,"[2, 4]",0.37,0.37,0.0,1576,4100,4
phase_a_qwen,hover,original_immediate_s0,6,reflect,[2],0.34,0.31666666666666665,0.023333333333333373,1981,4066,4
phase_a_qwen,hover,original_immediate_s0,7,merge,"[5, 6]",0.38,0.37,0.010000000000000009,2286,6443,4
phase_a_qwen,hover,original_immediate_s0,8,reflect,[7],0.4033333333333333,0.38,0.023333333333333317,2634,7846,4
phase_a_qwen,hover,original_immediate_s0,9,merge,"[3, 5]",0.37,0.37,0.0,2939,4100,4
phase_a_qwen,hover,original_immediate_s0,10,reflect,[9],0.38333333333333336,0.37,0.013333333333333364,3299,6042,4
phase_a_qwen,hover,original_immediate_s0,11,merge,"[6, 10]",0.38333333333333336,0.38333333333333336,0.0,3604,6042,4
phase_a_qwen,hover,original_immediate_s0,12,reflect,[7],0.37666666666666665,0.38,-0.003333333333333355,3910,7716,4
phase_a_qwen,hover,original_immediate_s0,13,merge,"[9, 12]",0.37666666666666665,0.37666666666666665,0.0,4215,7716,4
phase_a_qwen,hover,original_immediate_s0,14,reflect,[1],0.3333333333333333,0.3466666666666667,-0.013333333333333364,4716,4759,4
phase_a_qwen,hover,original_immediate_s0,15,merge,"[2, 14]",0.35333333333333333,0.3333333333333333,0.020000000000000018,5021,6192,4
phase_a_qwen,hover,original_immediate_s0,16,reflect,[11],0.36666666666666664,0.38333333333333336,-0.01666666666666672,5333,6942,4
phase_a_qwen,hover,original_immediate_s0,17,reflect,[16],0.4166666666666667,0.36666666666666664,0.050000000000000044,5650,9198,4
phase_a_qwen,hover,original_immediate_s0,18,merge,"[8, 9]",0.4033333333333333,0.4033333333333333,0.0,5955,7846,4
phase_a_qwen,hover,original_immediate_s0,19,reflect,[2],0.3233333333333333,0.31666666666666665,0.006666666666666654,6261,4268,4
phase_a_qwen,hover,original_immediate_s0,20,merge,"[3, 19]",0.36333333333333334,0.37,-0.006666666666666654,6566,6320,4
phase_a_qwen,hover,original_immediate_s0,21,reflect,[19],0.31666666666666665,0.3233333333333333,-0.006666666666666654,6884,5937,4
phase_a_qwen,hover,original_score_plateau_s0,0,seed,[None],0.27,,,0,290,4
phase_a_qwen,hover,original_score_plateau_s0,1,reflect,[0],0.3466666666666667,0.27,0.07666666666666666,306,2342,4
phase_a_qwen,hover,original_score_plateau_s0,2,reflect,[0],0.31666666666666665,0.27,0.046666666666666634,618,1723,4
phase_a_qwen,hover,original_score_plateau_s0,3,reflect,[1],0.37,0.3466666666666667,0.023333333333333317,972,4100,4
phase_a_qwen,hover,original_score_plateau_s0,4,reflect,[2],0.3333333333333333,0.31666666666666665,0.016666666666666663,1284,4650,4
phase_a_qwen,hover,original_score_plateau_s0,5,reflect,[4],0.32666666666666666,0.3333333333333333,-0.006666666666666654,1647,6203,4
phase_a_qwen,hover,original_score_plateau_s0,6,reflect,[2],0.36666666666666664,0.31666666666666665,0.04999999999999999,1983,3925,4
phase_a_qwen,hover,original_score_plateau_s0,7,merge,"[3, 6]",0.41,0.37,0.03999999999999998,2288,6302,4
phase_a_qwen,hover,original_score_plateau_s0,8,reflect,[1],0.36333333333333334,0.3466666666666667,0.016666666666666663,2624,3050,4
phase_a_qwen,hover,original_score_plateau_s0,9,reflect,[4],0.38666666666666666,0.3333333333333333,0.053333333333333344,2960,6929,4
phase_a_qwen,hover,original_score_plateau_s0,10,reflect,[3],0.38,0.37,0.010000000000000009,3275,6120,4
phase_a_qwen,hover,original_score_plateau_s0,11,reflect,[6],0.36,0.36666666666666664,-0.006666666666666654,3593,5518,4
phase_a_qwen,hover,original_score_plateau_s0,12,merge,"[1, 4]",0.3933333333333333,0.3466666666666667,0.046666666666666634,3898,6702,4
phase_a_qwen,hover,original_score_plateau_s0,13,reflect,[8],0.38666666666666666,0.36333333333333334,0.023333333333333317,4213,4786,4
phase_a_qwen,hover,original_score_plateau_s0,14,reflect,[4],0.36666666666666664,0.3333333333333333,0.033333333333333326,4519,6951,4
phase_a_qwen,hover,original_score_plateau_s0,15,reflect,[12],0.37666666666666665,0.3933333333333333,-0.016666666666666663,4825,8143,4
phase_a_qwen,hover,original_score_plateau_s0,16,merge,"[7, 15]",0.42,0.41,0.010000000000000009,5130,9229,4
phase_a_qwen,hover,original_score_plateau_s0,17,reflect,[6],0.3566666666666667,0.36666666666666664,-0.009999999999999953,5505,5983,4
phase_a_qwen,hover,original_score_plateau_s0,18,reflect,[7],0.38666666666666666,0.41,-0.023333333333333317,5895,8588,4
phase_a_qwen,hover,original_score_plateau_s0,19,reflect,[3],0.38333333333333336,0.37,0.013333333333333364,6225,6014,4
phase_a_qwen,hover,original_score_plateau_s0,20,reflect,[10],0.37,0.38,-0.010000000000000009,6675,7934,4
phase_a_qwen,hover,original_score_plateau_s0,21,merge,"[7, 10]",0.4266666666666667,0.41,0.01666666666666672,6980,8322,4
phase_a_qwen,hover,summarize_before_budget_proportional_s0,0,seed,[None],0.27,,,0,290,4
phase_a_qwen,hover,summarize_before_budget_proportional_s0,1,reflect,[0],0.3466666666666667,0.27,0.07666666666666666,306,2342,4
phase_a_qwen,hover,summarize_before_budget_proportional_s0,2,reflect,[0],0.31666666666666665,0.27,0.046666666666666634,618,1723,4
phase_a_qwen,hover,summarize_before_budget_proportional_s0,3,reflect,[1],0.37,0.3466666666666667,0.023333333333333317,972,4100,4
phase_a_qwen,hover,summarize_before_budget_proportional_s0,4,reflect,[2],0.3333333333333333,0.31666666666666665,0.016666666666666663,1284,4650,4
phase_a_qwen,hover,summarize_before_budget_proportional_s0,5,reflect,[4],0.32666666666666666,0.3333333333333333,-0.006666666666666654,1647,6203,4
phase_a_qwen,hover,summarize_before_budget_proportional_s0,6,reflect,[2],0.36666666666666664,0.31666666666666665,0.04999999999999999,1983,3925,4
phase_a_qwen,hover,summarize_before_budget_proportional_s0,7,reflect,[3],0.38666666666666666,0.37,0.016666666666666663,2361,6137,4
phase_a_qwen,hover,summarize_before_budget_proportional_s0,8,merge,"[3, 5]",0.41333333333333333,0.37,0.043333333333333335,2666,6494,4
phase_a_qwen,hover,summarize_before_budget_proportional_s0,9,reflect,[1],0.37,0.3466666666666667,0.023333333333333317,3005,3982,4
phase_a_qwen,hover,summarize_before_budget_proportional_s0,10,merge,"[3, 6]",0.38333333333333336,0.37,0.013333333333333364,3310,5794,4
phase_a_qwen,hover,summarize_before_budget_proportional_s0,11,reflect,[6],0.41,0.36666666666666664,0.043333333333333335,3622,5887,4
phase_a_qwen,hover,summarize_before_budget_proportional_s0,12,merge,"[1, 6]",0.4033333333333333,0.36666666666666664,0.03666666666666668,3927,5977,4
phase_a_qwen,hover,summarize_before_budget_proportional_s0,13,reflect,[3],0.39,0.37,0.020000000000000018,4251,5821,4
phase_a_qwen,hover,summarize_before_budget_proportional_s0,14,merge,"[10, 13]",0.41333333333333333,0.39,0.023333333333333317,4556,5955,4
phase_a_qwen,hover,summarize_before_budget_proportional_s0,15,reflect,[13],0.36,0.39,-0.030000000000000027,4862,8729,4
phase_a_qwen,hover,summarize_before_budget_proportional_s0,16,merge,"[7, 8]",0.41,0.41333333333333333,-0.003333333333333355,5167,7105,4
phase_a_qwen,hover,summarize_before_budget_proportional_s0,17,reflect,[2],0.35,0.31666666666666665,0.033333333333333326,5509,3437,4
phase_a_qwen,hover,summarize_before_budget_proportional_s0,18,merge,"[2, 9]",0.38,0.37,0.010000000000000009,5814,4387,4
phase_a_qwen,hover,summarize_before_budget_proportional_s0,19,reflect,[11],0.4066666666666667,0.41,-0.0033333333333332993,6132,6898,4
phase_a_qwen,hover,summarize_before_budget_proportional_s0,20,merge,"[6, 16]",0.41333333333333333,0.41,0.003333333333333355,6437,9225,4
phase_a_qwen,hover,summarize_before_budget_proportional_s0,21,reflect,[2],0.3233333333333333,0.31666666666666665,0.006666666666666654,6800,3689,4
phase_a_qwen,hover,summarize_before_immediate_s0,0,seed,[None],0.27,,,0,290,4
phase_a_qwen,hover,summarize_before_immediate_s0,1,reflect,[0],0.3466666666666667,0.27,0.07666666666666666,306,2342,4
phase_a_qwen,hover,summarize_before_immediate_s0,2,reflect,[0],0.31666666666666665,0.27,0.046666666666666634,618,1723,4
phase_a_qwen,hover,summarize_before_immediate_s0,3,merge,"[1, 2]",0.37,0.3466666666666667,0.023333333333333317,923,3775,4
phase_a_qwen,hover,summarize_before_immediate_s0,4,reflect,[1],0.37,0.3466666666666667,0.023333333333333317,1271,4100,4
phase_a_qwen,hover,summarize_before_immediate_s0,5,reflect,[2],0.34,0.31666666666666665,0.023333333333333373,1681,4066,4
phase_a_qwen,hover,summarize_before_immediate_s0,6,merge,"[4, 5]",0.4033333333333333,0.37,0.033333333333333326,1986,5935,4
phase_a_qwen,hover,summarize_before_immediate_s0,7,reflect,[1],0.35333333333333333,0.3466666666666667,0.006666666666666654,2358,3519,4
phase_a_qwen,hover,summarize_before_immediate_s0,8,reflect,[3],0.35,0.37,-0.020000000000000018,2672,6139,4
phase_a_qwen,hover,summarize_before_immediate_s0,9,merge,"[7, 8]",0.3566666666666667,0.35333333333333333,0.003333333333333355,2977,7316,4
phase_a_qwen,hover,summarize_before_immediate_s0,10,reflect,[6],0.3433333333333333,0.4033333333333333,-0.06,3325,7939,4
phase_a_qwen,hover,summarize_before_immediate_s0,11,reflect,[8],0.37,0.35,0.020000000000000018,3801,7753,4
phase_a_qwen,hover,summarize_before_immediate_s0,12,reflect,[7],0.35,0.35333333333333333,-0.003333333333333355,4172,4338,4
phase_a_qwen,hover,summarize_before_immediate_s0,13,merge,"[3, 12]",0.37666666666666665,0.37,0.006666666666666654,4477,4218,4
phase_a_qwen,hover,summarize_before_immediate_s0,14,reflect,[4],0.38,0.37,0.010000000000000009,4813,6559,4
phase_a_qwen,hover,summarize_before_immediate_s0,15,merge,"[7, 10]",0.35333333333333333,0.35333333333333333,0.0,5118,9029,4
phase_a_qwen,hover,summarize_before_immediate_s0,16,reflect,[1],0.38333333333333336,0.3466666666666667,0.03666666666666668,5448,5389,4
phase_a_qwen,hover,summarize_before_immediate_s0,17,merge,"[4, 9]",0.38,0.37,0.010000000000000009,5753,7133,4
phase_a_qwen,hover,summarize_before_immediate_s0,18,reflect,[13],0.35,0.37666666666666665,-0.026666666666666672,6071,6314,4
phase_a_qwen,hover,summarize_before_immediate_s0,19,merge,"[8, 16]",0.4,0.38333333333333336,0.016666666666666663,6376,9186,4
phase_a_qwen,hover,summarize_before_immediate_s0,20,reflect,[13],0.36333333333333334,0.37666666666666665,-0.013333333333333308,6688,6333,4
phase_a_qwen,hover,summarize_before_immediate_s0,21,merge,"[5, 13]",0.37,0.37666666666666665,-0.006666666666666654,6993,6561,4
phase_a_qwen,hover,summarize_before_score_plateau_s0,0,seed,[None],0.27,,,0,290,4
phase_a_qwen,hover,summarize_before_score_plateau_s0,1,reflect,[0],0.3466666666666667,0.27,0.07666666666666666,306,2342,4
phase_a_qwen,hover,summarize_before_score_plateau_s0,2,reflect,[0],0.31666666666666665,0.27,0.046666666666666634,618,1723,4
phase_a_qwen,hover,summarize_before_score_plateau_s0,3,reflect,[1],0.37,0.3466666666666667,0.023333333333333317,972,4100,4
phase_a_qwen,hover,summarize_before_score_plateau_s0,4,reflect,[2],0.3333333333333333,0.31666666666666665,0.016666666666666663,1284,4650,4
phase_a_qwen,hover,summarize_before_score_plateau_s0,5,reflect,[4],0.32666666666666666,0.3333333333333333,-0.006666666666666654,1647,6203,4
phase_a_qwen,hover,summarize_before_score_plateau_s0,6,reflect,[2],0.36666666666666664,0.31666666666666665,0.04999999999999999,1983,3925,4
phase_a_qwen,hover,summarize_before_score_plateau_s0,7,reflect,[3],0.42,0.37,0.04999999999999999,2354,7230,4
phase_a_qwen,hover,summarize_before_score_plateau_s0,8,merge,"[1, 5]",0.38333333333333336,0.3466666666666667,0.03666666666666668,2659,8255,4
phase_a_qwen,hover,summarize_before_score_plateau_s0,9,reflect,[8],0.37666666666666665,0.38333333333333336,-0.00666666666666671,2974,10569,4
phase_a_qwen,hover,summarize_before_score_plateau_s0,10,reflect,[5],0.36,0.32666666666666666,0.033333333333333326,3298,7951,4
phase_a_qwen,hover,summarize_before_score_plateau_s0,11,reflect,[10],0.39,0.36,0.030000000000000027,3604,8333,4
phase_a_qwen,hover,summarize_before_score_plateau_s0,12,merge,"[1, 6]",0.4033333333333333,0.36666666666666664,0.03666666666666668,3909,5977,4
phase_a_qwen,hover,summarize_before_score_plateau_s0,13,reflect,[6],0.36666666666666664,0.36666666666666664,0.0,4263,7044,4
phase_a_qwen,hover,summarize_before_score_plateau_s0,14,reflect,[9],0.38,0.37666666666666665,0.003333333333333355,4626,11639,4
phase_a_qwen,hover,summarize_before_score_plateau_s0,15,reflect,[1],0.37,0.3466666666666667,0.023333333333333317,4944,4647,4
phase_a_qwen,hover,summarize_before_score_plateau_s0,16,merge,"[8, 11]",0.39,0.39,0.0,5249,8637,4
phase_a_qwen,hover,summarize_before_score_plateau_s0,17,reflect,[4],0.37333333333333335,0.3333333333333333,0.040000000000000036,5561,7389,4
phase_a_qwen,hover,summarize_before_score_plateau_s0,18,reflect,[11],0.36,0.39,-0.030000000000000027,5879,8742,4
phase_a_qwen,hover,summarize_before_score_plateau_s0,19,reflect,[3],0.4033333333333333,0.37,0.033333333333333326,6194,7087,4
phase_a_qwen,hover,summarize_before_score_plateau_s0,20,reflect,[11],0.35,0.39,-0.040000000000000036,6505,10646,4
phase_a_qwen,hover,summarize_before_score_plateau_s0,21,merge,"[6, 14]",0.39666666666666667,0.38,0.016666666666666663,6810,9955,4
phase_a_qwen,ifbench,combine_all_budget_proportional_s0,0,seed,[None],0.6016666666666663,,,0,138,2
phase_a_qwen,ifbench,combine_all_budget_proportional_s0,1,reflect,[0],0.691111111111111,0.6016666666666663,0.08944444444444466,309,679,2
phase_a_qwen,ifbench,combine_all_budget_proportional_s0,2,reflect,[0],0.6941666666666665,0.6016666666666663,0.09250000000000014,624,875,2
phase_a_qwen,ifbench,combine_all_budget_proportional_s0,3,reflect,[2],0.6866666666666664,0.6941666666666665,-0.007500000000000062,993,2134,2
phase_a_qwen,ifbench,combine_all_budget_proportional_s0,4,reflect,[0],0.5938888888888887,0.6016666666666663,-0.007777777777777661,1326,1312,2
phase_a_qwen,ifbench,combine_all_budget_proportional_s0,5,reflect,[0],0.7419444444444441,0.6016666666666663,0.14027777777777772,1635,1007,2
phase_a_qwen,ifbench,combine_all_budget_proportional_s0,6,merge,"[3, 5]",0.7916666666666665,0.7419444444444441,0.049722222222222445,1940,3003,2
phase_a_qwen,ifbench,combine_all_budget_proportional_s0,7,reflect,[1],0.8158333333333332,0.691111111111111,0.12472222222222218,2255,2466,2
phase_a_qwen,ifbench,combine_all_budget_proportional_s0,8,merge,"[2, 7]",0.8155555555555554,0.8158333333333332,-0.0002777777777778212,2560,3251,2
phase_a_qwen,ifbench,combine_all_budget_proportional_s0,9,reflect,[2],0.8130555555555554,0.6941666666666665,0.11888888888888893,2881,43492,2
phase_a_qwen,ifbench,combine_all_budget_proportional_s0,10,merge,"[5, 9]",0.8138888888888888,0.8130555555555554,0.0008333333333333526,3186,44507,2
phase_a_qwen,ifbench,combine_all_budget_proportional_s0,11,reflect,[10],0.7997222222222221,0.8138888888888888,-0.01416666666666666,3510,46255,2
phase_a_qwen,ifbench,combine_all_immediate_s0,0,seed,[None],0.603333333333333,,,0,138,2
phase_a_qwen,ifbench,combine_all_immediate_s0,1,reflect,[0],0.691111111111111,0.603333333333333,0.08777777777777795,309,679,2
phase_a_qwen,ifbench,combine_all_immediate_s0,2,reflect,[0],0.6941666666666665,0.603333333333333,0.09083333333333343,624,875,2
phase_a_qwen,ifbench,combine_all_immediate_s0,3,reflect,[2],0.6841666666666665,0.6941666666666665,-0.010000000000000009,996,1974,2
phase_a_qwen,ifbench,combine_all_immediate_s0,4,reflect,[1],0.7072222222222222,0.691111111111111,0.016111111111111187,1302,1531,2
phase_a_qwen,ifbench,combine_all_immediate_s0,5,merge,"[3, 4]",0.7380555555555555,0.7072222222222222,0.030833333333333268,1607,3415,2
phase_a_qwen,ifbench,combine_all_immediate_s0,6,reflect,[0],0.6744444444444443,0.603333333333333,0.07111111111111124,1928,905,2
phase_a_qwen,ifbench,combine_all_immediate_s0,7,reflect,[0],0.2694444444444443,0.603333333333333,-0.33388888888888874,2278,986,2
phase_a_qwen,ifbench,combine_all_immediate_s0,8,reflect,[0],0.6666666666666664,0.603333333333333,0.06333333333333335,2599,3391,2
phase_a_qwen,ifbench,combine_all_immediate_s0,9,reflect,[5],0.7805555555555554,0.7380555555555555,0.04249999999999998,2938,8416,2
phase_a_qwen,ifbench,combine_all_immediate_s0,10,reflect,[1],0.7805555555555556,0.691111111111111,0.08944444444444455,3244,1500,2
phase_a_qwen,ifbench,combine_all_immediate_s0,11,merge,"[5, 10]",0.8155555555555555,0.7805555555555556,0.03499999999999992,3549,4382,2
phase_a_qwen,ifbench,combine_all_score_plateau_s0,0,seed,[None],0.603333333333333,,,0,138,2
phase_a_qwen,ifbench,combine_all_score_plateau_s0,1,reflect,[0],0.691111111111111,0.603333333333333,0.08777777777777795,309,679,2
phase_a_qwen,ifbench,combine_all_score_plateau_s0,2,reflect,[0],0.6941666666666665,0.603333333333333,0.09083333333333343,624,875,2
phase_a_qwen,ifbench,combine_all_score_plateau_s0,3,reflect,[2],0.6866666666666664,0.6941666666666665,-0.007500000000000062,993,2134,2
phase_a_qwen,ifbench,combine_all_score_plateau_s0,4,reflect,[0],0.5913888888888886,0.603333333333333,-0.011944444444444424,1326,1312,2
phase_a_qwen,ifbench,combine_all_score_plateau_s0,5,reflect,[3],0.6416666666666665,0.6866666666666664,-0.04499999999999993,1677,47844,2
phase_a_qwen,ifbench,combine_all_score_plateau_s0,6,reflect,[2],0.8147222222222221,0.6941666666666665,0.12055555555555564,1983,43492,2
phase_a_qwen,ifbench,combine_all_score_plateau_s0,7,merge,"[3, 6]",0.8008333333333332,0.8147222222222221,-0.01388888888888895,2288,45536,2
phase_a_qwen,ifbench,combine_all_score_plateau_s0,8,reflect,[6],0.8063888888888887,0.8147222222222221,-0.008333333333333415,2594,45026,2
phase_a_qwen,ifbench,combine_all_score_plateau_s0,9,reflect,[1],0.7036111111111111,0.691111111111111,0.012500000000000067,3005,2273,2
phase_a_qwen,ifbench,combine_all_score_plateau_s0,10,reflect,[0],0.653611111111111,0.603333333333333,0.05027777777777798,3323,946,2
phase_a_qwen,ifbench,nomerge_s0,0,seed,[None],0.6016666666666663,,,0,138,2
phase_a_qwen,ifbench,nomerge_s0,1,reflect,[0],0.691111111111111,0.6016666666666663,0.08944444444444466,309,679,2
phase_a_qwen,ifbench,nomerge_s0,2,reflect,[0],0.6941666666666665,0.6016666666666663,0.09250000000000014,624,875,2
phase_a_qwen,ifbench,nomerge_s0,3,reflect,[2],0.6866666666666664,0.6941666666666665,-0.007500000000000062,993,2134,2
phase_a_qwen,ifbench,nomerge_s0,4,reflect,[0],0.5913888888888886,0.6016666666666663,-0.010277777777777719,1326,1312,2
phase_a_qwen,ifbench,nomerge_s0,5,reflect,[3],0.6416666666666665,0.6866666666666664,-0.04499999999999993,1677,47844,2
phase_a_qwen,ifbench,nomerge_s0,6,reflect,[1],0.8013888888888888,0.691111111111111,0.11027777777777781,2046,1597,2
phase_a_qwen,ifbench,nomerge_s0,7,reflect,[6],0.8038888888888889,0.8013888888888888,0.0025000000000000577,2514,2658,2
phase_a_qwen,ifbench,nomerge_s0,8,reflect,[3],0.6922222222222221,0.6866666666666664,0.005555555555555647,2829,3728,2
phase_a_qwen,ifbench,nomerge_s0,9,reflect,[1],0.7016666666666664,0.691111111111111,0.01055555555555543,3141,1441,2
phase_a_qwen,ifbench,nomerge_s0,10,reflect,[0],0.44361111111111123,0.6016666666666663,-0.15805555555555512,3504,735,2
phase_a_qwen,ifbench,original_budget_proportional_s0,0,seed,[None],0.603333333333333,,,0,138,2
phase_a_qwen,ifbench,original_budget_proportional_s0,1,reflect,[0],0.691111111111111,0.603333333333333,0.08777777777777795,309,679,2
phase_a_qwen,ifbench,original_budget_proportional_s0,2,reflect,[0],0.6958333333333332,0.603333333333333,0.09250000000000014,624,875,2
phase_a_qwen,ifbench,original_budget_proportional_s0,3,reflect,[2],0.6866666666666664,0.6958333333333332,-0.009166666666666767,993,2134,2
phase_a_qwen,ifbench,original_budget_proportional_s0,4,reflect,[0],0.5913888888888886,0.603333333333333,-0.011944444444444424,1326,1312,2
phase_a_qwen,ifbench,original_budget_proportional_s0,5,reflect,[0],0.7419444444444441,0.603333333333333,0.13861111111111102,1635,1007,2
phase_a_qwen,ifbench,original_budget_proportional_s0,6,merge,"[3, 5]",0.7916666666666665,0.7419444444444441,0.049722222222222445,1940,3003,2
phase_a_qwen,ifbench,original_budget_proportional_s0,7,reflect,[1],0.8158333333333332,0.691111111111111,0.12472222222222218,2255,2466,2
phase_a_qwen,ifbench,original_budget_proportional_s0,8,merge,"[2, 7]",0.8158333333333332,0.8158333333333332,0.0,2560,2466,2
phase_a_qwen,ifbench,original_budget_proportional_s0,9,reflect,[2],0.8130555555555554,0.6958333333333332,0.11722222222222223,2881,43492,2
phase_a_qwen,ifbench,original_budget_proportional_s0,10,merge,"[5, 9]",0.8130555555555554,0.8130555555555554,0.0,3186,43492,2
phase_a_qwen,ifbench,original_budget_proportional_s0,11,reflect,[6],0.7719444444444443,0.7916666666666665,-0.019722222222222197,3534,44258,2
phase_a_qwen,ifbench,original_immediate_s0,0,seed,[None],0.6016666666666663,,,0,138,2
phase_a_qwen,ifbench,original_immediate_s0,1,reflect,[0],0.6902777777777778,0.6016666666666663,0.08861111111111142,309,679,2
phase_a_qwen,ifbench,original_immediate_s0,2,reflect,[0],0.6941666666666665,0.6016666666666663,0.09250000000000014,624,875,2
phase_a_qwen,ifbench,original_immediate_s0,3,reflect,[2],0.6874999999999998,0.6941666666666665,-0.00666666666666671,996,1974,2
phase_a_qwen,ifbench,original_immediate_s0,4,reflect,[1],0.7072222222222222,0.6902777777777778,0.01694444444444443,1302,1531,2
phase_a_qwen,ifbench,original_immediate_s0,5,merge,"[3, 4]",0.7072222222222222,0.7072222222222222,0.0,1607,1531,2
phase_a_qwen,ifbench,original_immediate_s0,6,reflect,[0],0.6744444444444443,0.6016666666666663,0.07277777777777794,1928,905,2
phase_a_qwen,ifbench,original_immediate_s0,7,merge,"[5, 6]",0.7072222222222222,0.7072222222222222,0.0,2233,1531,2
phase_a_qwen,ifbench,original_immediate_s0,8,reflect,[2],0.7230555555555553,0.6941666666666665,0.028888888888888853,2545,2317,2
phase_a_qwen,ifbench,original_immediate_s0,9,merge,"[1, 8]",0.7230555555555553,0.7230555555555553,0.0,2850,2317,2
phase_a_qwen,ifbench,original_immediate_s0,10,reflect,[0],0.573888888888889,0.6016666666666663,-0.027777777777777346,3177,2874,2
phase_a_qwen,ifbench,original_immediate_s0,11,merge,"[7, 9]",0.7236111111111111,0.7230555555555553,0.0005555555555557534,3482,2121,2
phase_a_qwen,ifbench,original_score_plateau_s0,0,seed,[None],0.6016666666666663,,,0,138,2
phase_a_qwen,ifbench,original_score_plateau_s0,1,reflect,[0],0.691111111111111,0.6016666666666663,0.08944444444444466,309,679,2
phase_a_qwen,ifbench,original_score_plateau_s0,2,reflect,[0],0.6941666666666665,0.6016666666666663,0.09250000000000014,624,875,2
phase_a_qwen,ifbench,original_score_plateau_s0,3,reflect,[2],0.6866666666666664,0.6941666666666665,-0.007500000000000062,993,2134,2
phase_a_qwen,ifbench,original_score_plateau_s0,4,reflect,[0],0.5913888888888886,0.6016666666666663,-0.010277777777777719,1326,1312,2
phase_a_qwen,ifbench,original_score_plateau_s0,5,reflect,[3],0.6416666666666665,0.6866666666666664,-0.04499999999999993,1677,47844,2
phase_a_qwen,ifbench,original_score_plateau_s0,6,reflect,[2],0.8074999999999998,0.6941666666666665,0.11333333333333329,1983,1667,2
phase_a_qwen,ifbench,original_score_plateau_s0,7,merge,"[5, 6]",0.8074999999999998,0.8074999999999998,0.0,2288,1667,2
phase_a_qwen,ifbench,original_score_plateau_s0,8,reflect,[1],0.6366666666666666,0.691111111111111,-0.054444444444444406,2606,2970,2
phase_a_qwen,ifbench,original_score_plateau_s0,9,reflect,[8],0.6174999999999998,0.6366666666666666,-0.019166666666666776,2972,40087,2
phase_a_qwen,ifbench,original_score_plateau_s0,10,reflect,[9],0.771111111111111,0.6174999999999998,0.15361111111111114,3281,41811,2
phase_a_qwen,ifbench,original_score_plateau_s0,11,merge,"[3, 10]",0.771111111111111,0.771111111111111,0.0,3586,41811,2
phase_a_qwen,ifbench,summarize_before_budget_proportional_s0,0,seed,[None],0.6016666666666663,,,0,138,2
phase_a_qwen,ifbench,summarize_before_budget_proportional_s0,1,reflect,[0],0.691111111111111,0.6016666666666663,0.08944444444444466,309,679,2
phase_a_qwen,ifbench,summarize_before_budget_proportional_s0,2,reflect,[0],0.6941666666666665,0.6016666666666663,0.09250000000000014,624,875,2
phase_a_qwen,ifbench,summarize_before_budget_proportional_s0,3,reflect,[2],0.6866666666666664,0.6941666666666665,-0.007500000000000062,993,2134,2
phase_a_qwen,ifbench,summarize_before_budget_proportional_s0,4,reflect,[0],0.5913888888888886,0.6016666666666663,-0.010277777777777719,1326,1312,2
phase_a_qwen,ifbench,summarize_before_budget_proportional_s0,5,reflect,[0],0.7419444444444441,0.6016666666666663,0.14027777777777772,1635,1007,2
phase_a_qwen,ifbench,summarize_before_budget_proportional_s0,6,merge,"[3, 5]",0.7916666666666665,0.7419444444444441,0.049722222222222445,1940,3003,2
phase_a_qwen,ifbench,summarize_before_budget_proportional_s0,7,reflect,[1],0.8158333333333332,0.691111111111111,0.12472222222222218,2255,2466,2
phase_a_qwen,ifbench,summarize_before_budget_proportional_s0,8,merge,"[2, 7]",0.823333333333333,0.8158333333333332,0.00749999999999984,2560,2878,2
phase_a_qwen,ifbench,summarize_before_budget_proportional_s0,9,reflect,[2],0.8130555555555554,0.6941666666666665,0.11888888888888893,2881,43492,2
phase_a_qwen,ifbench,summarize_before_budget_proportional_s0,10,merge,"[5, 8]",0.8274999999999997,0.823333333333333,0.004166666666666652,3186,3593,2
phase_a_qwen,ifbench,summarize_before_budget_proportional_s0,11,reflect,[9],0.8047222222222221,0.8130555555555554,-0.008333333333333304,3492,45026,2
phase_a_qwen,ifbench,summarize_before_immediate_s0,0,seed,[None],0.6016666666666663,,,0,138,2
phase_a_qwen,ifbench,summarize_before_immediate_s0,1,reflect,[0],0.691111111111111,0.6016666666666663,0.08944444444444466,309,679,2
phase_a_qwen,ifbench,summarize_before_immediate_s0,2,reflect,[0],0.6941666666666665,0.6016666666666663,0.09250000000000014,624,875,2
phase_a_qwen,ifbench,summarize_before_immediate_s0,3,reflect,[2],0.6841666666666665,0.6941666666666665,-0.010000000000000009,996,1974,2
phase_a_qwen,ifbench,summarize_before_immediate_s0,4,reflect,[1],0.7072222222222222,0.691111111111111,0.016111111111111187,1302,1531,2
phase_a_qwen,ifbench,summarize_before_immediate_s0,5,merge,"[3, 4]",0.7216666666666665,0.7072222222222222,0.01444444444444426,1607,2917,2
phase_a_qwen,ifbench,summarize_before_immediate_s0,6,reflect,[5],0.7172222222222222,0.7216666666666665,-0.004444444444444251,1934,3716,2
phase_a_qwen,ifbench,summarize_before_immediate_s0,7,reflect,[1],0.7905555555555556,0.691111111111111,0.09944444444444456,2245,1355,2
phase_a_qwen,ifbench,summarize_before_immediate_s0,8,merge,"[2, 7]",0.8122222222222221,0.7905555555555556,0.0216666666666665,2550,1767,2
phase_a_qwen,ifbench,summarize_before_immediate_s0,9,reflect,[2],0.8130555555555554,0.6941666666666665,0.11888888888888893,2874,43492,2
phase_a_qwen,ifbench,summarize_before_immediate_s0,10,merge,"[6, 9]",0.7611111111111111,0.8130555555555554,-0.05194444444444435,3179,38328,2
phase_a_qwen,ifbench,summarize_before_immediate_s0,11,reflect,[8],0.7999999999999998,0.8122222222222221,-0.012222222222222245,3509,3730,2
phase_a_qwen,ifbench,summarize_before_score_plateau_s0,0,seed,[None],0.6016666666666663,,,0,138,2
phase_a_qwen,ifbench,summarize_before_score_plateau_s0,1,reflect,[0],0.691111111111111,0.6016666666666663,0.08944444444444466,309,679,2
phase_a_qwen,ifbench,summarize_before_score_plateau_s0,2,reflect,[0],0.6958333333333332,0.6016666666666663,0.09416666666666684,624,875,2
phase_a_qwen,ifbench,summarize_before_score_plateau_s0,3,reflect,[2],0.6866666666666664,0.6958333333333332,-0.009166666666666767,993,2134,2
phase_a_qwen,ifbench,summarize_before_score_plateau_s0,4,reflect,[0],0.5930555555555553,0.6016666666666663,-0.008611111111111014,1326,1312,2
phase_a_qwen,ifbench,summarize_before_score_plateau_s0,5,reflect,[3],0.6416666666666665,0.6866666666666664,-0.04499999999999993,1677,47844,2
phase_a_qwen,ifbench,summarize_before_score_plateau_s0,6,reflect,[2],0.8130555555555554,0.6958333333333332,0.11722222222222223,1983,43492,2
phase_a_qwen,ifbench,summarize_before_score_plateau_s0,7,merge,"[3, 6]",0.8016666666666665,0.8130555555555554,-0.011388888888888893,2288,44751,2
phase_a_qwen,ifbench,summarize_before_score_plateau_s0,8,reflect,[6],0.8102777777777777,0.8130555555555554,-0.002777777777777768,2651,44390,2
phase_a_qwen,ifbench,summarize_before_score_plateau_s0,9,reflect,[0],0.6597222222222221,0.6016666666666663,0.05805555555555575,3017,721,2
phase_a_qwen,ifbench,summarize_before_score_plateau_s0,10,reflect,[6],0.8063888888888888,0.8130555555555554,-0.006666666666666599,3362,44694,2
phase_a_qwen,hotpotqa,combine_all_budget_proportional_s0,0,seed,[None],0.41333333333333333,,,0,303,4
phase_a_qwen,hotpotqa,combine_all_budget_proportional_s0,1,reflect,[0],0.4266666666666667,0.41333333333333333,0.013333333333333364,324,3478,4
phase_a_qwen,hotpotqa,combine_all_budget_proportional_s0,2,reflect,[1],0.38666666666666666,0.4266666666666667,-0.040000000000000036,681,5744,4
phase_a_qwen,hotpotqa,combine_all_budget_proportional_s0,3,reflect,[1],0.4266666666666667,0.4266666666666667,0.0,1035,5056,4
phase_a_qwen,hotpotqa,combine_all_budget_proportional_s0,4,reflect,[0],0.3233333333333333,0.41333333333333333,-0.09000000000000002,1377,1822,4
phase_a_qwen,hotpotqa,combine_all_budget_proportional_s0,5,reflect,[1],0.4033333333333333,0.4266666666666667,-0.023333333333333373,1689,5782,4
phase_a_qwen,hotpotqa,combine_all_budget_proportional_s0,6,reflect,[5],0.39666666666666667,0.4033333333333333,-0.006666666666666654,2250,7290,4
phase_a_qwen,hotpotqa,combine_all_budget_proportional_s0,7,reflect,[0],0.39666666666666667,0.41333333333333333,-0.016666666666666663,2724,1756,4
phase_a_qwen,hotpotqa,combine_all_budget_proportional_s0,8,reflect,[0],0.47,0.41333333333333333,0.05666666666666664,3045,1965,4
phase_a_qwen,hotpotqa,combine_all_budget_proportional_s0,9,merge,"[3, 8]",0.48333333333333334,0.47,0.013333333333333364,3350,6718,4
phase_a_qwen,hotpotqa,combine_all_budget_proportional_s0,10,reflect,[8],0.47333333333333333,0.47,0.003333333333333355,3686,3822,4
phase_a_qwen,hotpotqa,combine_all_budget_proportional_s0,11,reflect,[9],0.4666666666666667,0.48333333333333334,-0.016666666666666663,3997,8710,4
phase_a_qwen,hotpotqa,combine_all_budget_proportional_s0,12,merge,"[10, 11]",0.45666666666666667,0.47333333333333333,-0.016666666666666663,4302,10664,4
phase_a_qwen,hotpotqa,combine_all_budget_proportional_s0,13,reflect,[2],0.3933333333333333,0.38666666666666666,0.006666666666666654,4614,7222,4
phase_a_qwen,hotpotqa,combine_all_budget_proportional_s0,14,reflect,[5],0.41,0.4033333333333333,0.006666666666666654,4920,6701,4
phase_a_qwen,hotpotqa,combine_all_budget_proportional_s0,15,reflect,[14],0.5066666666666667,0.41,0.09666666666666673,5559,8454,4
phase_a_qwen,hotpotqa,combine_all_budget_proportional_s0,16,merge,"[9, 15]",0.49666666666666665,0.5066666666666667,-0.010000000000000064,5864,11902,4
phase_a_qwen,hotpotqa,combine_all_budget_proportional_s0,17,reflect,[12],0.4533333333333333,0.45666666666666667,-0.003333333333333355,6170,12256,4
phase_a_qwen,hotpotqa,combine_all_budget_proportional_s0,18,merge,"[10, 15]",0.49333333333333335,0.5066666666666667,-0.013333333333333364,6475,12181,4
phase_a_qwen,hotpotqa,combine_all_budget_proportional_s0,19,reflect,[11],0.4533333333333333,0.4666666666666667,-0.013333333333333364,6865,9736,4
phase_a_qwen,hotpotqa,combine_all_immediate_s0,0,seed,[None],0.41333333333333333,,,0,303,4
phase_a_qwen,hotpotqa,combine_all_immediate_s0,1,reflect,[0],0.4266666666666667,0.41333333333333333,0.013333333333333364,324,3478,4
phase_a_qwen,hotpotqa,combine_all_immediate_s0,2,reflect,[1],0.38666666666666666,0.4266666666666667,-0.040000000000000036,681,5744,4
phase_a_qwen,hotpotqa,combine_all_immediate_s0,3,reflect,[1],0.42333333333333334,0.4266666666666667,-0.003333333333333355,1023,5595,4
phase_a_qwen,hotpotqa,combine_all_immediate_s0,4,reflect,[2],0.46,0.38666666666666666,0.07333333333333336,1389,7631,4
phase_a_qwen,hotpotqa,combine_all_immediate_s0,5,merge,"[3, 4]",0.45,0.46,-0.010000000000000009,1694,9846,4
phase_a_qwen,hotpotqa,combine_all_immediate_s0,6,reflect,[1],0.5266666666666666,0.4266666666666667,0.09999999999999992,2471,5174,4
phase_a_qwen,hotpotqa,combine_all_immediate_s0,7,merge,"[3, 6]",0.5166666666666667,0.5266666666666666,-0.009999999999999898,2776,7291,4
phase_a_qwen,hotpotqa,combine_all_immediate_s0,8,reflect,[5],0.45,0.45,0.0,3145,10849,4
phase_a_qwen,hotpotqa,combine_all_immediate_s0,9,merge,"[6, 8]",0.47333333333333333,0.5266666666666666,-0.05333333333333329,3450,12656,4
phase_a_qwen,hotpotqa,combine_all_immediate_s0,10,reflect,[6],0.5066666666666667,0.5266666666666666,-0.019999999999999907,3993,7368,4
phase_a_qwen,hotpotqa,combine_all_immediate_s0,11,reflect,[10],0.5233333333333333,0.5066666666666667,0.016666666666666607,4580,9108,4
phase_a_qwen,hotpotqa,combine_all_immediate_s0,12,merge,"[9, 11]",0.49,0.5233333333333333,-0.033333333333333326,4885,18495,4
phase_a_qwen,hotpotqa,combine_all_immediate_s0,13,reflect,[6],0.5333333333333333,0.5266666666666666,0.00666666666666671,5203,5797,4
phase_a_qwen,hotpotqa,combine_all_immediate_s0,14,reflect,[7],0.5233333333333333,0.5166666666666667,0.006666666666666599,5664,8116,4
phase_a_qwen,hotpotqa,combine_all_immediate_s0,15,merge,"[7, 12]",0.49333333333333335,0.5166666666666667,-0.023333333333333373,5969,20302,4
phase_a_qwen,hotpotqa,combine_all_immediate_s0,16,reflect,[15],0.49,0.49333333333333335,-0.003333333333333355,6305,22052,4
phase_a_qwen,hotpotqa,combine_all_immediate_s0,17,merge,"[11, 13]",0.5266666666666666,0.5333333333333333,-0.00666666666666671,6610,9731,4
phase_a_qwen,hotpotqa,combine_all_score_plateau_s0,0,seed,[None],0.41333333333333333,,,0,303,4
phase_a_qwen,hotpotqa,combine_all_score_plateau_s0,1,reflect,[0],0.4266666666666667,0.41333333333333333,0.013333333333333364,324,3478,4
phase_a_qwen,hotpotqa,combine_all_score_plateau_s0,2,reflect,[1],0.38666666666666666,0.4266666666666667,-0.040000000000000036,681,5744,4
phase_a_qwen,hotpotqa,combine_all_score_plateau_s0,3,reflect,[1],0.4266666666666667,0.4266666666666667,0.0,1035,5056,4
phase_a_qwen,hotpotqa,combine_all_score_plateau_s0,4,reflect,[0],0.3233333333333333,0.41333333333333333,-0.09000000000000002,1377,1822,4
phase_a_qwen,hotpotqa,combine_all_score_plateau_s0,5,reflect,[1],0.4066666666666667,0.4266666666666667,-0.020000000000000018,1701,5167,4
phase_a_qwen,hotpotqa,combine_all_score_plateau_s0,6,reflect,[5],0.41333333333333333,0.4066666666666667,0.006666666666666654,2058,6982,4
phase_a_qwen,hotpotqa,combine_all_score_plateau_s0,7,reflect,[0],0.38,0.41333333333333333,-0.033333333333333326,2399,2869,4
phase_a_qwen,hotpotqa,combine_all_score_plateau_s0,8,reflect,[6],0.38,0.41333333333333333,-0.033333333333333326,2981,7323,4
phase_a_qwen,hotpotqa,combine_all_score_plateau_s0,9,reflect,[2],0.3933333333333333,0.38666666666666666,0.006666666666666654,3452,6301,4
phase_a_qwen,hotpotqa,combine_all_score_plateau_s0,10,reflect,[3],0.41,0.4266666666666667,-0.01666666666666672,3809,7521,4
phase_a_qwen,hotpotqa,combine_all_score_plateau_s0,11,reflect,[6],0.25333333333333335,0.41333333333333333,-0.15999999999999998,4196,9177,4
phase_a_qwen,hotpotqa,combine_all_score_plateau_s0,12,reflect,[7],0.48333333333333334,0.38,0.10333333333333333,4568,4794,4
phase_a_qwen,hotpotqa,combine_all_score_plateau_s0,13,merge,"[3, 12]",0.5233333333333333,0.48333333333333334,0.03999999999999998,4873,9547,4
phase_a_qwen,hotpotqa,combine_all_score_plateau_s0,14,reflect,[3],0.4266666666666667,0.4266666666666667,0.0,5248,7414,4
phase_a_qwen,hotpotqa,combine_all_score_plateau_s0,15,merge,"[6, 14]",0.39666666666666667,0.4266666666666667,-0.030000000000000027,5553,11016,4
phase_a_qwen,hotpotqa,combine_all_score_plateau_s0,16,reflect,[13],0.5166666666666667,0.5233333333333333,-0.006666666666666599,6003,10672,4
phase_a_qwen,hotpotqa,combine_all_score_plateau_s0,17,merge,"[6, 12]",0.4766666666666667,0.48333333333333334,-0.006666666666666654,6308,11571,4
phase_a_qwen,hotpotqa,combine_all_score_plateau_s0,18,reflect,[13],0.5133333333333333,0.5233333333333333,-0.010000000000000009,6719,11034,4
phase_a_qwen,hotpotqa,nomerge_s0,0,seed,[None],0.41333333333333333,,,0,303,4
phase_a_qwen,hotpotqa,nomerge_s0,1,reflect,[0],0.4266666666666667,0.41333333333333333,0.013333333333333364,324,3478,4
phase_a_qwen,hotpotqa,nomerge_s0,2,reflect,[1],0.38666666666666666,0.4266666666666667,-0.040000000000000036,681,5744,4
phase_a_qwen,hotpotqa,nomerge_s0,3,reflect,[1],0.4266666666666667,0.4266666666666667,0.0,1035,5056,4
phase_a_qwen,hotpotqa,nomerge_s0,4,reflect,[0],0.3233333333333333,0.41333333333333333,-0.09000000000000002,1377,1822,4
phase_a_qwen,hotpotqa,nomerge_s0,5,reflect,[1],0.4033333333333333,0.4266666666666667,-0.023333333333333373,1689,5782,4
phase_a_qwen,hotpotqa,nomerge_s0,6,reflect,[5],0.39666666666666667,0.4033333333333333,-0.006666666666666654,2250,7290,4
phase_a_qwen,hotpotqa,nomerge_s0,7,reflect,[0],0.38,0.41333333333333333,-0.033333333333333326,2793,2314,4
phase_a_qwen,hotpotqa,nomerge_s0,8,reflect,[5],0.4,0.4033333333333333,-0.0033333333333332993,3153,7118,4
phase_a_qwen,hotpotqa,nomerge_s0,9,reflect,[5],0.49,0.4033333333333333,0.08666666666666667,3477,7498,4
phase_a_qwen,hotpotqa,nomerge_s0,10,reflect,[2],0.4,0.38666666666666666,0.013333333333333364,3828,6476,4
phase_a_qwen,hotpotqa,nomerge_s0,11,reflect,[0],0.37,0.41333333333333333,-0.043333333333333335,4302,2709,4
phase_a_qwen,hotpotqa,nomerge_s0,12,reflect,[9],0.4866666666666667,0.49,-0.0033333333333332993,4674,9293,4
phase_a_qwen,hotpotqa,nomerge_s0,13,reflect,[9],0.5,0.49,0.010000000000000009,5049,8028,4
phase_a_qwen,hotpotqa,nomerge_s0,14,reflect,[3],0.4166666666666667,0.4266666666666667,-0.010000000000000009,5409,7209,4
phase_a_qwen,hotpotqa,nomerge_s0,15,reflect,[3],0.5333333333333333,0.4266666666666667,0.10666666666666663,5790,6758,4
phase_a_qwen,hotpotqa,nomerge_s0,16,reflect,[11],0.3566666666666667,0.37,-0.013333333333333308,6237,4229,4
phase_a_qwen,hotpotqa,nomerge_s0,17,reflect,[13],0.51,0.5,0.010000000000000009,6678,8946,4
phase_a_qwen,hotpotqa,original_budget_proportional_s0,0,seed,[None],0.41333333333333333,,,0,303,4
phase_a_qwen,hotpotqa,original_budget_proportional_s0,1,reflect,[0],0.4266666666666667,0.41333333333333333,0.013333333333333364,324,3478,4
phase_a_qwen,hotpotqa,original_budget_proportional_s0,2,reflect,[1],0.38666666666666666,0.4266666666666667,-0.040000000000000036,681,5744,4
phase_a_qwen,hotpotqa,original_budget_proportional_s0,3,reflect,[1],0.4266666666666667,0.4266666666666667,0.0,1035,5056,4
phase_a_qwen,hotpotqa,original_budget_proportional_s0,4,reflect,[0],0.3233333333333333,0.41333333333333333,-0.09000000000000002,1377,1822,4
phase_a_qwen,hotpotqa,original_budget_proportional_s0,5,reflect,[1],0.4033333333333333,0.4266666666666667,-0.023333333333333373,1689,5782,4
phase_a_qwen,hotpotqa,original_budget_proportional_s0,6,reflect,[5],0.39666666666666667,0.4033333333333333,-0.006666666666666654,2250,7290,4
phase_a_qwen,hotpotqa,original_budget_proportional_s0,7,reflect,[0],0.39666666666666667,0.41333333333333333,-0.016666666666666663,2724,1756,4
phase_a_qwen,hotpotqa,original_budget_proportional_s0,8,reflect,[0],0.47,0.41333333333333333,0.05666666666666664,3045,1965,4
phase_a_qwen,hotpotqa,original_budget_proportional_s0,9,merge,"[3, 8]",0.48333333333333334,0.47,0.013333333333333364,3350,6718,4
phase_a_qwen,hotpotqa,original_budget_proportional_s0,10,reflect,[8],0.47333333333333333,0.47,0.003333333333333355,3686,3822,4
phase_a_qwen,hotpotqa,original_budget_proportional_s0,11,merge,"[9, 10]",0.48333333333333334,0.48333333333333334,0.0,3991,6718,4
phase_a_qwen,hotpotqa,original_budget_proportional_s0,12,reflect,[2],0.3933333333333333,0.38666666666666666,0.006666666666666654,4312,7222,4
phase_a_qwen,hotpotqa,original_budget_proportional_s0,13,reflect,[12],0.38666666666666666,0.3933333333333333,-0.006666666666666654,4624,7831,4
phase_a_qwen,hotpotqa,original_budget_proportional_s0,14,reflect,[11],0.44333333333333336,0.48333333333333334,-0.03999999999999998,5020,9329,4
phase_a_qwen,hotpotqa,original_budget_proportional_s0,15,reflect,[13],0.37666666666666665,0.38666666666666666,-0.010000000000000009,5419,9103,4
phase_a_qwen,hotpotqa,original_budget_proportional_s0,16,reflect,[14],0.44666666666666666,0.44333333333333336,0.0033333333333332993,5773,11017,4
phase_a_qwen,hotpotqa,original_budget_proportional_s0,17,reflect,[11],0.44333333333333336,0.48333333333333334,-0.03999999999999998,6262,8778,4
phase_a_qwen,hotpotqa,original_budget_proportional_s0,18,reflect,[5],0.41,0.4033333333333333,0.006666666666666654,6574,6150,4
phase_a_qwen,hotpotqa,original_immediate_s0,0,seed,[None],0.41333333333333333,,,0,303,4
phase_a_qwen,hotpotqa,original_immediate_s0,1,reflect,[0],0.4266666666666667,0.41333333333333333,0.013333333333333364,324,3478,4
phase_a_qwen,hotpotqa,original_immediate_s0,2,reflect,[1],0.38666666666666666,0.4266666666666667,-0.040000000000000036,681,5744,4
phase_a_qwen,hotpotqa,original_immediate_s0,3,reflect,[1],0.42333333333333334,0.4266666666666667,-0.003333333333333355,1023,5595,4
phase_a_qwen,hotpotqa,original_immediate_s0,4,reflect,[2],0.46,0.38666666666666666,0.07333333333333336,1389,7631,4
phase_a_qwen,hotpotqa,original_immediate_s0,5,merge,"[3, 4]",0.46,0.46,0.0,1694,7631,4
phase_a_qwen,hotpotqa,original_immediate_s0,6,reflect,[0],0.43333333333333335,0.41333333333333333,0.020000000000000018,2087,1582,4
phase_a_qwen,hotpotqa,original_immediate_s0,7,merge,"[5, 6]",0.46,0.46,0.0,2392,7631,4
phase_a_qwen,hotpotqa,original_immediate_s0,8,reflect,[6],0.42,0.43333333333333335,-0.013333333333333364,2698,3299,4
phase_a_qwen,hotpotqa,original_immediate_s0,9,merge,"[7, 8]",0.44666666666666666,0.46,-0.013333333333333364,3003,9348,4
phase_a_qwen,hotpotqa,original_immediate_s0,10,reflect,[9],0.45,0.44666666666666666,0.003333333333333355,3315,10496,4
phase_a_qwen,hotpotqa,original_immediate_s0,11,merge,"[3, 6]",0.42333333333333334,0.43333333333333335,-0.010000000000000009,3620,3699,4
phase_a_qwen,hotpotqa,original_immediate_s0,12,reflect,[9],0.47,0.44666666666666666,0.023333333333333317,3938,11182,4
phase_a_qwen,hotpotqa,original_immediate_s0,13,merge,"[10, 11]",0.4633333333333333,0.45,0.013333333333333308,4243,8600,4
phase_a_qwen,hotpotqa,original_immediate_s0,14,reflect,[11],0.42,0.42333333333333334,-0.003333333333333355,4573,4245,4
phase_a_qwen,hotpotqa,original_immediate_s0,15,merge,"[9, 14]",0.44666666666666666,0.44666666666666666,0.0,4878,9348,4
phase_a_qwen,hotpotqa,original_immediate_s0,16,reflect,[8],0.47333333333333333,0.42,0.053333333333333344,5244,5538,4
phase_a_qwen,hotpotqa,original_immediate_s0,17,reflect,[3],0.4166666666666667,0.42333333333333334,-0.006666666666666654,5606,7281,4
phase_a_qwen,hotpotqa,original_immediate_s0,18,merge,"[11, 17]",0.4166666666666667,0.42333333333333334,-0.006666666666666654,5911,5385,4
phase_a_qwen,hotpotqa,original_immediate_s0,19,reflect,[14],0.35,0.42,-0.07,6490,5797,4
phase_a_qwen,hotpotqa,original_immediate_s0,20,reflect,[13],0.4633333333333333,0.4633333333333333,0.0,6801,9420,4
phase_a_qwen,hotpotqa,original_score_plateau_s0,0,seed,[None],0.41333333333333333,,,0,303,4
phase_a_qwen,hotpotqa,original_score_plateau_s0,1,reflect,[0],0.4266666666666667,0.41333333333333333,0.013333333333333364,324,3478,4
phase_a_qwen,hotpotqa,original_score_plateau_s0,2,reflect,[1],0.38666666666666666,0.4266666666666667,-0.040000000000000036,681,5744,4
phase_a_qwen,hotpotqa,original_score_plateau_s0,3,reflect,[1],0.4266666666666667,0.4266666666666667,0.0,1035,5056,4
phase_a_qwen,hotpotqa,original_score_plateau_s0,4,reflect,[0],0.3233333333333333,0.41333333333333333,-0.09000000000000002,1377,1822,4
phase_a_qwen,hotpotqa,original_score_plateau_s0,5,reflect,[1],0.4066666666666667,0.4266666666666667,-0.020000000000000018,1701,5167,4
phase_a_qwen,hotpotqa,original_score_plateau_s0,6,reflect,[5],0.41333333333333333,0.4066666666666667,0.006666666666666654,2058,6982,4
phase_a_qwen,hotpotqa,original_score_plateau_s0,7,reflect,[0],0.38,0.41333333333333333,-0.033333333333333326,2399,2869,4
phase_a_qwen,hotpotqa,original_score_plateau_s0,8,reflect,[6],0.38,0.41333333333333333,-0.033333333333333326,2981,7323,4
phase_a_qwen,hotpotqa,original_score_plateau_s0,9,reflect,[2],0.3933333333333333,0.38666666666666666,0.006666666666666654,3452,6301,4
phase_a_qwen,hotpotqa,original_score_plateau_s0,10,reflect,[3],0.41,0.4266666666666667,-0.01666666666666672,3809,7521,4
phase_a_qwen,hotpotqa,original_score_plateau_s0,11,reflect,[6],0.25333333333333335,0.41333333333333333,-0.15999999999999998,4196,9177,4
phase_a_qwen,hotpotqa,original_score_plateau_s0,12,reflect,[7],0.48333333333333334,0.38,0.10333333333333333,4568,4794,4
phase_a_qwen,hotpotqa,original_score_plateau_s0,13,merge,"[3, 12]",0.5233333333333333,0.48333333333333334,0.03999999999999998,4873,9547,4
phase_a_qwen,hotpotqa,original_score_plateau_s0,14,reflect,[3],0.4266666666666667,0.4266666666666667,0.0,5248,7414,4
phase_a_qwen,hotpotqa,original_score_plateau_s0,15,merge,"[6, 14]",0.4266666666666667,0.4266666666666667,0.0,5553,7414,4
phase_a_qwen,hotpotqa,original_score_plateau_s0,16,reflect,[3],0.53,0.4266666666666667,0.10333333333333333,5895,6572,4
phase_a_qwen,hotpotqa,original_score_plateau_s0,17,merge,"[6, 16]",0.5466666666666666,0.53,0.016666666666666607,6200,10076,4
phase_a_qwen,hotpotqa,original_score_plateau_s0,18,reflect,[16],0.5166666666666667,0.53,-0.013333333333333308,6506,8341,4
phase_a_qwen,hotpotqa,original_score_plateau_s0,19,reflect,[16],0.5366666666666666,0.53,0.006666666666666599,6842,7534,4
phase_a_qwen,hotpotqa,summarize_before_budget_proportional_s0,0,seed,[None],0.41333333333333333,,,0,303,4
phase_a_qwen,hotpotqa,summarize_before_budget_proportional_s0,1,reflect,[0],0.4266666666666667,0.41333333333333333,0.013333333333333364,324,3478,4
phase_a_qwen,hotpotqa,summarize_before_budget_proportional_s0,2,reflect,[1],0.38666666666666666,0.4266666666666667,-0.040000000000000036,681,5744,4
phase_a_qwen,hotpotqa,summarize_before_budget_proportional_s0,3,reflect,[1],0.4266666666666667,0.4266666666666667,0.0,1035,5056,4
phase_a_qwen,hotpotqa,summarize_before_budget_proportional_s0,4,reflect,[0],0.3233333333333333,0.41333333333333333,-0.09000000000000002,1377,1822,4
phase_a_qwen,hotpotqa,summarize_before_budget_proportional_s0,5,reflect,[1],0.4033333333333333,0.4266666666666667,-0.023333333333333373,1689,5782,4
phase_a_qwen,hotpotqa,summarize_before_budget_proportional_s0,6,reflect,[5],0.39666666666666667,0.4033333333333333,-0.006666666666666654,2250,7290,4
phase_a_qwen,hotpotqa,summarize_before_budget_proportional_s0,7,reflect,[0],0.39666666666666667,0.41333333333333333,-0.016666666666666663,2724,1756,4
phase_a_qwen,hotpotqa,summarize_before_budget_proportional_s0,8,reflect,[0],0.47,0.41333333333333333,0.05666666666666664,3045,1965,4
phase_a_qwen,hotpotqa,summarize_before_budget_proportional_s0,9,merge,"[3, 8]",0.48333333333333334,0.47,0.013333333333333364,3350,6718,4
phase_a_qwen,hotpotqa,summarize_before_budget_proportional_s0,10,reflect,[8],0.47333333333333333,0.47,0.003333333333333355,3686,3822,4
phase_a_qwen,hotpotqa,summarize_before_budget_proportional_s0,11,reflect,[9],0.4666666666666667,0.48333333333333334,-0.016666666666666663,3997,8710,4
phase_a_qwen,hotpotqa,summarize_before_budget_proportional_s0,12,merge,"[10, 11]",0.46,0.47333333333333333,-0.013333333333333308,4302,8989,4
phase_a_qwen,hotpotqa,summarize_before_budget_proportional_s0,13,reflect,[2],0.3933333333333333,0.38666666666666666,0.006666666666666654,4614,7222,4
phase_a_qwen,hotpotqa,summarize_before_budget_proportional_s0,14,reflect,[5],0.41,0.4033333333333333,0.006666666666666654,4920,6701,4
phase_a_qwen,hotpotqa,summarize_before_budget_proportional_s0,15,reflect,[14],0.5066666666666667,0.41,0.09666666666666673,5559,8454,4
phase_a_qwen,hotpotqa,summarize_before_budget_proportional_s0,16,merge,"[9, 15]",0.49333333333333335,0.5066666666666667,-0.013333333333333364,5864,9613,4
phase_a_qwen,hotpotqa,summarize_before_budget_proportional_s0,17,reflect,[12],0.45,0.46,-0.010000000000000009,6170,10581,4
phase_a_qwen,hotpotqa,summarize_before_budget_proportional_s0,18,merge,"[11, 16]",0.4866666666666667,0.49333333333333335,-0.006666666666666654,6475,9895,4
phase_a_qwen,hotpotqa,summarize_before_budget_proportional_s0,19,reflect,[9],0.47333333333333333,0.48333333333333334,-0.010000000000000009,6853,7661,4
phase_a_qwen,hotpotqa,summarize_before_immediate_s0,0,seed,[None],0.41333333333333333,,,0,303,4
phase_a_qwen,hotpotqa,summarize_before_immediate_s0,1,reflect,[0],0.4266666666666667,0.41333333333333333,0.013333333333333364,324,3478,4
phase_a_qwen,hotpotqa,summarize_before_immediate_s0,2,reflect,[1],0.38666666666666666,0.4266666666666667,-0.040000000000000036,681,5744,4
phase_a_qwen,hotpotqa,summarize_before_immediate_s0,3,reflect,[1],0.42333333333333334,0.4266666666666667,-0.003333333333333355,1023,5595,4
phase_a_qwen,hotpotqa,summarize_before_immediate_s0,4,reflect,[2],0.46,0.38666666666666666,0.07333333333333336,1389,7631,4
phase_a_qwen,hotpotqa,summarize_before_immediate_s0,5,merge,"[3, 4]",0.4633333333333333,0.46,0.0033333333333332993,1694,7900,4
phase_a_qwen,hotpotqa,summarize_before_immediate_s0,6,reflect,[5],0.46,0.4633333333333333,-0.0033333333333332993,2102,9823,4
phase_a_qwen,hotpotqa,summarize_before_immediate_s0,7,reflect,[6],0.45,0.46,-0.010000000000000009,2525,10851,4
phase_a_qwen,hotpotqa,summarize_before_immediate_s0,8,reflect,[5],0.44666666666666666,0.4633333333333333,-0.016666666666666663,2927,8841,4
phase_a_qwen,hotpotqa,summarize_before_immediate_s0,9,reflect,[1],0.3933333333333333,0.4266666666666667,-0.03333333333333338,3239,6610,4
phase_a_qwen,hotpotqa,summarize_before_immediate_s0,10,reflect,[1],0.54,0.4266666666666667,0.11333333333333334,3647,5078,4
phase_a_qwen,hotpotqa,summarize_before_immediate_s0,11,merge,"[7, 10]",0.45,0.54,-0.09000000000000002,3952,10962,4
phase_a_qwen,hotpotqa,summarize_before_immediate_s0,12,reflect,[11],0.44,0.45,-0.010000000000000009,4336,12072,4
phase_a_qwen,hotpotqa,summarize_before_immediate_s0,13,merge,"[6, 10]",0.46,0.54,-0.08000000000000002,4641,9934,4
phase_a_qwen,hotpotqa,summarize_before_immediate_s0,14,reflect,[13],0.45666666666666667,0.46,-0.003333333333333355,4959,10310,4
phase_a_qwen,hotpotqa,summarize_before_immediate_s0,15,merge,"[12, 13]",0.4533333333333333,0.46,-0.00666666666666671,5264,11046,4
phase_a_qwen,hotpotqa,summarize_before_immediate_s0,16,reflect,[10],0.49,0.54,-0.050000000000000044,5702,7406,4
phase_a_qwen,hotpotqa,summarize_before_immediate_s0,17,merge,"[3, 10]",0.52,0.54,-0.020000000000000018,6007,7195,4
phase_a_qwen,hotpotqa,summarize_before_immediate_s0,18,reflect,[16],0.48333333333333334,0.49,-0.006666666666666654,6586,8106,4
phase_a_qwen,hotpotqa,summarize_before_score_plateau_s0,0,seed,[None],0.41333333333333333,,,0,303,4
phase_a_qwen,hotpotqa,summarize_before_score_plateau_s0,1,reflect,[0],0.4266666666666667,0.41333333333333333,0.013333333333333364,324,3478,4
phase_a_qwen,hotpotqa,summarize_before_score_plateau_s0,2,reflect,[1],0.38666666666666666,0.4266666666666667,-0.040000000000000036,681,5744,4
phase_a_qwen,hotpotqa,summarize_before_score_plateau_s0,3,reflect,[1],0.4266666666666667,0.4266666666666667,0.0,1035,5056,4
phase_a_qwen,hotpotqa,summarize_before_score_plateau_s0,4,reflect,[0],0.3233333333333333,0.41333333333333333,-0.09000000000000002,1377,1822,4
phase_a_qwen,hotpotqa,summarize_before_score_plateau_s0,5,reflect,[1],0.4066666666666667,0.4266666666666667,-0.020000000000000018,1701,5167,4
phase_a_qwen,hotpotqa,summarize_before_score_plateau_s0,6,reflect,[5],0.41333333333333333,0.4066666666666667,0.006666666666666654,2058,6982,4
phase_a_qwen,hotpotqa,summarize_before_score_plateau_s0,7,reflect,[0],0.38,0.41333333333333333,-0.033333333333333326,2399,2869,4
phase_a_qwen,hotpotqa,summarize_before_score_plateau_s0,8,reflect,[6],0.38,0.41333333333333333,-0.033333333333333326,2981,7323,4
phase_a_qwen,hotpotqa,summarize_before_score_plateau_s0,9,reflect,[2],0.3933333333333333,0.38666666666666666,0.006666666666666654,3452,6301,4
phase_a_qwen,hotpotqa,summarize_before_score_plateau_s0,10,reflect,[3],0.41,0.4266666666666667,-0.01666666666666672,3809,7521,4
phase_a_qwen,hotpotqa,summarize_before_score_plateau_s0,11,reflect,[6],0.25333333333333335,0.41333333333333333,-0.15999999999999998,4196,9177,4
phase_a_qwen,hotpotqa,summarize_before_score_plateau_s0,12,reflect,[7],0.48333333333333334,0.38,0.10333333333333333,4568,4794,4
phase_a_qwen,hotpotqa,summarize_before_score_plateau_s0,13,merge,"[3, 12]",0.5233333333333333,0.48333333333333334,0.03999999999999998,4873,9547,4
phase_a_qwen,hotpotqa,summarize_before_score_plateau_s0,14,reflect,[3],0.4266666666666667,0.4266666666666667,0.0,5248,7414,4
phase_a_qwen,hotpotqa,summarize_before_score_plateau_s0,15,merge,"[6, 14]",0.39,0.4266666666666667,-0.03666666666666668,5553,9353,4
phase_a_qwen,hotpotqa,summarize_before_score_plateau_s0,16,reflect,[3],0.53,0.4266666666666667,0.10333333333333333,5895,6572,4
phase_a_qwen,hotpotqa,summarize_before_score_plateau_s0,17,merge,"[6, 16]",0.5466666666666666,0.53,0.016666666666666607,6200,10076,4
phase_a_qwen,hotpotqa,summarize_before_score_plateau_s0,18,reflect,[16],0.5166666666666667,0.53,-0.013333333333333308,6506,8341,4
phase_a_qwen,hotpotqa,summarize_before_score_plateau_s0,19,reflect,[16],0.5366666666666666,0.53,0.006666666666666599,6842,7534,4
phase_a_qwen,musique,combine_all_budget_proportional_s0,0,seed,[None],0.30666666666666664,,,0,307,4
phase_a_qwen,musique,combine_all_budget_proportional_s0,1,reflect,[0],0.31,0.30666666666666664,0.003333333333333355,306,4228,4
phase_a_qwen,musique,combine_all_budget_proportional_s0,2,reflect,[0],0.3333333333333333,0.30666666666666664,0.026666666666666672,699,2594,4
phase_a_qwen,musique,combine_all_budget_proportional_s0,3,reflect,[0],0.3333333333333333,0.30666666666666664,0.026666666666666672,1059,2679,4
phase_a_qwen,musique,combine_all_budget_proportional_s0,4,reflect,[2],0.32,0.3333333333333333,-0.013333333333333308,1431,3590,4
phase_a_qwen,musique,combine_all_budget_proportional_s0,5,reflect,[3],0.48,0.3333333333333333,0.14666666666666667,1761,4671,4
phase_a_qwen,musique,combine_all_budget_proportional_s0,6,reflect,[3],0.3466666666666667,0.3333333333333333,0.013333333333333364,2211,4336,4
phase_a_qwen,musique,combine_all_budget_proportional_s0,7,merge,"[1, 5]",0.4866666666666667,0.48,0.00666666666666671,2516,8692,4
phase_a_qwen,musique,combine_all_budget_proportional_s0,8,reflect,[2],0.33,0.3333333333333333,-0.0033333333333332993,2891,4647,4
phase_a_qwen,musique,combine_all_budget_proportional_s0,9,merge,"[4, 7]",0.49333333333333335,0.4866666666666667,0.006666666666666654,3196,12075,4
phase_a_qwen,musique,combine_all_budget_proportional_s0,10,reflect,[5],0.49333333333333335,0.48,0.013333333333333364,3508,5919,4
phase_a_qwen,musique,combine_all_budget_proportional_s0,11,merge,"[4, 5]",0.48,0.48,0.0,3813,8054,4
phase_a_qwen,musique,combine_all_budget_proportional_s0,12,reflect,[5],0.4633333333333333,0.48,-0.016666666666666663,4230,6030,4
phase_a_qwen,musique,combine_all_budget_proportional_s0,13,merge,"[2, 7]",0.48,0.4866666666666667,-0.00666666666666671,4535,11079,4
phase_a_qwen,musique,combine_all_budget_proportional_s0,14,reflect,[11],0.48,0.48,0.0,4859,6912,4
phase_a_qwen,musique,combine_all_budget_proportional_s0,15,merge,"[2, 5]",0.49666666666666665,0.48,0.016666666666666663,5164,7058,4
phase_a_qwen,musique,combine_all_budget_proportional_s0,16,reflect,[2],0.32666666666666666,0.3333333333333333,-0.006666666666666654,5470,5155,4
phase_a_qwen,musique,combine_all_budget_proportional_s0,17,merge,"[4, 10]",0.5066666666666667,0.49333333333333335,0.013333333333333364,5775,9302,4
phase_a_qwen,musique,combine_all_budget_proportional_s0,18,reflect,[17],0.49,0.5066666666666667,-0.01666666666666672,6291,10305,4
phase_a_qwen,musique,combine_all_budget_proportional_s0,19,merge,"[10, 16]",0.48333333333333334,0.49333333333333335,-0.010000000000000009,6596,10867,4
phase_a_qwen,musique,combine_all_immediate_s0,0,seed,[None],0.3,,,0,307,4
phase_a_qwen,musique,combine_all_immediate_s0,1,reflect,[0],0.32666666666666666,0.3,0.026666666666666672,405,2511,4
phase_a_qwen,musique,combine_all_immediate_s0,2,reflect,[0],0.30666666666666664,0.3,0.006666666666666654,711,2050,4
phase_a_qwen,musique,combine_all_immediate_s0,3,merge,"[1, 2]",0.33666666666666667,0.32666666666666666,0.010000000000000009,1016,4254,4
phase_a_qwen,musique,combine_all_immediate_s0,4,reflect,[2],0.33666666666666667,0.30666666666666664,0.030000000000000027,1358,4422,4
phase_a_qwen,musique,combine_all_immediate_s0,5,reflect,[4],0.43333333333333335,0.33666666666666667,0.09666666666666668,1790,5941,4
phase_a_qwen,musique,combine_all_immediate_s0,6,merge,"[3, 5]",0.44666666666666666,0.43333333333333335,0.013333333333333308,2095,8245,4
phase_a_qwen,musique,combine_all_immediate_s0,7,reflect,[2],0.3433333333333333,0.30666666666666664,0.03666666666666668,2479,4875,4
phase_a_qwen,musique,combine_all_immediate_s0,8,merge,"[6, 7]",0.43666666666666665,0.44666666666666666,-0.010000000000000009,2784,11170,4
phase_a_qwen,musique,combine_all_immediate_s0,9,reflect,[4],0.32666666666666666,0.33666666666666667,-0.010000000000000009,3366,5568,4
phase_a_qwen,musique,combine_all_immediate_s0,10,merge,"[5, 7]",0.41,0.43333333333333335,-0.023333333333333373,3671,8866,4
phase_a_qwen,musique,combine_all_immediate_s0,11,reflect,[7],0.31666666666666665,0.3433333333333333,-0.026666666666666672,4151,6484,4
phase_a_qwen,musique,combine_all_immediate_s0,12,reflect,[3],0.30333333333333334,0.33666666666666667,-0.033333333333333326,4493,6532,4
phase_a_qwen,musique,combine_all_immediate_s0,13,merge,"[10, 12]",0.39666666666666667,0.41,-0.013333333333333308,4798,13448,4
phase_a_qwen,musique,combine_all_immediate_s0,14,reflect,[12],0.30666666666666664,0.30333333333333334,0.0033333333333332993,5131,7864,4
phase_a_qwen,musique,combine_all_immediate_s0,15,reflect,[8],0.41333333333333333,0.43666666666666665,-0.023333333333333317,5454,9028,4
phase_a_qwen,musique,combine_all_immediate_s0,16,merge,"[4, 14]",0.3233333333333333,0.33666666666666667,-0.013333333333333364,5759,10336,4
phase_a_qwen,musique,combine_all_immediate_s0,17,reflect,[6],0.44,0.44666666666666666,-0.006666666666666654,6083,8320,4
phase_a_qwen,musique,combine_all_immediate_s0,18,merge,"[3, 10]",0.45,0.41,0.040000000000000036,6388,11170,4
phase_a_qwen,musique,combine_all_score_plateau_s0,0,seed,[None],0.30666666666666664,,,0,307,4
phase_a_qwen,musique,combine_all_score_plateau_s0,1,reflect,[0],0.31,0.30666666666666664,0.003333333333333355,306,4228,4
phase_a_qwen,musique,combine_all_score_plateau_s0,2,reflect,[0],0.3333333333333333,0.30666666666666664,0.026666666666666672,699,2594,4
phase_a_qwen,musique,combine_all_score_plateau_s0,3,reflect,[0],0.3333333333333333,0.30666666666666664,0.026666666666666672,1059,2679,4
phase_a_qwen,musique,combine_all_score_plateau_s0,4,reflect,[2],0.3233333333333333,0.3333333333333333,-0.010000000000000009,1431,3590,4
phase_a_qwen,musique,combine_all_score_plateau_s0,5,reflect,[3],0.49666666666666665,0.3333333333333333,0.16333333333333333,1761,4308,4
phase_a_qwen,musique,combine_all_score_plateau_s0,6,reflect,[5],0.5033333333333333,0.49666666666666665,0.006666666666666654,2073,5385,4
phase_a_qwen,musique,combine_all_score_plateau_s0,7,reflect,[6],0.5,0.5033333333333333,-0.0033333333333332993,2451,6218,4
phase_a_qwen,musique,combine_all_score_plateau_s0,8,reflect,[5],0.4866666666666667,0.49666666666666665,-0.009999999999999953,2793,5075,4
phase_a_qwen,musique,combine_all_score_plateau_s0,9,reflect,[4],0.33,0.3233333333333333,0.00666666666666671,3135,4718,4
phase_a_qwen,musique,combine_all_score_plateau_s0,10,reflect,[8],0.4866666666666667,0.4866666666666667,0.0,3471,5108,4
phase_a_qwen,musique,combine_all_score_plateau_s0,11,merge,"[4, 10]",0.49666666666666665,0.4866666666666667,0.009999999999999953,3776,8491,4
phase_a_qwen,musique,combine_all_score_plateau_s0,12,reflect,[6],0.5,0.5033333333333333,-0.0033333333333332993,4145,6909,4
phase_a_qwen,musique,combine_all_score_plateau_s0,13,reflect,[11],0.5066666666666667,0.49666666666666665,0.010000000000000064,4472,10884,4
phase_a_qwen,musique,combine_all_score_plateau_s0,14,reflect,[4],0.3466666666666667,0.3233333333333333,0.023333333333333373,4802,5393,4
phase_a_qwen,musique,combine_all_score_plateau_s0,15,reflect,[4],0.35333333333333333,0.3233333333333333,0.030000000000000027,5156,4522,4
phase_a_qwen,musique,combine_all_score_plateau_s0,16,reflect,[8],0.48,0.4866666666666667,-0.00666666666666671,5486,6838,4
phase_a_qwen,musique,combine_all_score_plateau_s0,17,merge,"[7, 13]",0.5133333333333333,0.5066666666666667,0.006666666666666599,5791,15266,4
phase_a_qwen,musique,combine_all_score_plateau_s0,18,reflect,[8],0.48,0.4866666666666667,-0.00666666666666671,6127,7419,4
phase_a_qwen,musique,combine_all_score_plateau_s0,19,reflect,[15],0.34,0.35333333333333333,-0.013333333333333308,6565,6906,4
phase_a_qwen,musique,nomerge_s0,0,seed,[None],0.31,,,0,307,4
phase_a_qwen,musique,nomerge_s0,1,reflect,[0],0.35333333333333333,0.31,0.043333333333333335,306,2946,4
phase_a_qwen,musique,nomerge_s0,2,reflect,[0],0.31333333333333335,0.31,0.003333333333333355,705,2511,4
phase_a_qwen,musique,nomerge_s0,3,reflect,[0],0.31333333333333335,0.31,0.003333333333333355,1011,2050,4
phase_a_qwen,musique,nomerge_s0,4,reflect,[1],0.32666666666666666,0.35333333333333333,-0.026666666666666672,1530,5010,4
phase_a_qwen,musique,nomerge_s0,5,reflect,[0],0.33,0.31,0.020000000000000018,1932,2959,4
phase_a_qwen,musique,nomerge_s0,6,reflect,[1],0.32,0.35333333333333333,-0.033333333333333326,2346,5015,4
phase_a_qwen,musique,nomerge_s0,7,reflect,[5],0.3,0.33,-0.030000000000000027,2694,4721,4
phase_a_qwen,musique,nomerge_s0,8,reflect,[5],0.31333333333333335,0.33,-0.016666666666666663,3180,4689,4
phase_a_qwen,musique,nomerge_s0,9,reflect,[3],0.4533333333333333,0.31333333333333335,0.13999999999999996,3714,4659,4
phase_a_qwen,musique,nomerge_s0,10,reflect,[5],0.31666666666666665,0.33,-0.013333333333333364,4320,4855,4
phase_a_qwen,musique,nomerge_s0,11,reflect,[5],0.31666666666666665,0.33,-0.013333333333333364,4728,4692,4
phase_a_qwen,musique,nomerge_s0,12,reflect,[1],0.3433333333333333,0.35333333333333333,-0.010000000000000009,5082,4282,4
phase_a_qwen,musique,nomerge_s0,13,reflect,[4],0.31666666666666665,0.32666666666666666,-0.010000000000000009,5604,7028,4
phase_a_qwen,musique,nomerge_s0,14,reflect,[10],0.3433333333333333,0.31666666666666665,0.026666666666666672,6153,6294,4
phase_a_qwen,musique,nomerge_s0,15,reflect,[4],0.33,0.32666666666666666,0.003333333333333355,6483,5492,4
phase_a_qwen,musique,nomerge_s0,16,reflect,[5],0.32,0.33,-0.010000000000000009,6819,5068,4
phase_a_qwen,musique,original_budget_proportional_s0,0,seed,[None],0.30666666666666664,,,0,307,4
phase_a_qwen,musique,original_budget_proportional_s0,1,reflect,[0],0.31,0.30666666666666664,0.003333333333333355,306,4228,4
phase_a_qwen,musique,original_budget_proportional_s0,2,reflect,[0],0.3333333333333333,0.30666666666666664,0.026666666666666672,699,2594,4
phase_a_qwen,musique,original_budget_proportional_s0,3,reflect,[0],0.3333333333333333,0.30666666666666664,0.026666666666666672,1059,2679,4
phase_a_qwen,musique,original_budget_proportional_s0,4,reflect,[2],0.32,0.3333333333333333,-0.013333333333333308,1431,3590,4
phase_a_qwen,musique,original_budget_proportional_s0,5,reflect,[3],0.48,0.3333333333333333,0.14666666666666667,1761,4671,4
phase_a_qwen,musique,original_budget_proportional_s0,6,reflect,[3],0.3466666666666667,0.3333333333333333,0.013333333333333364,2211,4336,4
phase_a_qwen,musique,original_budget_proportional_s0,7,merge,"[1, 5]",0.48,0.48,0.0,2516,4671,4
phase_a_qwen,musique,original_budget_proportional_s0,8,reflect,[3],0.3233333333333333,0.3333333333333333,-0.010000000000000009,2846,3921,4
phase_a_qwen,musique,original_budget_proportional_s0,9,merge,"[2, 7]",0.48,0.48,0.0,3151,4671,4
phase_a_qwen,musique,original_budget_proportional_s0,10,reflect,[2],0.33,0.3333333333333333,-0.0033333333333332993,3490,4647,4
phase_a_qwen,musique,original_budget_proportional_s0,11,merge,"[7, 8]",0.48,0.48,0.0,3795,4671,4
phase_a_qwen,musique,original_budget_proportional_s0,12,reflect,[1],0.27,0.31,-0.03999999999999998,4119,5761,4
phase_a_qwen,musique,original_budget_proportional_s0,13,merge,"[4, 11]",0.48,0.48,0.0,4424,4671,4
phase_a_qwen,musique,original_budget_proportional_s0,14,reflect,[8],0.31,0.3233333333333333,-0.013333333333333308,4814,4292,4
phase_a_qwen,musique,original_budget_proportional_s0,15,merge,"[13, 14]",0.48,0.48,0.0,5119,4671,4
phase_a_qwen,musique,original_budget_proportional_s0,16,reflect,[15],0.4666666666666667,0.48,-0.013333333333333308,5467,6998,4
phase_a_qwen,musique,original_budget_proportional_s0,17,reflect,[2],0.31666666666666665,0.3333333333333333,-0.016666666666666663,5797,3605,4
phase_a_qwen,musique,original_budget_proportional_s0,18,merge,"[15, 17]",0.48,0.48,0.0,6102,4671,4
phase_a_qwen,musique,original_budget_proportional_s0,19,reflect,[18],0.48,0.48,0.0,6477,6833,4
phase_a_qwen,musique,original_immediate_s0,0,seed,[None],0.30666666666666664,,,0,307,4
phase_a_qwen,musique,original_immediate_s0,1,reflect,[0],0.31,0.30666666666666664,0.003333333333333355,306,4228,4
phase_a_qwen,musique,original_immediate_s0,2,reflect,[0],0.3333333333333333,0.30666666666666664,0.026666666666666672,699,2594,4
phase_a_qwen,musique,original_immediate_s0,3,reflect,[2],0.3933333333333333,0.3333333333333333,0.06,1047,4254,4
phase_a_qwen,musique,original_immediate_s0,4,merge,"[1, 3]",0.3933333333333333,0.3933333333333333,0.0,1352,4254,4
phase_a_qwen,musique,original_immediate_s0,5,reflect,[4],0.39,0.3933333333333333,-0.0033333333333332993,1682,5047,4
phase_a_qwen,musique,original_immediate_s0,6,reflect,[5],0.4033333333333333,0.39,0.013333333333333308,2126,6068,4
phase_a_qwen,musique,original_immediate_s0,7,reflect,[1],0.4866666666666667,0.31,0.1766666666666667,2510,6315,4
phase_a_qwen,musique,original_immediate_s0,8,merge,"[4, 7]",0.5133333333333333,0.4866666666666667,0.026666666666666616,2815,4681,4
phase_a_qwen,musique,original_immediate_s0,9,reflect,[8],0.49,0.5133333333333333,-0.023333333333333317,3151,6473,4
phase_a_qwen,musique,original_immediate_s0,10,merge,"[5, 7]",0.5133333333333333,0.4866666666666667,0.026666666666666616,3456,5474,4
phase_a_qwen,musique,original_immediate_s0,11,reflect,[7],0.4866666666666667,0.4866666666666667,0.0,3864,7972,4
phase_a_qwen,musique,original_immediate_s0,12,merge,"[6, 8]",0.5133333333333333,0.5133333333333333,0.0,4169,6495,4
phase_a_qwen,musique,original_immediate_s0,13,reflect,[0],0.30666666666666664,0.30666666666666664,0.0,4682,1758,4
phase_a_qwen,musique,original_immediate_s0,14,merge,"[8, 11]",0.5066666666666667,0.5133333333333333,-0.006666666666666599,4987,6338,4
phase_a_qwen,musique,original_immediate_s0,15,reflect,[12],0.4866666666666667,0.5133333333333333,-0.026666666666666616,5299,7664,4
phase_a_qwen,musique,original_immediate_s0,16,merge,"[11, 15]",0.48,0.4866666666666667,-0.00666666666666671,5604,9321,4
phase_a_qwen,musique,original_immediate_s0,17,reflect,[8],0.48333333333333334,0.5133333333333333,-0.02999999999999997,6036,5969,4
phase_a_qwen,musique,original_immediate_s0,18,merge,"[10, 11]",0.5066666666666667,0.5133333333333333,-0.006666666666666599,6341,7131,4
phase_a_qwen,musique,original_immediate_s0,19,reflect,[17],0.4866666666666667,0.48333333333333334,0.003333333333333355,6665,7957,4
phase_a_qwen,musique,original_score_plateau_s0,0,seed,[None],0.30666666666666664,,,0,307,4
phase_a_qwen,musique,original_score_plateau_s0,1,reflect,[0],0.31,0.30666666666666664,0.003333333333333355,306,4228,4
phase_a_qwen,musique,original_score_plateau_s0,2,reflect,[0],0.3333333333333333,0.30666666666666664,0.026666666666666672,699,2594,4
phase_a_qwen,musique,original_score_plateau_s0,3,reflect,[0],0.3333333333333333,0.30666666666666664,0.026666666666666672,1059,2679,4
phase_a_qwen,musique,original_score_plateau_s0,4,reflect,[2],0.32,0.3333333333333333,-0.013333333333333308,1431,3590,4
phase_a_qwen,musique,original_score_plateau_s0,5,reflect,[3],0.48,0.3333333333333333,0.14666666666666667,1761,4671,4
phase_a_qwen,musique,original_score_plateau_s0,6,reflect,[3],0.3466666666666667,0.3333333333333333,0.013333333333333364,2211,4336,4
phase_a_qwen,musique,original_score_plateau_s0,7,reflect,[3],0.4666666666666667,0.3333333333333333,0.13333333333333336,2613,4951,4
phase_a_qwen,musique,original_score_plateau_s0,8,reflect,[2],0.3233333333333333,0.3333333333333333,-0.010000000000000009,2919,4626,4
phase_a_qwen,musique,original_score_plateau_s0,9,merge,"[2, 7]",0.4666666666666667,0.4666666666666667,0.0,3224,4951,4
phase_a_qwen,musique,original_score_plateau_s0,10,reflect,[7],0.47,0.4666666666666667,0.0033333333333332993,3548,6597,4
phase_a_qwen,musique,original_score_plateau_s0,11,reflect,[5],0.47333333333333333,0.48,-0.006666666666666654,3860,6316,4
phase_a_qwen,musique,original_score_plateau_s0,12,reflect,[8],0.3233333333333333,0.3233333333333333,0.0,4214,5602,4
phase_a_qwen,musique,original_score_plateau_s0,13,merge,"[11, 12]",0.47333333333333333,0.47333333333333333,0.0,4519,6316,4
phase_a_qwen,musique,original_score_plateau_s0,14,reflect,[12],0.3333333333333333,0.3233333333333333,0.010000000000000009,4855,7395,4
phase_a_qwen,musique,original_score_plateau_s0,15,reflect,[12],0.3333333333333333,0.3233333333333333,0.010000000000000009,5278,6607,4
phase_a_qwen,musique,original_score_plateau_s0,16,reflect,[15],0.32666666666666666,0.3333333333333333,-0.006666666666666654,5725,7560,4
phase_a_qwen,musique,original_score_plateau_s0,17,merge,"[4, 10]",0.47,0.47,0.0,6030,6597,4
phase_a_qwen,musique,original_score_plateau_s0,18,reflect,[2],0.32,0.3333333333333333,-0.013333333333333308,6414,4377,4
phase_a_qwen,musique,original_score_plateau_s0,19,reflect,[4],0.4533333333333333,0.32,0.1333333333333333,6756,5129,4
phase_a_qwen,musique,summarize_before_budget_proportional_s0,0,seed,[None],0.30666666666666664,,,0,307,4
phase_a_qwen,musique,summarize_before_budget_proportional_s0,1,reflect,[0],0.31,0.30666666666666664,0.003333333333333355,306,4228,4
phase_a_qwen,musique,summarize_before_budget_proportional_s0,2,reflect,[0],0.3333333333333333,0.30666666666666664,0.026666666666666672,699,2594,4
phase_a_qwen,musique,summarize_before_budget_proportional_s0,3,reflect,[0],0.3333333333333333,0.30666666666666664,0.026666666666666672,1059,2679,4
phase_a_qwen,musique,summarize_before_budget_proportional_s0,4,reflect,[2],0.32,0.3333333333333333,-0.013333333333333308,1431,3590,4
phase_a_qwen,musique,summarize_before_budget_proportional_s0,5,reflect,[3],0.48,0.3333333333333333,0.14666666666666667,1761,4671,4
phase_a_qwen,musique,summarize_before_budget_proportional_s0,6,reflect,[3],0.3466666666666667,0.3333333333333333,0.013333333333333364,2211,4336,4
phase_a_qwen,musique,summarize_before_budget_proportional_s0,7,merge,"[1, 5]",0.5066666666666667,0.48,0.026666666666666727,2516,5397,4
phase_a_qwen,musique,summarize_before_budget_proportional_s0,8,reflect,[3],0.48333333333333334,0.3333333333333333,0.15000000000000002,2846,4529,4
phase_a_qwen,musique,summarize_before_budget_proportional_s0,9,merge,"[2, 7]",0.47,0.5066666666666667,-0.036666666666666736,3151,3102,4
phase_a_qwen,musique,summarize_before_budget_proportional_s0,10,reflect,[9],0.5066666666666667,0.47,0.036666666666666736,3487,4463,4
phase_a_qwen,musique,summarize_before_budget_proportional_s0,11,merge,"[7, 8]",0.5133333333333333,0.5066666666666667,0.006666666666666599,3792,6316,4
phase_a_qwen,musique,summarize_before_budget_proportional_s0,12,reflect,[2],0.3233333333333333,0.3333333333333333,-0.010000000000000009,4116,4626,4
phase_a_qwen,musique,summarize_before_budget_proportional_s0,13,merge,"[4, 8]",0.5,0.48333333333333334,0.016666666666666663,4421,3176,4
phase_a_qwen,musique,summarize_before_budget_proportional_s0,14,reflect,[10],0.45666666666666667,0.5066666666666667,-0.050000000000000044,4793,6417,4
phase_a_qwen,musique,summarize_before_budget_proportional_s0,15,merge,"[8, 10]",0.51,0.5066666666666667,0.0033333333333332993,5098,5841,4
phase_a_qwen,musique,summarize_before_budget_proportional_s0,16,reflect,[8],0.48,0.48333333333333334,-0.003333333333333355,5404,6104,4
phase_a_qwen,musique,summarize_before_budget_proportional_s0,17,merge,"[2, 8]",0.5133333333333333,0.48333333333333334,0.02999999999999997,5709,3738,4
phase_a_qwen,musique,summarize_before_budget_proportional_s0,18,reflect,[4],0.3333333333333333,0.32,0.013333333333333308,6021,5676,4
phase_a_qwen,musique,summarize_before_budget_proportional_s0,19,merge,"[15, 17]",0.5166666666666667,0.5133333333333333,0.0033333333333334103,6326,6166,4
phase_a_qwen,musique,summarize_before_budget_proportional_s0,20,reflect,[2],0.32,0.3333333333333333,-0.013333333333333308,6698,4566,4
phase_a_qwen,musique,summarize_before_immediate_s0,0,seed,[None],0.31,,,0,307,4
phase_a_qwen,musique,summarize_before_immediate_s0,1,reflect,[0],0.31,0.31,0.0,306,4228,4
phase_a_qwen,musique,summarize_before_immediate_s0,2,reflect,[0],0.33666666666666667,0.31,0.026666666666666672,699,2594,4
phase_a_qwen,musique,summarize_before_immediate_s0,3,reflect,[2],0.3933333333333333,0.33666666666666667,0.05666666666666664,1047,4254,4
phase_a_qwen,musique,summarize_before_immediate_s0,4,merge,"[1, 3]",0.39,0.3933333333333333,-0.0033333333333332993,1352,5749,4
phase_a_qwen,musique,summarize_before_immediate_s0,5,reflect,[4],0.4166666666666667,0.39,0.026666666666666672,1799,7463,4
phase_a_qwen,musique,summarize_before_immediate_s0,6,reflect,[1],0.3,0.31,-0.010000000000000009,2264,5631,4
phase_a_qwen,musique,summarize_before_immediate_s0,7,reflect,[0],0.33,0.31,0.020000000000000018,2582,2985,4
phase_a_qwen,musique,summarize_before_immediate_s0,8,merge,"[4, 7]",0.3933333333333333,0.39,0.0033333333333332993,2887,5677,4
phase_a_qwen,musique,summarize_before_immediate_s0,9,reflect,[0],0.3,0.31,-0.010000000000000009,3328,2400,4
phase_a_qwen,musique,summarize_before_immediate_s0,10,merge,"[3, 7]",0.39,0.3933333333333333,-0.0033333333333332993,3633,5689,4
phase_a_qwen,musique,summarize_before_immediate_s0,11,reflect,[1],0.49,0.31,0.18,3987,6253,4
phase_a_qwen,musique,summarize_before_immediate_s0,12,merge,"[5, 7]",0.38,0.4166666666666667,-0.03666666666666668,4292,6976,4
phase_a_qwen,musique,summarize_before_immediate_s0,13,reflect,[4],0.4066666666666667,0.39,0.016666666666666663,4730,7374,4
phase_a_qwen,musique,summarize_before_immediate_s0,14,reflect,[13],0.4033333333333333,0.4066666666666667,-0.003333333333333355,5143,9254,4
phase_a_qwen,musique,summarize_before_immediate_s0,15,merge,"[12, 13]",0.3933333333333333,0.4066666666666667,-0.013333333333333364,5448,7618,4
phase_a_qwen,musique,summarize_before_immediate_s0,16,reflect,[12],0.3933333333333333,0.38,0.013333333333333308,5754,7952,4
phase_a_qwen,musique,summarize_before_immediate_s0,17,merge,"[14, 15]",0.38666666666666666,0.4033333333333333,-0.016666666666666663,6059,9498,4
phase_a_qwen,musique,summarize_before_immediate_s0,18,reflect,[5],0.4066666666666667,0.4166666666666667,-0.010000000000000009,6419,7620,4
phase_a_qwen,musique,summarize_before_immediate_s0,19,merge,"[11, 12]",0.47333333333333333,0.49,-0.016666666666666663,6724,7598,4
phase_a_qwen,musique,summarize_before_score_plateau_s0,0,seed,[None],0.30666666666666664,,,0,307,4
phase_a_qwen,musique,summarize_before_score_plateau_s0,1,reflect,[0],0.31,0.30666666666666664,0.003333333333333355,306,4228,4
phase_a_qwen,musique,summarize_before_score_plateau_s0,2,reflect,[0],0.3333333333333333,0.30666666666666664,0.026666666666666672,699,2594,4
phase_a_qwen,musique,summarize_before_score_plateau_s0,3,reflect,[0],0.3333333333333333,0.30666666666666664,0.026666666666666672,1059,2679,4
phase_a_qwen,musique,summarize_before_score_plateau_s0,4,reflect,[2],0.32666666666666666,0.3333333333333333,-0.006666666666666654,1431,3590,4
phase_a_qwen,musique,summarize_before_score_plateau_s0,5,reflect,[3],0.48,0.3333333333333333,0.14666666666666667,1761,4671,4
phase_a_qwen,musique,summarize_before_score_plateau_s0,6,reflect,[4],0.33666666666666667,0.32666666666666666,0.010000000000000009,2175,4684,4
phase_a_qwen,musique,summarize_before_score_plateau_s0,7,reflect,[5],0.47333333333333333,0.48,-0.006666666666666654,2481,6669,4
phase_a_qwen,musique,summarize_before_score_plateau_s0,8,reflect,[5],0.4766666666666667,0.48,-0.0033333333333332993,2877,5957,4
phase_a_qwen,musique,summarize_before_score_plateau_s0,9,reflect,[3],0.35,0.3333333333333333,0.016666666666666663,3249,5630,4
phase_a_qwen,musique,summarize_before_score_plateau_s0,10,merge,"[5, 9]",0.47333333333333333,0.48,-0.006666666666666654,3554,7622,4
phase_a_qwen,musique,summarize_before_score_plateau_s0,11,reflect,[4],0.33666666666666667,0.32666666666666666,0.010000000000000009,3914,5969,4
phase_a_qwen,musique,summarize_before_score_plateau_s0,12,reflect,[11],0.5033333333333333,0.33666666666666667,0.16666666666666663,4232,7657,4
phase_a_qwen,musique,summarize_before_score_plateau_s0,13,reflect,[12],0.49333333333333335,0.5033333333333333,-0.009999999999999953,4592,8646,4
phase_a_qwen,musique,summarize_before_score_plateau_s0,14,reflect,[2],0.4266666666666667,0.3333333333333333,0.09333333333333338,5306,4442,4
phase_a_qwen,musique,summarize_before_score_plateau_s0,15,reflect,[10],0.4633333333333333,0.47333333333333333,-0.010000000000000009,5708,8530,4
phase_a_qwen,musique,summarize_before_score_plateau_s0,16,merge,"[3, 13]",0.5033333333333333,0.49333333333333335,0.009999999999999953,6013,7360,4
phase_a_qwen,musique,summarize_before_score_plateau_s0,17,reflect,[4],0.3333333333333333,0.32666666666666666,0.006666666666666654,6355,4845,4
phase_a_qwen,musique,summarize_before_score_plateau_s0,18,reflect,[12],0.49666666666666665,0.5033333333333333,-0.006666666666666654,6796,9014,4
phase_a_qwen,2wiki,combine_all_budget_proportional_s0,0,seed,[None],0.25,,,0,307,4
phase_a_qwen,2wiki,combine_all_budget_proportional_s0,1,reflect,[0],0.26666666666666666,0.25,0.016666666666666663,501,2185,4
phase_a_qwen,2wiki,combine_all_budget_proportional_s0,2,reflect,[1],0.75,0.26666666666666666,0.48333333333333334,933,4091,4
phase_a_qwen,2wiki,combine_all_budget_proportional_s0,3,reflect,[2],0.7566666666666667,0.75,0.00666666666666671,1266,5628,4
phase_a_qwen,2wiki,combine_all_budget_proportional_s0,4,reflect,[2],0.75,0.75,0.0,1707,5867,4
phase_a_qwen,2wiki,combine_all_budget_proportional_s0,5,reflect,[4],0.7433333333333333,0.75,-0.00666666666666671,2091,8690,4
phase_a_qwen,2wiki,combine_all_budget_proportional_s0,6,reflect,[2],0.77,0.75,0.020000000000000018,2397,5855,4
phase_a_qwen,2wiki,combine_all_budget_proportional_s0,7,reflect,[6],0.7533333333333333,0.77,-0.01666666666666672,2910,7681,4
phase_a_qwen,2wiki,combine_all_budget_proportional_s0,8,reflect,[3],0.7266666666666667,0.7566666666666667,-0.030000000000000027,3222,6766,4
phase_a_qwen,2wiki,combine_all_budget_proportional_s0,9,reflect,[4],0.7566666666666667,0.75,0.00666666666666671,3696,6462,4
phase_a_qwen,2wiki,combine_all_budget_proportional_s0,10,reflect,[9],0.7466666666666667,0.7566666666666667,-0.010000000000000009,4206,7196,4
phase_a_qwen,2wiki,combine_all_budget_proportional_s0,11,reflect,[9],0.76,0.7566666666666667,0.0033333333333332993,4554,6288,4
phase_a_qwen,2wiki,combine_all_budget_proportional_s0,12,reflect,[6],0.7633333333333333,0.77,-0.00666666666666671,4905,6994,4
phase_a_qwen,2wiki,combine_all_budget_proportional_s0,13,reflect,[3],0.7533333333333333,0.7566666666666667,-0.0033333333333334103,5415,7569,4
phase_a_qwen,2wiki,combine_all_budget_proportional_s0,14,merge,"[6, 13]",0.7533333333333333,0.77,-0.01666666666666672,5720,11311,4
phase_a_qwen,2wiki,combine_all_budget_proportional_s0,15,reflect,[6],0.73,0.77,-0.040000000000000036,6437,7745,4
phase_a_qwen,2wiki,combine_all_budget_proportional_s0,16,merge,"[14, 15]",0.7366666666666667,0.7533333333333333,-0.016666666666666607,6742,16943,4
phase_a_qwen,2wiki,combine_all_immediate_s0,0,seed,[None],0.25,,,0,307,4
phase_a_qwen,2wiki,combine_all_immediate_s0,1,reflect,[0],0.44333333333333336,0.25,0.19333333333333336,447,2145,4
phase_a_qwen,2wiki,combine_all_immediate_s0,2,reflect,[1],0.45,0.44333333333333336,0.006666666666666654,783,3701,4
phase_a_qwen,2wiki,combine_all_immediate_s0,3,reflect,[1],0.7366666666666667,0.44333333333333336,0.29333333333333333,1188,2604,4
phase_a_qwen,2wiki,combine_all_immediate_s0,4,merge,"[2, 3]",0.7266666666666667,0.7366666666666667,-0.010000000000000009,1493,4160,4
phase_a_qwen,2wiki,combine_all_immediate_s0,5,reflect,[2],0.5166666666666667,0.45,0.06666666666666671,1799,5478,4
phase_a_qwen,2wiki,combine_all_immediate_s0,6,merge,"[2, 3]",0.7266666666666667,0.7366666666666667,-0.010000000000000009,2104,6109,4
phase_a_qwen,2wiki,combine_all_immediate_s0,7,reflect,[6],0.7866666666666666,0.7266666666666667,0.05999999999999994,2563,5159,4
phase_a_qwen,2wiki,combine_all_immediate_s0,8,merge,"[5, 7]",0.79,0.7866666666666666,0.0033333333333334103,2868,8885,4
phase_a_qwen,2wiki,combine_all_immediate_s0,9,reflect,[7],0.7833333333333333,0.7866666666666666,-0.0033333333333332993,3177,7623,4
phase_a_qwen,2wiki,combine_all_immediate_s0,10,reflect,[9],0.7933333333333333,0.7833333333333333,0.010000000000000009,3612,9017,4
phase_a_qwen,2wiki,combine_all_immediate_s0,11,merge,"[8, 10]",0.7933333333333333,0.7933333333333333,0.0,3917,12843,4
phase_a_qwen,2wiki,combine_all_immediate_s0,12,reflect,[8],0.7866666666666666,0.79,-0.0033333333333334103,4658,10631,4
phase_a_qwen,2wiki,combine_all_immediate_s0,13,reflect,[7],0.77,0.7866666666666666,-0.016666666666666607,5618,5203,4
phase_a_qwen,2wiki,combine_all_immediate_s0,14,reflect,[7],0.7733333333333333,0.7866666666666666,-0.013333333333333308,6650,7080,4
phase_a_qwen,2wiki,combine_all_score_plateau_s0,0,seed,[None],0.25,,,0,307,4
phase_a_qwen,2wiki,combine_all_score_plateau_s0,1,reflect,[0],0.24333333333333335,0.25,-0.006666666666666654,480,2254,4
phase_a_qwen,2wiki,combine_all_score_plateau_s0,2,reflect,[1],0.2633333333333333,0.24333333333333335,0.019999999999999962,885,3506,4
phase_a_qwen,2wiki,combine_all_score_plateau_s0,3,reflect,[0],0.19333333333333333,0.25,-0.05666666666666667,1272,2091,4
phase_a_qwen,2wiki,combine_all_score_plateau_s0,4,reflect,[0],0.4,0.25,0.15000000000000002,1656,2358,4
phase_a_qwen,2wiki,combine_all_score_plateau_s0,5,reflect,[4],0.6066666666666667,0.4,0.20666666666666667,2004,2741,4
phase_a_qwen,2wiki,combine_all_score_plateau_s0,6,reflect,[5],0.54,0.6066666666666667,-0.06666666666666665,2322,4725,4
phase_a_qwen,2wiki,combine_all_score_plateau_s0,7,reflect,[2],0.7933333333333333,0.2633333333333333,0.53,2676,5444,4
phase_a_qwen,2wiki,combine_all_score_plateau_s0,8,reflect,[4],0.38,0.4,-0.020000000000000018,3018,4762,4
phase_a_qwen,2wiki,combine_all_score_plateau_s0,9,reflect,[4],0.4033333333333333,0.4,0.0033333333333332993,3330,4830,4
phase_a_qwen,2wiki,combine_all_score_plateau_s0,10,reflect,[9],0.38333333333333336,0.4033333333333333,-0.019999999999999962,3660,7537,4
phase_a_qwen,2wiki,combine_all_score_plateau_s0,11,merge,"[6, 9]",0.5233333333333333,0.54,-0.01666666666666672,3965,7197,4
phase_a_qwen,2wiki,combine_all_score_plateau_s0,12,reflect,[6],0.53,0.54,-0.010000000000000009,4469,5030,4
phase_a_qwen,2wiki,combine_all_score_plateau_s0,13,reflect,[6],0.5266666666666666,0.54,-0.01333333333333342,4775,6470,4
phase_a_qwen,2wiki,combine_all_score_plateau_s0,14,reflect,[13],0.5433333333333333,0.5266666666666666,0.01666666666666672,5111,8246,4
phase_a_qwen,2wiki,combine_all_score_plateau_s0,15,merge,"[9, 14]",0.55,0.5433333333333333,0.00666666666666671,5416,10718,4
phase_a_qwen,2wiki,combine_all_score_plateau_s0,16,reflect,[6],0.48333333333333334,0.54,-0.0566666666666667,5722,6691,4
phase_a_qwen,2wiki,combine_all_score_plateau_s0,17,reflect,[6],0.7466666666666667,0.54,0.20666666666666667,6142,5137,4
phase_a_qwen,2wiki,combine_all_score_plateau_s0,18,reflect,[17],0.7466666666666667,0.7466666666666667,0.0,6592,7307,4
phase_a_qwen,2wiki,nomerge_s0,0,seed,[None],0.25,,,0,307,4
phase_a_qwen,2wiki,nomerge_s0,1,reflect,[0],0.24333333333333335,0.25,-0.006666666666666654,480,2254,4
phase_a_qwen,2wiki,nomerge_s0,2,reflect,[1],0.2633333333333333,0.24333333333333335,0.019999999999999962,885,3506,4
phase_a_qwen,2wiki,nomerge_s0,3,reflect,[0],0.19333333333333333,0.25,-0.05666666666666667,1272,2091,4
phase_a_qwen,2wiki,nomerge_s0,4,reflect,[0],0.4,0.25,0.15000000000000002,1656,2358,4
phase_a_qwen,2wiki,nomerge_s0,5,reflect,[4],0.6233333333333333,0.4,0.22333333333333327,2004,2741,4
phase_a_qwen,2wiki,nomerge_s0,6,reflect,[5],0.5566666666666666,0.6233333333333333,-0.06666666666666665,2322,4725,4
phase_a_qwen,2wiki,nomerge_s0,7,reflect,[2],0.7933333333333333,0.2633333333333333,0.53,2676,5444,4
phase_a_qwen,2wiki,nomerge_s0,8,reflect,[4],0.38,0.4,-0.020000000000000018,3018,4762,4
phase_a_qwen,2wiki,nomerge_s0,9,reflect,[4],0.4033333333333333,0.4,0.0033333333333332993,3330,4830,4
phase_a_qwen,2wiki,nomerge_s0,10,reflect,[9],0.38333333333333336,0.4033333333333333,-0.019999999999999962,3660,7537,4
phase_a_qwen,2wiki,nomerge_s0,11,reflect,[6],0.7,0.5566666666666666,0.1433333333333333,3978,4929,4
phase_a_qwen,2wiki,nomerge_s0,12,reflect,[7],0.7933333333333333,0.7933333333333333,0.0,4398,7128,4
phase_a_qwen,2wiki,nomerge_s0,13,reflect,[9],0.4,0.4033333333333333,-0.0033333333333332993,4947,5695,4
phase_a_qwen,2wiki,nomerge_s0,14,reflect,[11],0.68,0.7,-0.019999999999999907,5319,6977,4
phase_a_qwen,2wiki,nomerge_s0,15,reflect,[14],0.6833333333333333,0.68,0.0033333333333332993,5625,8364,4
phase_a_qwen,2wiki,nomerge_s0,16,reflect,[11],0.7066666666666667,0.7,0.00666666666666671,6003,7556,4
phase_a_qwen,2wiki,nomerge_s0,17,reflect,[7],0.7866666666666666,0.7933333333333333,-0.00666666666666671,6357,6562,4
phase_a_qwen,2wiki,nomerge_s0,18,reflect,[16],0.7066666666666667,0.7066666666666667,0.0,6822,8248,4
phase_a_qwen,2wiki,original_budget_proportional_s0,0,seed,[None],0.25,,,0,307,4
phase_a_qwen,2wiki,original_budget_proportional_s0,1,reflect,[0],0.26666666666666666,0.25,0.016666666666666663,477,2871,4
phase_a_qwen,2wiki,original_budget_proportional_s0,2,reflect,[1],0.25,0.26666666666666666,-0.016666666666666663,897,4229,4
phase_a_qwen,2wiki,original_budget_proportional_s0,3,reflect,[0],0.43666666666666665,0.25,0.18666666666666665,1215,2000,4
phase_a_qwen,2wiki,original_budget_proportional_s0,4,reflect,[0],0.25666666666666665,0.25,0.006666666666666654,1527,3176,4
phase_a_qwen,2wiki,original_budget_proportional_s0,5,reflect,[1],0.4666666666666667,0.26666666666666666,0.2,1857,4451,4
phase_a_qwen,2wiki,original_budget_proportional_s0,6,reflect,[3],0.49666666666666665,0.43666666666666665,0.06,2307,3050,4
phase_a_qwen,2wiki,original_budget_proportional_s0,7,merge,"[4, 6]",0.5066666666666667,0.49666666666666665,0.010000000000000064,2612,5919,4
phase_a_qwen,2wiki,original_budget_proportional_s0,8,reflect,[0],0.35333333333333333,0.25,0.10333333333333333,3035,1972,4
phase_a_qwen,2wiki,original_budget_proportional_s0,9,merge,"[1, 6]",0.5,0.49666666666666665,0.003333333333333355,3340,5614,4
phase_a_qwen,2wiki,original_budget_proportional_s0,10,reflect,[6],0.49333333333333335,0.49666666666666665,-0.0033333333333332993,3736,5397,4
phase_a_qwen,2wiki,original_budget_proportional_s0,11,merge,"[4, 5]",0.4666666666666667,0.4666666666666667,0.0,4041,4451,4
phase_a_qwen,2wiki,original_budget_proportional_s0,12,reflect,[0],0.23666666666666666,0.25,-0.013333333333333336,4473,2473,4
phase_a_qwen,2wiki,original_budget_proportional_s0,13,merge,"[1, 7]",0.5066666666666667,0.5066666666666667,0.0,4778,5919,4
phase_a_qwen,2wiki,original_budget_proportional_s0,14,reflect,[0],0.25,0.25,0.0,5204,2511,4
phase_a_qwen,2wiki,original_budget_proportional_s0,15,merge,"[13, 14]",0.5066666666666667,0.5066666666666667,0.0,5509,5919,4
phase_a_qwen,2wiki,original_budget_proportional_s0,16,reflect,[0],0.23333333333333334,0.25,-0.016666666666666663,6178,2306,4
phase_a_qwen,2wiki,original_budget_proportional_s0,17,merge,"[11, 15]",0.5,0.5066666666666667,-0.00666666666666671,6483,5614,4
phase_a_qwen,2wiki,original_budget_proportional_s0,18,reflect,[6],0.5,0.49666666666666665,0.003333333333333355,6852,5363,4
phase_a_qwen,2wiki,original_immediate_s0,0,seed,[None],0.25,,,0,307,4
phase_a_qwen,2wiki,original_immediate_s0,1,reflect,[0],0.24,0.25,-0.010000000000000009,480,2254,4
phase_a_qwen,2wiki,original_immediate_s0,2,reflect,[1],0.26,0.24,0.020000000000000018,885,3506,4
phase_a_qwen,2wiki,original_immediate_s0,3,reflect,[1],0.25333333333333335,0.24,0.013333333333333364,1314,3788,4
phase_a_qwen,2wiki,original_immediate_s0,4,merge,"[2, 3]",0.26666666666666666,0.26,0.006666666666666654,1619,5040,4
phase_a_qwen,2wiki,original_immediate_s0,5,reflect,[0],0.74,0.25,0.49,1967,2557,4
phase_a_qwen,2wiki,original_immediate_s0,6,merge,"[2, 5]",0.73,0.74,-0.010000000000000009,2272,5756,4
phase_a_qwen,2wiki,original_immediate_s0,7,reflect,[3],0.26666666666666666,0.25333333333333335,0.013333333333333308,2701,5517,4
phase_a_qwen,2wiki,original_immediate_s0,8,merge,"[2, 7]",0.26666666666666666,0.26666666666666666,0.0,3006,5517,4
phase_a_qwen,2wiki,original_immediate_s0,9,reflect,[6],0.74,0.73,0.010000000000000009,3369,7348,4
phase_a_qwen,2wiki,original_immediate_s0,10,merge,"[8, 9]",0.7433333333333333,0.74,0.0033333333333332993,3674,8882,4
phase_a_qwen,2wiki,original_immediate_s0,11,reflect,[5],0.74,0.74,0.0,4025,4961,4
phase_a_qwen,2wiki,original_immediate_s0,12,merge,"[9, 11]",0.74,0.74,0.0,4330,7348,4
phase_a_qwen,2wiki,original_immediate_s0,13,reflect,[8],0.31666666666666665,0.26666666666666666,0.04999999999999999,4738,7220,4
phase_a_qwen,2wiki,original_immediate_s0,14,merge,"[5, 13]",0.7466666666666667,0.74,0.00666666666666671,5043,7767,4
phase_a_qwen,2wiki,original_immediate_s0,15,reflect,[14],0.75,0.7466666666666667,0.0033333333333332993,5409,8755,4
phase_a_qwen,2wiki,original_immediate_s0,16,merge,"[10, 11]",0.7433333333333333,0.7433333333333333,0.0,5714,8882,4
phase_a_qwen,2wiki,original_immediate_s0,17,reflect,[16],0.7333333333333333,0.7433333333333333,-0.010000000000000009,6152,10052,4
phase_a_qwen,2wiki,original_immediate_s0,18,merge,"[15, 16]",0.7633333333333333,0.75,0.013333333333333308,6457,10347,4
phase_a_qwen,2wiki,original_score_plateau_s0,0,seed,[None],0.25,,,0,307,4
phase_a_qwen,2wiki,original_score_plateau_s0,1,reflect,[0],0.24333333333333335,0.25,-0.006666666666666654,480,2254,4
phase_a_qwen,2wiki,original_score_plateau_s0,2,reflect,[1],0.2633333333333333,0.24333333333333335,0.019999999999999962,885,3506,4
phase_a_qwen,2wiki,original_score_plateau_s0,3,reflect,[0],0.19333333333333333,0.25,-0.05666666666666667,1272,2091,4
phase_a_qwen,2wiki,original_score_plateau_s0,4,reflect,[0],0.4,0.25,0.15000000000000002,1656,2358,4
phase_a_qwen,2wiki,original_score_plateau_s0,5,reflect,[4],0.6133333333333333,0.4,0.21333333333333326,2004,2741,4
phase_a_qwen,2wiki,original_score_plateau_s0,6,reflect,[5],0.5566666666666666,0.6133333333333333,-0.05666666666666664,2322,4725,4
phase_a_qwen,2wiki,original_score_plateau_s0,7,reflect,[2],0.24,0.2633333333333333,-0.023333333333333317,2721,4263,4
phase_a_qwen,2wiki,original_score_plateau_s0,8,reflect,[2],0.26666666666666666,0.2633333333333333,0.003333333333333355,3039,4479,4
phase_a_qwen,2wiki,original_score_plateau_s0,9,merge,"[5, 8]",0.55,0.6133333333333333,-0.06333333333333324,3344,6913,4
phase_a_qwen,2wiki,original_score_plateau_s0,10,reflect,[6],0.54,0.5566666666666666,-0.016666666666666607,3710,6973,4
phase_a_qwen,2wiki,original_score_plateau_s0,11,reflect,[6],0.5566666666666666,0.5566666666666666,0.0,4055,6141,4
phase_a_qwen,2wiki,original_score_plateau_s0,12,reflect,[9],0.56,0.55,0.010000000000000009,4373,8857,4
phase_a_qwen,2wiki,original_score_plateau_s0,13,reflect,[9],0.5433333333333333,0.55,-0.00666666666666671,4771,7787,4
phase_a_qwen,2wiki,original_score_plateau_s0,14,reflect,[11],0.55,0.5566666666666666,-0.006666666666666599,5124,8067,4
phase_a_qwen,2wiki,original_score_plateau_s0,15,reflect,[5],0.56,0.6133333333333333,-0.05333333333333323,5435,4496,4
phase_a_qwen,2wiki,original_score_plateau_s0,16,merge,"[12, 13]",0.5366666666666666,0.56,-0.023333333333333428,5740,9731,4
phase_a_qwen,2wiki,original_score_plateau_s0,17,reflect,[5],0.7366666666666667,0.6133333333333333,0.1233333333333334,6118,3319,4
phase_a_qwen,2wiki,original_score_plateau_s0,18,merge,"[11, 12]",0.56,0.56,0.0,6423,8857,4
phase_a_qwen,2wiki,original_score_plateau_s0,19,reflect,[14],0.6833333333333333,0.55,0.1333333333333333,6801,8308,4
phase_a_qwen,2wiki,summarize_before_budget_proportional_s0,0,seed,[None],0.25,,,0,307,4
phase_a_qwen,2wiki,summarize_before_budget_proportional_s0,1,reflect,[0],0.24333333333333335,0.25,-0.006666666666666654,480,2254,4
phase_a_qwen,2wiki,summarize_before_budget_proportional_s0,2,reflect,[1],0.2633333333333333,0.24333333333333335,0.019999999999999962,885,3506,4
phase_a_qwen,2wiki,summarize_before_budget_proportional_s0,3,reflect,[0],0.19333333333333333,0.25,-0.05666666666666667,1272,2091,4
phase_a_qwen,2wiki,summarize_before_budget_proportional_s0,4,reflect,[0],0.4,0.25,0.15000000000000002,1656,2358,4
phase_a_qwen,2wiki,summarize_before_budget_proportional_s0,5,reflect,[4],0.6066666666666667,0.4,0.20666666666666667,2004,2741,4
phase_a_qwen,2wiki,summarize_before_budget_proportional_s0,6,merge,"[2, 4]",0.4033333333333333,0.4,0.0033333333333332993,2309,5557,4
phase_a_qwen,2wiki,summarize_before_budget_proportional_s0,7,reflect,[5],0.54,0.6066666666666667,-0.06666666666666665,2621,4725,4
phase_a_qwen,2wiki,summarize_before_budget_proportional_s0,8,merge,"[5, 6]",0.5366666666666666,0.6066666666666667,-0.07000000000000006,2926,5940,4
phase_a_qwen,2wiki,summarize_before_budget_proportional_s0,9,reflect,[8],0.5366666666666666,0.5366666666666666,0.0,3232,7471,4
phase_a_qwen,2wiki,summarize_before_budget_proportional_s0,10,merge,"[5, 6]",0.5366666666666666,0.6066666666666667,-0.07000000000000006,3537,5940,4
phase_a_qwen,2wiki,summarize_before_budget_proportional_s0,11,reflect,[9],0.75,0.5366666666666666,0.21333333333333337,3849,7802,4
phase_a_qwen,2wiki,summarize_before_budget_proportional_s0,12,merge,"[7, 11]",0.74,0.75,-0.010000000000000009,4154,9270,4
phase_a_qwen,2wiki,summarize_before_budget_proportional_s0,13,reflect,[7],0.5266666666666666,0.54,-0.01333333333333342,4613,6379,4
phase_a_qwen,2wiki,summarize_before_budget_proportional_s0,14,merge,"[6, 7]",0.5533333333333333,0.54,0.013333333333333308,4918,7673,4
phase_a_qwen,2wiki,summarize_before_budget_proportional_s0,15,reflect,[5],0.6,0.6066666666666667,-0.00666666666666671,5224,4268,4
phase_a_qwen,2wiki,summarize_before_budget_proportional_s0,16,merge,"[6, 15]",0.55,0.6,-0.04999999999999993,5529,7467,4
phase_a_qwen,2wiki,summarize_before_budget_proportional_s0,17,reflect,[14],0.7066666666666667,0.5533333333333333,0.15333333333333332,5835,8207,4
phase_a_qwen,2wiki,summarize_before_budget_proportional_s0,18,merge,"[6, 15]",0.55,0.6,-0.04999999999999993,6140,7467,4
phase_a_qwen,2wiki,summarize_before_budget_proportional_s0,19,reflect,[17],0.6966666666666667,0.7066666666666667,-0.010000000000000009,6500,8919,4
phase_a_qwen,2wiki,summarize_before_budget_proportional_s0,20,merge,"[11, 17]",0.7166666666666667,0.75,-0.033333333333333326,6805,9738,4
phase_a_qwen,2wiki,summarize_before_immediate_s0,0,seed,[None],0.25,,,0,307,4
phase_a_qwen,2wiki,summarize_before_immediate_s0,1,reflect,[0],0.24333333333333335,0.25,-0.006666666666666654,480,2254,4
phase_a_qwen,2wiki,summarize_before_immediate_s0,2,reflect,[1],0.2633333333333333,0.24333333333333335,0.019999999999999962,885,3506,4
phase_a_qwen,2wiki,summarize_before_immediate_s0,3,reflect,[2],0.24666666666666667,0.2633333333333333,-0.016666666666666635,1287,4581,4
phase_a_qwen,2wiki,summarize_before_immediate_s0,4,reflect,[0],0.41,0.25,0.15999999999999998,1716,1559,4
phase_a_qwen,2wiki,summarize_before_immediate_s0,5,merge,"[2, 4]",0.4,0.41,-0.009999999999999953,2021,4758,4
phase_a_qwen,2wiki,summarize_before_immediate_s0,6,reflect,[2],0.25333333333333335,0.2633333333333333,-0.009999999999999953,2357,5872,4
phase_a_qwen,2wiki,summarize_before_immediate_s0,7,reflect,[2],0.2633333333333333,0.2633333333333333,0.0,2711,5543,4
phase_a_qwen,2wiki,summarize_before_immediate_s0,8,merge,"[4, 7]",0.41333333333333333,0.41,0.003333333333333355,3016,6795,4
phase_a_qwen,2wiki,summarize_before_immediate_s0,9,reflect,[4],0.7766666666666666,0.41,0.36666666666666664,3346,3144,4
phase_a_qwen,2wiki,summarize_before_immediate_s0,10,merge,"[8, 9]",0.7633333333333333,0.7766666666666666,-0.013333333333333308,3651,8380,4
phase_a_qwen,2wiki,summarize_before_immediate_s0,11,reflect,[10],0.7666666666666667,0.7633333333333333,0.0033333333333334103,3978,9578,4
phase_a_qwen,2wiki,summarize_before_immediate_s0,12,reflect,[11],0.7633333333333333,0.7666666666666667,-0.0033333333333334103,4434,10675,4
phase_a_qwen,2wiki,summarize_before_immediate_s0,13,reflect,[10],0.7666666666666667,0.7633333333333333,0.0033333333333334103,4749,9680,4
phase_a_qwen,2wiki,summarize_before_immediate_s0,14,reflect,[9],0.7633333333333333,0.7766666666666666,-0.013333333333333308,5079,4774,4
phase_a_qwen,2wiki,summarize_before_immediate_s0,15,reflect,[11],0.7633333333333333,0.7666666666666667,-0.0033333333333334103,5490,11209,4
phase_a_qwen,2wiki,summarize_before_immediate_s0,16,reflect,[9],0.76,0.7766666666666666,-0.016666666666666607,5895,5522,4
phase_a_qwen,2wiki,summarize_before_immediate_s0,17,merge,"[13, 16]",0.7633333333333333,0.7666666666666667,-0.0033333333333334103,6200,10081,4
phase_a_qwen,2wiki,summarize_before_immediate_s0,18,reflect,[9],0.7733333333333333,0.7766666666666666,-0.0033333333333332993,6839,3922,4
phase_a_qwen,2wiki,summarize_before_score_plateau_s0,0,seed,[None],0.25,,,0,307,4
phase_a_qwen,2wiki,summarize_before_score_plateau_s0,1,reflect,[0],0.24333333333333335,0.25,-0.006666666666666654,480,2254,4
phase_a_qwen,2wiki,summarize_before_score_plateau_s0,2,reflect,[1],0.2633333333333333,0.24333333333333335,0.019999999999999962,885,3506,4
phase_a_qwen,2wiki,summarize_before_score_plateau_s0,3,reflect,[0],0.19333333333333333,0.25,-0.05666666666666667,1272,2091,4
phase_a_qwen,2wiki,summarize_before_score_plateau_s0,4,reflect,[0],0.4,0.25,0.15000000000000002,1656,2358,4
phase_a_qwen,2wiki,summarize_before_score_plateau_s0,5,reflect,[4],0.6066666666666667,0.4,0.20666666666666667,2004,2741,4
phase_a_qwen,2wiki,summarize_before_score_plateau_s0,6,reflect,[5],0.54,0.6066666666666667,-0.06666666666666665,2322,4725,4
phase_a_qwen,2wiki,summarize_before_score_plateau_s0,7,reflect,[2],0.7933333333333333,0.2633333333333333,0.53,2676,5444,4
phase_a_qwen,2wiki,summarize_before_score_plateau_s0,8,reflect,[4],0.38,0.4,-0.020000000000000018,3018,4762,4
phase_a_qwen,2wiki,summarize_before_score_plateau_s0,9,reflect,[4],0.4033333333333333,0.4,0.0033333333333332993,3330,4830,4
phase_a_qwen,2wiki,summarize_before_score_plateau_s0,10,reflect,[9],0.38333333333333336,0.4033333333333333,-0.019999999999999962,3660,7537,4
phase_a_qwen,2wiki,summarize_before_score_plateau_s0,11,merge,"[6, 9]",0.5233333333333333,0.54,-0.01666666666666672,3965,7197,4
phase_a_qwen,2wiki,summarize_before_score_plateau_s0,12,reflect,[6],0.53,0.54,-0.010000000000000009,4469,5030,4
phase_a_qwen,2wiki,summarize_before_score_plateau_s0,13,reflect,[6],0.5266666666666666,0.54,-0.01333333333333342,4775,6470,4
phase_a_qwen,2wiki,summarize_before_score_plateau_s0,14,reflect,[13],0.5433333333333333,0.5266666666666666,0.01666666666666672,5111,8246,4
phase_a_qwen,2wiki,summarize_before_score_plateau_s0,15,merge,"[9, 14]",0.55,0.5433333333333333,0.00666666666666671,5416,10718,4
phase_a_qwen,2wiki,summarize_before_score_plateau_s0,16,reflect,[6],0.48333333333333334,0.54,-0.0566666666666667,5722,6691,4
phase_a_qwen,2wiki,summarize_before_score_plateau_s0,17,reflect,[6],0.7466666666666667,0.54,0.20666666666666667,6142,5137,4
phase_a_qwen,2wiki,summarize_before_score_plateau_s0,18,reflect,[17],0.7466666666666667,0.7466666666666667,0.0,6592,7307,4
our_adaptive,hotpotqa,runs_v2_first,0,seed,[None],0.4166666666666667,,,0,303,4
our_adaptive,hotpotqa,runs_v2_first,1,reflect,[0],0.43,0.4166666666666667,0.013333333333333308,324,2061,4
our_adaptive,hotpotqa,runs_v2_first,2,reflect,[0],0.5333333333333333,0.4166666666666667,0.11666666666666664,669,2226,4
our_adaptive,hotpotqa,runs_v2_first,3,reflect,[2],0.5066666666666667,0.5333333333333333,-0.026666666666666616,975,4522,4
our_adaptive,hotpotqa,runs_v2_first,4,reflect,[2],0.44,0.5333333333333333,-0.09333333333333332,1575,4847,4
our_adaptive,hotpotqa,runs_v2_first,5,reflect,[1],0.38666666666666666,0.43,-0.043333333333333335,1899,3812,4
our_adaptive,hotpotqa,runs_v2_first,6,reflect,[3],0.51,0.5066666666666667,0.0033333333333332993,2223,6194,4
our_adaptive,hotpotqa,runs_v2_first,7,reflect,[4],0.44333333333333336,0.44,0.003333333333333355,2601,7142,4
our_adaptive,hotpotqa,runs_v2_first,8,reflect,[1],0.4266666666666667,0.43,-0.0033333333333332993,2925,3998,4
our_adaptive,hotpotqa,runs_v2_first,9,merge,"[3, 7]",0.51,0.5066666666666667,0.0033333333333332993,3230,6817,4
our_adaptive,hotpotqa,runs_v2_first,10,reflect,[5],0.39666666666666667,0.38666666666666666,0.010000000000000009,3590,6041,4
our_adaptive,hotpotqa,runs_v2_first,11,reflect,[1],0.43,0.43,0.0,3926,4103,4
our_adaptive,hotpotqa,runs_v2_first,12,reflect,[3],0.49666666666666665,0.5066666666666667,-0.010000000000000064,4250,6089,4
our_adaptive,hotpotqa,runs_v2_first,13,merge,"[9, 12]",0.51,0.51,0.0,4555,6817,4
our_adaptive,hotpotqa,runs_v2_first,14,reflect,[12],0.49,0.49666666666666665,-0.006666666666666654,4975,6459,4
our_adaptive,hotpotqa,runs_v2_first,15,merge,"[13, 14]",0.51,0.51,0.0,5280,6817,4
our_adaptive,hotpotqa,runs_v2_first,16,reflect,[11],0.41,0.43,-0.020000000000000018,5817,6045,4
our_adaptive,hotpotqa,runs_v2_first,17,reflect,[7],0.43666666666666665,0.44333333333333336,-0.00666666666666671,6234,8207,4
our_adaptive,hotpotqa,runs_v2_first,18,reflect,[3],0.5166666666666667,0.5066666666666667,0.010000000000000009,6630,6430,4
our_adaptive,ifbench,runs_v2_first,0,seed,[None],0.5847222222222221,,,0,138,2
our_adaptive,ifbench,runs_v2_first,1,reflect,[0],0.599722222222222,0.5847222222222221,0.014999999999999902,351,1204,2
our_adaptive,ifbench,runs_v2_first,2,reflect,[0],0.7580555555555554,0.5847222222222221,0.17333333333333323,729,1027,2
our_adaptive,ifbench,runs_v2_first,3,reflect,[1],0.5774999999999998,0.599722222222222,-0.022222222222222254,1035,2791,2
our_adaptive,ifbench,runs_v2_first,4,reflect,[2],0.8141666666666665,0.7580555555555554,0.05611111111111111,1353,2434,2
our_adaptive,ifbench,runs_v2_first,5,reflect,[2],0.7213888888888886,0.7580555555555554,-0.036666666666666736,1659,2089,2
our_adaptive,ifbench,runs_v2_first,6,reflect,[2],0.8063888888888887,0.7580555555555554,0.04833333333333334,1986,1697,2
our_adaptive,ifbench,runs_v2_first,7,reflect,[4],0.802222222222222,0.8141666666666665,-0.011944444444444535,2298,4457,2
our_adaptive,ifbench,runs_v2_first,8,reflect,[1],0.624722222222222,0.599722222222222,0.02499999999999991,2637,3518,2
our_adaptive,ifbench,runs_v2_first,9,reflect,[4],0.8119444444444444,0.8141666666666665,-0.0022222222222221255,2973,2861,2
our_adaptive,ifbench,runs_v2_first,10,reflect,[9],0.7888888888888885,0.8119444444444444,-0.02305555555555583,3354,4016,2
our_adaptive,musique,runs_v2_first,0,seed,[None],0.30666666666666664,,,0,307,4
our_adaptive,musique,runs_v2_first,1,reflect,[0],0.32,0.30666666666666664,0.013333333333333364,306,2645,4
our_adaptive,musique,runs_v2_first,2,reflect,[0],0.30666666666666664,0.30666666666666664,0.0,666,3269,4
our_adaptive,musique,runs_v2_first,3,reflect,[2],0.32,0.30666666666666664,0.013333333333333364,1086,4940,4
our_adaptive,musique,runs_v2_first,4,reflect,[1],0.33,0.32,0.010000000000000009,1482,5027,4
our_adaptive,musique,runs_v2_first,5,reflect,[3],0.31333333333333335,0.32,-0.006666666666666654,1794,5879,4
our_adaptive,musique,runs_v2_first,6,reflect,[1],0.3233333333333333,0.32,0.0033333333333332993,2214,4658,4
our_adaptive,musique,runs_v2_first,7,reflect,[6],0.26666666666666666,0.3233333333333333,-0.05666666666666664,2556,5817,4
our_adaptive,musique,runs_v2_first,8,reflect,[0],0.33666666666666667,0.30666666666666664,0.030000000000000027,2880,3031,4
our_adaptive,musique,runs_v2_first,9,reflect,[2],0.30666666666666664,0.30666666666666664,0.0,3311,5326,4
our_adaptive,musique,runs_v2_first,10,merge,"[3, 8]",0.3233333333333333,0.33666666666666667,-0.013333333333333364,3616,7664,4
our_adaptive,musique,runs_v2_first,11,reflect,[5],0.47333333333333333,0.31333333333333335,0.15999999999999998,3964,7856,4
our_adaptive,musique,runs_v2_first,12,reflect,[11],0.48333333333333334,0.47333333333333333,0.010000000000000009,4336,9714,4
our_adaptive,musique,runs_v2_first,13,reflect,[8],0.38666666666666666,0.33666666666666667,0.04999999999999999,4774,5583,4
our_adaptive,musique,runs_v2_first,14,reflect,[11],0.47,0.47333333333333333,-0.003333333333333355,5080,9764,4
our_adaptive,musique,runs_v2_first,15,reflect,[14],0.47333333333333333,0.47,0.003333333333333355,5446,12513,4
our_adaptive,musique,runs_v2_first,16,merge,"[13, 14]",0.47333333333333333,0.47,0.003333333333333355,5751,12488,4
our_adaptive,musique,runs_v2_first,17,reflect,[7],0.25666666666666665,0.26666666666666666,-0.010000000000000009,6063,9931,4
our_adaptive,musique,runs_v2_first,18,merge,"[4, 11]",0.47333333333333333,0.47333333333333333,0.0,6368,7856,4
our_adaptive,musique,runs_v2_first,19,reflect,[12],0.47,0.48333333333333334,-0.013333333333333364,6692,10690,4
our_adaptive,hover,runs,0,seed,[None],0.2633333333333333,,,0,290,4
our_adaptive,hover,runs,1,reflect,[0],0.30333333333333334,0.2633333333333333,0.040000000000000036,414,2310,4
our_adaptive,hover,runs,2,reflect,[1],0.32666666666666666,0.30333333333333334,0.023333333333333317,774,4275,4
our_adaptive,hover,runs,3,reflect,[0],0.36666666666666664,0.2633333333333333,0.10333333333333333,1134,2182,4
our_adaptive,hover,runs,4,reflect,[2],0.3566666666666667,0.32666666666666666,0.030000000000000027,1464,5419,4
our_adaptive,hover,runs,5,reflect,[1],0.3566666666666667,0.30333333333333334,0.053333333333333344,1809,4114,4
our_adaptive,hover,runs,6,reflect,[3],0.3566666666666667,0.36666666666666664,-0.009999999999999953,2229,4206,4
our_adaptive,hover,runs,7,reflect,[1],0.38,0.30333333333333334,0.07666666666666666,2553,3981,4
our_adaptive,hover,runs,8,reflect,[5],0.35333333333333333,0.3566666666666667,-0.003333333333333355,2871,5645,4
our_adaptive,hover,runs,9,reflect,[7],0.3466666666666667,0.38,-0.033333333333333326,3186,5989,4
our_adaptive,hover,runs,10,reflect,[6],0.41,0.3566666666666667,0.05333333333333329,3534,5826,4
our_adaptive,hover,runs,11,reflect,[4],0.39666666666666667,0.3566666666666667,0.03999999999999998,3843,7559,4
our_adaptive,hover,runs,12,reflect,[6],0.35,0.3566666666666667,-0.00666666666666671,4185,5932,4
our_adaptive,hover,runs,13,reflect,[2],0.36333333333333334,0.32666666666666666,0.03666666666666668,4557,6596,4
our_adaptive,hover,runs,14,merge,"[10, 11]",0.41333333333333333,0.41,0.003333333333333355,4862,8990,4
our_adaptive,hover,runs,15,reflect,[10],0.38,0.41,-0.02999999999999997,5192,8026,4
our_adaptive,hover,runs,16,reflect,[14],0.42333333333333334,0.41333333333333333,0.010000000000000009,5576,10334,4
our_adaptive,hover,runs,17,reflect,[10],0.4066666666666667,0.41,-0.0033333333333332993,5924,7394,4
our_adaptive,hover,runs,18,reflect,[17],0.4066666666666667,0.4066666666666667,0.0,6230,9966,4
our_adaptive,hover,runs,19,reflect,[6],0.35,0.3566666666666667,-0.00666666666666671,6536,5549,4
our_adaptive,hover,runs,20,reflect,[16],0.39666666666666667,0.42333333333333334,-0.026666666666666672,6883,11438,4
our_adaptive,hotpotqa,runs_v1_g2on,0,seed,[None],0.4166666666666667,,,0,303,4
our_adaptive,hotpotqa,runs_v1_g2on,1,reflect,[0],0.43,0.4166666666666667,0.013333333333333308,324,2061,4
our_adaptive,hotpotqa,runs_v1_g2on,2,reflect,[0],0.5333333333333333,0.4166666666666667,0.11666666666666664,669,2226,4
our_adaptive,hotpotqa,runs_v1_g2on,3,reflect,[2],0.5066666666666667,0.5333333333333333,-0.026666666666666616,975,4522,4
our_adaptive,hotpotqa,runs_v1_g2on,4,reflect,[2],0.44,0.5333333333333333,-0.09333333333333332,1575,4847,4
our_adaptive,hotpotqa,runs_v1_g2on,5,reflect,[1],0.38666666666666666,0.43,-0.043333333333333335,1899,3812,4
our_adaptive,hotpotqa,runs_v1_g2on,6,reflect,[3],0.51,0.5066666666666667,0.0033333333333332993,2223,6194,4
our_adaptive,hotpotqa,runs_v1_g2on,7,reflect,[4],0.44333333333333336,0.44,0.003333333333333355,2601,7142,4
our_adaptive,hotpotqa,runs_v1_g2on,8,reflect,[1],0.4266666666666667,0.43,-0.0033333333333332993,2925,3998,4
our_adaptive,hotpotqa,runs_v1_g2on,9,reflect,[2],0.48333333333333334,0.5333333333333333,-0.04999999999999999,3261,4392,4
our_adaptive,hotpotqa,runs_v1_g2on,10,reflect,[5],0.37,0.38666666666666666,-0.016666666666666663,3591,5046,4
our_adaptive,hotpotqa,runs_v1_g2on,11,reflect,[5],0.37666666666666665,0.38666666666666666,-0.010000000000000009,3909,4928,4
our_adaptive,hotpotqa,runs_v1_g2on,12,reflect,[9],0.49333333333333335,0.48333333333333334,0.010000000000000009,4233,6694,4
our_adaptive,hotpotqa,runs_v1_g2on,13,reflect,[5],0.36333333333333334,0.38666666666666666,-0.023333333333333317,4587,5447,4
our_adaptive,hotpotqa,runs_v1_g2on,14,reflect,[5],0.37,0.38666666666666666,-0.016666666666666663,4893,5598,4
our_adaptive,hotpotqa,runs_v1_g2on,15,reflect,[11],0.42,0.37666666666666665,0.043333333333333335,5219,6814,4
our_adaptive,hotpotqa,runs_v1_g2on,16,merge,"[1, 3]",0.51,0.5066666666666667,0.0033333333333332993,5524,6280,4
our_adaptive,hotpotqa,runs_v1_g2on,17,reflect,[5],0.38666666666666666,0.38666666666666666,0.0,6031,6045,4
our_adaptive,hotpotqa,runs_v1_g2on,18,reflect,[16],0.51,0.51,0.0,6571,7047,4
our_adaptive,hover,runs_v1_g2on,0,seed,[None],0.2633333333333333,,,0,290,4
our_adaptive,hover,runs_v1_g2on,1,reflect,[0],0.30333333333333334,0.2633333333333333,0.040000000000000036,414,2310,4
our_adaptive,hover,runs_v1_g2on,2,reflect,[1],0.32666666666666666,0.30333333333333334,0.023333333333333317,774,4275,4
our_adaptive,hover,runs_v1_g2on,3,reflect,[0],0.36666666666666664,0.2633333333333333,0.10333333333333333,1134,2182,4
our_adaptive,hover,runs_v1_g2on,4,reflect,[2],0.3566666666666667,0.32666666666666666,0.030000000000000027,1464,5419,4
our_adaptive,hover,runs_v1_g2on,5,reflect,[1],0.3566666666666667,0.30333333333333334,0.053333333333333344,1809,4114,4
our_adaptive,hover,runs_v1_g2on,6,reflect,[3],0.36,0.36666666666666664,-0.006666666666666654,2132,3890,4
our_adaptive,hover,runs_v1_g2on,7,merge,"[5, 6]",0.3933333333333333,0.36,0.033333333333333326,2437,7714,4
our_adaptive,hover,runs_v1_g2on,8,reflect,[5],0.35333333333333333,0.3566666666666667,-0.003333333333333355,2743,5529,4
our_adaptive,hover,runs_v1_g2on,9,merge,"[4, 7]",0.43,0.3933333333333333,0.03666666666666668,3048,10917,4
our_adaptive,hover,runs_v1_g2on,10,reflect,[3],0.38666666666666666,0.36666666666666664,0.020000000000000018,3360,3886,4
our_adaptive,hover,runs_v1_g2on,11,reflect,[7],0.36,0.3933333333333333,-0.033333333333333326,3746,10934,4
our_adaptive,hover,runs_v1_g2on,12,reflect,[7],0.42,0.3933333333333333,0.026666666666666672,4099,8465,4
our_adaptive,hover,runs_v1_g2on,13,reflect,[6],0.36666666666666664,0.36,0.006666666666666654,4416,6009,4
our_adaptive,hover,runs_v1_g2on,14,reflect,[3],0.3466666666666667,0.36666666666666664,-0.019999999999999962,4739,4181,4
our_adaptive,hover,runs_v1_g2on,15,reflect,[6],0.35,0.36,-0.010000000000000009,5203,6658,4
our_adaptive,hover,runs_v1_g2on,16,reflect,[13],0.38,0.36666666666666664,0.013333333333333364,5598,7404,4
our_adaptive,hover,runs_v1_g2on,17,merge,"[10, 16]",0.4166666666666667,0.38666666666666666,0.030000000000000027,5903,9108,4
our_adaptive,hover,runs_v1_g2on,18,reflect,[5],0.36,0.3566666666666667,0.0033333333333332993,6344,5389,4
our_adaptive,hover,runs_v1_g2on,19,reflect,[7],0.4033333333333333,0.3933333333333333,0.010000000000000009,6754,8545,4
our_adaptive,ifbench,runs_v1_g2on,0,seed,[None],0.5847222222222221,,,0,138,2
our_adaptive,ifbench,runs_v1_g2on,1,reflect,[0],0.599722222222222,0.5847222222222221,0.014999999999999902,351,1204,2
our_adaptive,ifbench,runs_v1_g2on,2,reflect,[0],0.7580555555555554,0.5847222222222221,0.17333333333333323,729,1027,2
our_adaptive,ifbench,runs_v1_g2on,3,reflect,[1],0.5774999999999998,0.599722222222222,-0.022222222222222254,1035,2791,2
our_adaptive,ifbench,runs_v1_g2on,4,reflect,[2],0.8141666666666665,0.7580555555555554,0.05611111111111111,1353,2434,2
our_adaptive,ifbench,runs_v1_g2on,5,merge,"[1, 4]",0.8069444444444442,0.8141666666666665,-0.007222222222222241,1658,3548,2
our_adaptive,ifbench,runs_v1_g2on,6,reflect,[2],0.7402777777777776,0.7580555555555554,-0.01777777777777778,1967,1773,2
our_adaptive,ifbench,runs_v1_g2on,7,reflect,[5],0.7849999999999998,0.8069444444444442,-0.021944444444444433,2285,18895,2
our_adaptive,ifbench,runs_v1_g2on,8,reflect,[2],0.8080555555555553,0.7580555555555554,0.04999999999999993,2591,1697,2
our_adaptive,ifbench,runs_v1_g2on,9,reflect,[1],0.6263888888888887,0.599722222222222,0.026666666666666616,2933,3518,2
our_adaptive,ifbench,runs_v1_g2on,10,reflect,[9],0.6419444444444442,0.6263888888888887,0.015555555555555545,3317,6012,2
our_adaptive,musique,runs_v1_g2on,0,seed,[None],0.30666666666666664,,,0,307,4
our_adaptive,musique,runs_v1_g2on,1,reflect,[0],0.32,0.30666666666666664,0.013333333333333364,306,2645,4
our_adaptive,musique,runs_v1_g2on,2,reflect,[0],0.30666666666666664,0.30666666666666664,0.0,666,3269,4
our_adaptive,musique,runs_v1_g2on,3,reflect,[2],0.32,0.30666666666666664,0.013333333333333364,1086,4940,4
our_adaptive,musique,runs_v1_g2on,4,reflect,[1],0.33,0.32,0.010000000000000009,1482,5027,4
our_adaptive,musique,runs_v1_g2on,5,reflect,[3],0.31333333333333335,0.32,-0.006666666666666654,1794,5879,4
our_adaptive,musique,runs_v1_g2on,6,reflect,[1],0.3233333333333333,0.32,0.0033333333333332993,2214,4658,4
our_adaptive,musique,runs_v1_g2on,7,reflect,[6],0.26666666666666666,0.3233333333333333,-0.05666666666666664,2556,5817,4
our_adaptive,musique,runs_v1_g2on,8,reflect,[0],0.33666666666666667,0.30666666666666664,0.030000000000000027,2880,3031,4
our_adaptive,musique,runs_v1_g2on,9,reflect,[2],0.30666666666666664,0.30666666666666664,0.0,3311,5326,4
our_adaptive,musique,runs_v1_g2on,10,merge,"[3, 8]",0.3233333333333333,0.33666666666666667,-0.013333333333333364,3616,7664,4
our_adaptive,musique,runs_v1_g2on,11,reflect,[5],0.47333333333333333,0.31333333333333335,0.15999999999999998,3964,7856,4
our_adaptive,musique,runs_v1_g2on,12,merge,"[4, 11]",0.48,0.47333333333333333,0.006666666666666654,4269,12676,4
our_adaptive,musique,runs_v1_g2on,13,reflect,[11],0.48333333333333334,0.47333333333333333,0.010000000000000009,4635,9714,4
our_adaptive,musique,runs_v1_g2on,14,merge,"[8, 11]",0.47,0.47333333333333333,-0.003333333333333355,4940,10580,4
our_adaptive,musique,runs_v1_g2on,15,reflect,[6],0.31666666666666665,0.3233333333333333,-0.006666666666666654,5414,8118,4
our_adaptive,musique,runs_v1_g2on,16,reflect,[13],0.4866666666666667,0.48333333333333334,0.003333333333333355,5761,10747,4
our_adaptive,musique,runs_v1_g2on,17,merge,"[8, 13]",0.49,0.48333333333333334,0.006666666666666654,6066,12438,4
our_adaptive,musique,runs_v1_g2on,18,reflect,[12],0.47,0.48,-0.010000000000000009,6780,13648,4
our_adaptive,hotpotqa,runs_v2_5,0,seed,[None],0.4166666666666667,,,0,303,4
our_adaptive,hotpotqa,runs_v2_5,1,reflect,[0],0.43,0.4166666666666667,0.013333333333333308,324,2061,4
our_adaptive,hotpotqa,runs_v2_5,2,reflect,[0],0.5333333333333333,0.4166666666666667,0.11666666666666664,669,2226,4
our_adaptive,hotpotqa,runs_v2_5,3,reflect,[2],0.5066666666666667,0.5333333333333333,-0.026666666666666616,975,4522,4
our_adaptive,hotpotqa,runs_v2_5,4,reflect,[2],0.44,0.5333333333333333,-0.09333333333333332,1575,4847,4
our_adaptive,hotpotqa,runs_v2_5,5,reflect,[1],0.38666666666666666,0.43,-0.043333333333333335,1899,3812,4
our_adaptive,hotpotqa,runs_v2_5,6,reflect,[3],0.51,0.5066666666666667,0.0033333333333332993,2223,6194,4
our_adaptive,hotpotqa,runs_v2_5,7,reflect,[4],0.44333333333333336,0.44,0.003333333333333355,2601,7142,4
our_adaptive,hotpotqa,runs_v2_5,8,merge,"[3, 7]",0.51,0.5066666666666667,0.0033333333333332993,2906,6817,4
our_adaptive,hotpotqa,runs_v2_5,9,reflect,[5],0.36333333333333334,0.38666666666666666,-0.023333333333333317,3314,5447,4
our_adaptive,hover,runs_v2_5,0,seed,[None],0.2633333333333333,,,0,290,4
our_adaptive,hover,runs_v2_5,1,reflect,[0],0.30333333333333334,0.2633333333333333,0.040000000000000036,414,2310,4
our_adaptive,hover,runs_v2_5,2,reflect,[1],0.32666666666666666,0.30333333333333334,0.023333333333333317,774,4275,4
our_adaptive,hover,runs_v2_5,3,reflect,[0],0.36666666666666664,0.2633333333333333,0.10333333333333333,1134,2182,4
our_adaptive,hover,runs_v2_5,4,reflect,[2],0.3566666666666667,0.32666666666666666,0.030000000000000027,1464,5419,4
our_adaptive,hover,runs_v2_5,5,reflect,[1],0.3566666666666667,0.30333333333333334,0.053333333333333344,1809,4114,4
our_adaptive,hover,runs_v2_5,6,reflect,[3],0.3566666666666667,0.36666666666666664,-0.009999999999999953,2229,4206,4
our_adaptive,hover,runs_v2_5,7,reflect,[1],0.38,0.30333333333333334,0.07666666666666666,2553,3981,4
our_adaptive,hover,runs_v2_5,8,reflect,[5],0.35333333333333333,0.3566666666666667,-0.003333333333333355,2871,5645,4
our_adaptive,hover,runs_v2_5,9,reflect,[7],0.3466666666666667,0.38,-0.033333333333333326,3186,5989,4
our_adaptive,hover,runs_v2_5,10,reflect,[6],0.41,0.3566666666666667,0.05333333333333329,3534,5826,4
our_adaptive,hover,runs_v2_5,11,reflect,[4],0.39666666666666667,0.3566666666666667,0.03999999999999998,3843,7559,4
our_adaptive,hover,runs_v2_5,12,reflect,[6],0.35,0.3566666666666667,-0.00666666666666671,4185,5932,4
our_adaptive,hover,runs_v2_5,13,reflect,[2],0.36333333333333334,0.32666666666666666,0.03666666666666668,4557,6596,4
our_adaptive,hover,runs_v2_5,14,merge,"[10, 11]",0.41333333333333333,0.41,0.003333333333333355,4862,8990,4
our_adaptive,hover,runs_v2_5,15,reflect,[10],0.38,0.41,-0.02999999999999997,5192,8026,4
our_adaptive,hover,runs_v2_5,16,reflect,[14],0.42333333333333334,0.41333333333333333,0.010000000000000009,5576,10334,4
our_adaptive,hover,runs_v2_5,17,reflect,[10],0.4066666666666667,0.41,-0.0033333333333332993,5924,7394,4
our_adaptive,hover,runs_v2_5,18,reflect,[17],0.4066666666666667,0.4066666666666667,0.0,6230,9966,4
our_adaptive,hover,runs_v2_5,19,reflect,[6],0.35,0.3566666666666667,-0.00666666666666671,6536,5549,4
our_adaptive,hover,runs_v2_5,20,reflect,[16],0.39666666666666667,0.42333333333333334,-0.026666666666666672,6883,11438,4
our_adaptive,ifbench,runs_v2_5,0,seed,[None],0.5847222222222221,,,0,138,2
our_adaptive,ifbench,runs_v2_5,1,reflect,[0],0.599722222222222,0.5847222222222221,0.014999999999999902,351,1204,2
our_adaptive,ifbench,runs_v2_5,2,reflect,[0],0.7580555555555554,0.5847222222222221,0.17333333333333323,729,1027,2
our_adaptive,ifbench,runs_v2_5,3,reflect,[1],0.5774999999999998,0.599722222222222,-0.022222222222222254,1035,2791,2
our_adaptive,ifbench,runs_v2_5,4,reflect,[2],0.8141666666666665,0.7580555555555554,0.05611111111111111,1353,2434,2
our_adaptive,ifbench,runs_v2_5,5,reflect,[2],0.7213888888888886,0.7580555555555554,-0.036666666666666736,1659,2089,2
our_adaptive,ifbench,runs_v2_5,6,reflect,[2],0.8080555555555553,0.7580555555555554,0.04999999999999993,1986,1697,2
our_adaptive,ifbench,runs_v2_5,7,reflect,[4],0.802222222222222,0.8141666666666665,-0.011944444444444535,2298,4457,2
our_adaptive,ifbench,runs_v2_5,8,reflect,[1],0.624722222222222,0.599722222222222,0.02499999999999991,2637,3518,2
our_adaptive,ifbench,runs_v2_5,9,reflect,[4],0.8127777777777777,0.8141666666666665,-0.001388888888888773,2973,2861,2
our_adaptive,ifbench,runs_v2_5,10,reflect,[9],0.7872222222222219,0.8127777777777777,-0.025555555555555776,3354,4016,2
our_adaptive,musique,runs_v2_5,0,seed,[None],0.30666666666666664,,,0,307,4
our_adaptive,musique,runs_v2_5,1,reflect,[0],0.32,0.30666666666666664,0.013333333333333364,306,2645,4
our_adaptive,musique,runs_v2_5,2,reflect,[0],0.30666666666666664,0.30666666666666664,0.0,666,3269,4
our_adaptive,musique,runs_v2_5,3,reflect,[2],0.32,0.30666666666666664,0.013333333333333364,1086,4940,4
our_adaptive,musique,runs_v2_5,4,reflect,[1],0.33,0.32,0.010000000000000009,1482,5027,4
our_adaptive,musique,runs_v2_5,5,reflect,[3],0.31333333333333335,0.32,-0.006666666666666654,1794,5879,4
our_adaptive,musique,runs_v2_5,6,reflect,[1],0.3233333333333333,0.32,0.0033333333333332993,2214,4658,4
our_adaptive,musique,runs_v2_5,7,reflect,[6],0.26666666666666666,0.3233333333333333,-0.05666666666666664,2556,5817,4
our_adaptive,musique,runs_v2_5,8,reflect,[0],0.33666666666666667,0.30666666666666664,0.030000000000000027,2880,3031,4
our_adaptive,musique,runs_v2_5,9,reflect,[2],0.30666666666666664,0.30666666666666664,0.0,3311,5326,4
our_adaptive,musique,runs_v2_5,10,merge,"[3, 8]",0.3233333333333333,0.33666666666666667,-0.013333333333333364,3616,7664,4
our_adaptive,musique,runs_v2_5,11,reflect,[5],0.47333333333333333,0.31333333333333335,0.15999999999999998,3964,7856,4
our_adaptive,musique,runs_v2_5,12,reflect,[11],0.48333333333333334,0.47333333333333333,0.010000000000000009,4336,9714,4
our_adaptive,musique,runs_v2_5,13,reflect,[8],0.38666666666666666,0.33666666666666667,0.04999999999999999,4774,5583,4
our_adaptive,musique,runs_v2_5,14,reflect,[11],0.47,0.47333333333333333,-0.003333333333333355,5080,9764,4
our_adaptive,musique,runs_v2_5,15,reflect,[14],0.47333333333333333,0.47,0.003333333333333355,5446,12513,4
our_adaptive,musique,runs_v2_5,16,merge,"[13, 14]",0.47333333333333333,0.47,0.003333333333333355,5751,12488,4
our_adaptive,musique,runs_v2_5,17,reflect,[7],0.25666666666666665,0.26666666666666666,-0.010000000000000009,6063,9931,4
our_adaptive,musique,runs_v2_5,18,merge,"[4, 11]",0.47333333333333333,0.47333333333333333,0.0,6368,7856,4
our_adaptive,musique,runs_v2_5,19,reflect,[12],0.47,0.48333333333333334,-0.013333333333333364,6692,10690,4
our_adaptive,hotpotqa,runs_v2_6,0,seed,[None],0.4166666666666667,,,0,303,4
our_adaptive,hotpotqa,runs_v2_6,1,reflect,[0],0.43,0.4166666666666667,0.013333333333333308,324,2061,4
our_adaptive,hotpotqa,runs_v2_6,2,reflect,[0],0.5333333333333333,0.4166666666666667,0.11666666666666664,669,2226,4
our_adaptive,hotpotqa,runs_v2_6,3,reflect,[2],0.5066666666666667,0.5333333333333333,-0.026666666666666616,975,4522,4
our_adaptive,hotpotqa,runs_v2_6,4,reflect,[2],0.44,0.5333333333333333,-0.09333333333333332,1575,4847,4
our_adaptive,hotpotqa,runs_v2_6,5,reflect,[1],0.38666666666666666,0.43,-0.043333333333333335,1899,3812,4
our_adaptive,hotpotqa,runs_v2_6,6,reflect,[3],0.51,0.5066666666666667,0.0033333333333332993,2223,6194,4
our_adaptive,hotpotqa,runs_v2_6,7,merge,"[4, 6]",0.51,0.51,0.0,2528,6194,4
our_adaptive,hotpotqa,runs_v2_6,8,reflect,[4],0.46,0.44,0.020000000000000018,2915,5013,4
our_adaptive,hotpotqa,runs_v2_6,9,merge,"[7, 8]",0.51,0.51,0.0,3220,6194,4
our_adaptive,hotpotqa,runs_v2_6,10,reflect,[9],0.5033333333333333,0.51,-0.00666666666666671,3874,7906,4
our_adaptive,hotpotqa,runs_v2_6,11,reflect,[5],0.3566666666666667,0.38666666666666666,-0.02999999999999997,4192,4993,4
our_adaptive,hotpotqa,runs_v2_6,12,reflect,[9],0.51,0.51,0.0,4573,7213,4
our_adaptive,hotpotqa,runs_v2_6,13,reflect,[5],0.44333333333333336,0.38666666666666666,0.0566666666666667,5005,5643,4
our_adaptive,hotpotqa,runs_v2_6,14,reflect,[12],0.5066666666666667,0.51,-0.0033333333333332993,5317,8896,4
our_adaptive,hotpotqa,runs_v2_6,15,reflect,[2],0.52,0.5333333333333333,-0.013333333333333308,5671,3603,4
our_adaptive,hotpotqa,runs_v2_6,16,merge,"[14, 15]",0.49333333333333335,0.52,-0.026666666666666672,5976,10273,4
our_adaptive,hotpotqa,runs_v2_6,17,reflect,[8],0.47,0.46,0.009999999999999953,6441,5446,4
our_adaptive,hotpotqa,runs_v2_6,18,merge,"[9, 15]",0.5233333333333333,0.52,0.0033333333333332993,6746,7571,4
our_adaptive,hover,runs_v2_6,0,seed,[None],0.2633333333333333,,,0,290,4
our_adaptive,hover,runs_v2_6,1,reflect,[0],0.30333333333333334,0.2633333333333333,0.040000000000000036,414,2310,4
our_adaptive,hover,runs_v2_6,2,reflect,[1],0.32666666666666666,0.30333333333333334,0.023333333333333317,774,4275,4
our_adaptive,hover,runs_v2_6,3,reflect,[0],0.36666666666666664,0.2633333333333333,0.10333333333333333,1134,2182,4
our_adaptive,hover,runs_v2_6,4,reflect,[2],0.3566666666666667,0.32666666666666666,0.030000000000000027,1464,5419,4
our_adaptive,hover,runs_v2_6,5,merge,"[3, 4]",0.4,0.36666666666666664,0.03333333333333338,1769,7311,4
our_adaptive,hover,runs_v2_6,6,reflect,[5],0.41333333333333333,0.4,0.013333333333333308,2078,9528,4
our_adaptive,hover,runs_v2_6,7,reflect,[6],0.43666666666666665,0.41333333333333333,0.023333333333333317,2396,11347,4
our_adaptive,hover,runs_v2_6,8,reflect,[3],0.36,0.36666666666666664,-0.006666666666666654,2720,4491,4
our_adaptive,hover,runs_v2_6,9,reflect,[3],0.37,0.36666666666666664,0.003333333333333355,3113,4910,4
our_adaptive,hover,runs_v2_6,10,merge,"[6, 9]",0.41333333333333333,0.41333333333333333,0.0,3418,9528,4
our_adaptive,hover,runs_v2_6,11,reflect,[9],0.37666666666666665,0.37,0.006666666666666654,3943,8080,4
our_adaptive,hover,runs_v2_6,12,merge,"[7, 11]",0.43666666666666665,0.43666666666666665,0.0,4248,11347,4
our_adaptive,hover,runs_v2_6,13,reflect,[2],0.35,0.32666666666666666,0.023333333333333317,4572,6798,4
our_adaptive,hover,runs_v2_6,14,merge,"[5, 11]",0.41333333333333333,0.4,0.013333333333333308,4877,10039,4
our_adaptive,hover,runs_v2_6,15,reflect,[11],0.36,0.37666666666666665,-0.016666666666666663,5189,9677,4
our_adaptive,hover,runs_v2_6,16,merge,"[10, 11]",0.41333333333333333,0.41333333333333333,0.0,5494,9528,4
our_adaptive,hover,runs_v2_6,17,reflect,[12],0.4166666666666667,0.43666666666666665,-0.019999999999999962,5824,15047,4
our_adaptive,hover,runs_v2_6,18,merge,"[12, 14]",0.43666666666666665,0.43666666666666665,0.0,6129,11347,4
our_adaptive,hover,runs_v2_6,19,reflect,[8],0.36666666666666664,0.36,0.006666666666666654,6477,7074,4
our_adaptive,hover,runs_v2_6,20,merge,"[16, 18]",0.43666666666666665,0.43666666666666665,0.0,6782,11347,4
our_adaptive,ifbench,runs_v2_6,0,seed,[None],0.5847222222222221,,,0,138,2
our_adaptive,ifbench,runs_v2_6,1,reflect,[0],0.599722222222222,0.5847222222222221,0.014999999999999902,351,1204,2
our_adaptive,ifbench,runs_v2_6,2,reflect,[0],0.7580555555555554,0.5847222222222221,0.17333333333333323,729,1027,2
our_adaptive,ifbench,runs_v2_6,3,reflect,[2],0.8063888888888887,0.7580555555555554,0.04833333333333334,1070,1697,2
our_adaptive,musique,runs_v2_6,0,seed,[None],0.30666666666666664,,,0,307,4
our_adaptive,musique,runs_v2_6,1,reflect,[0],0.32,0.30666666666666664,0.013333333333333364,306,2645,4
our_adaptive,musique,runs_v2_6,2,reflect,[0],0.30666666666666664,0.30666666666666664,0.0,666,3269,4
our_adaptive,musique,runs_v2_6,3,reflect,[2],0.32,0.30666666666666664,0.013333333333333364,1086,4940,4
our_adaptive,musique,runs_v2_6,4,reflect,[1],0.33,0.32,0.010000000000000009,1482,5027,4
our_adaptive,musique,runs_v2_6,5,reflect,[3],0.31333333333333335,0.32,-0.006666666666666654,1794,5879,4
our_adaptive,musique,runs_v2_6,6,reflect,[1],0.3233333333333333,0.32,0.0033333333333332993,2214,4658,4
our_adaptive,musique,runs_v2_6,7,reflect,[6],0.26666666666666666,0.3233333333333333,-0.05666666666666664,2556,5817,4
our_adaptive,musique,runs_v2_6,8,reflect,[0],0.33666666666666667,0.30666666666666664,0.030000000000000027,2880,3031,4
our_adaptive,musique,runs_v2_6,9,reflect,[2],0.30666666666666664,0.30666666666666664,0.0,3311,5326,4
our_adaptive,musique,runs_v2_6,10,merge,"[3, 8]",0.3233333333333333,0.33666666666666667,-0.013333333333333364,3616,7664,4
our_adaptive,musique,runs_v2_6,11,reflect,[5],0.47333333333333333,0.31333333333333335,0.15999999999999998,3964,7856,4
our_adaptive,musique,runs_v2_6,12,merge,"[4, 11]",0.47333333333333333,0.47333333333333333,0.0,4269,7856,4
our_adaptive,musique,runs_v2_6,13,reflect,[6],0.37666666666666665,0.3233333333333333,0.053333333333333344,4758,6882,4
our_adaptive,musique,runs_v2_6,14,merge,"[8, 12]",0.47,0.47333333333333333,-0.003333333333333355,5063,10580,4
our_adaptive,musique,runs_v2_6,15,reflect,[12],0.47,0.47333333333333333,-0.003333333333333355,5381,9764,4
our_adaptive,musique,runs_v2_6,16,merge,"[12, 13]",0.47333333333333333,0.47333333333333333,0.0,5686,7856,4
our_adaptive,musique,runs_v2_6,17,reflect,[13],0.4266666666666667,0.37666666666666665,0.050000000000000044,6004,8644,4
our_adaptive,musique,runs_v2_6,18,merge,"[13, 15]",0.47,0.47,0.0,6309,9764,4
our_adaptive,musique,runs_v2_6,19,reflect,[18],0.4666666666666667,0.47,-0.0033333333333332993,6765,10547,4
our_adaptive,hotpotqa,runs_v2_7,0,seed,[None],0.4166666666666667,,,0,303,4
our_adaptive,hotpotqa,runs_v2_7,1,reflect,[0],0.43,0.4166666666666667,0.013333333333333308,324,2061,4
our_adaptive,hotpotqa,runs_v2_7,2,reflect,[0],0.5333333333333333,0.4166666666666667,0.11666666666666664,669,2226,4
our_adaptive,hotpotqa,runs_v2_7,3,reflect,[2],0.5066666666666667,0.5333333333333333,-0.026666666666666616,975,4522,4
our_adaptive,hotpotqa,runs_v2_7,4,reflect,[2],0.44,0.5333333333333333,-0.09333333333333332,1575,4847,4
our_adaptive,hotpotqa,runs_v2_7,5,reflect,[1],0.38666666666666666,0.43,-0.043333333333333335,1899,3812,4
our_adaptive,hotpotqa,runs_v2_7,6,reflect,[3],0.51,0.5066666666666667,0.0033333333333332993,2223,6194,4
our_adaptive,hotpotqa,runs_v2_7,7,reflect,[4],0.44333333333333336,0.44,0.003333333333333355,2601,7142,4
our_adaptive,hotpotqa,runs_v2_7,8,merge,"[1, 3]",0.51,0.5066666666666667,0.0033333333333332993,2906,6280,4
our_adaptive,hover,runs_v2_7,0,seed,[None],0.2633333333333333,,,0,290,4
our_adaptive,hover,runs_v2_7,1,reflect,[0],0.30333333333333334,0.2633333333333333,0.040000000000000036,414,2310,4
our_adaptive,hover,runs_v2_7,2,reflect,[1],0.32666666666666666,0.30333333333333334,0.023333333333333317,774,4275,4
our_adaptive,hover,runs_v2_7,3,reflect,[0],0.36666666666666664,0.2633333333333333,0.10333333333333333,1134,2182,4
our_adaptive,hover,runs_v2_7,4,reflect,[2],0.3566666666666667,0.32666666666666666,0.030000000000000027,1464,5419,4
our_adaptive,hover,runs_v2_7,5,reflect,[1],0.3566666666666667,0.30333333333333334,0.053333333333333344,1809,4114,4
our_adaptive,hover,runs_v2_7,6,reflect,[3],0.3566666666666667,0.36666666666666664,-0.009999999999999953,2229,4206,4
our_adaptive,hover,runs_v2_7,7,reflect,[1],0.38,0.30333333333333334,0.07666666666666666,2553,3981,4
our_adaptive,hover,runs_v2_7,8,reflect,[5],0.35333333333333333,0.3566666666666667,-0.003333333333333355,2871,5645,4
our_adaptive,hover,runs_v2_7,9,reflect,[7],0.3466666666666667,0.38,-0.033333333333333326,3186,5989,4
our_adaptive,hover,runs_v2_7,10,reflect,[6],0.41,0.3566666666666667,0.05333333333333329,3534,5826,4
our_adaptive,hover,runs_v2_7,11,reflect,[4],0.39666666666666667,0.3566666666666667,0.03999999999999998,3843,7559,4
our_adaptive,hover,runs_v2_7,12,reflect,[6],0.35,0.3566666666666667,-0.00666666666666671,4185,5932,4
our_adaptive,hover,runs_v2_7,13,reflect,[2],0.36333333333333334,0.32666666666666666,0.03666666666666668,4557,6596,4
our_adaptive,hover,runs_v2_7,14,merge,"[2, 12]",0.42333333333333334,0.35,0.07333333333333336,4862,9917,4
our_adaptive,hover,runs_v2_7,15,reflect,[10],0.39666666666666667,0.41,-0.013333333333333308,5180,6311,4
our_adaptive,hover,runs_v2_7,16,reflect,[6],0.36666666666666664,0.3566666666666667,0.009999999999999953,5522,6201,4
our_adaptive,hover,runs_v2_7,17,reflect,[3],0.39666666666666667,0.36666666666666664,0.030000000000000027,5924,4883,4
our_adaptive,hover,runs_v2_7,18,reflect,[6],0.38666666666666666,0.3566666666666667,0.02999999999999997,6278,5619,4
our_adaptive,hover,runs_v2_7,19,merge,"[14, 18]",0.42333333333333334,0.42333333333333334,0.0,6583,9917,4
our_adaptive,hover,runs_v2_7,20,reflect,[3],0.4033333333333333,0.36666666666666664,0.03666666666666668,6913,4129,4
our_adaptive,ifbench,runs_v2_7,0,seed,[None],0.5872222222222221,,,0,138,2
our_adaptive,ifbench,runs_v2_7,1,reflect,[0],0.599722222222222,0.5872222222222221,0.012499999999999956,351,1204,2
our_adaptive,ifbench,runs_v2_7,2,reflect,[0],0.7588888888888886,0.5872222222222221,0.17166666666666652,729,1027,2
our_adaptive,ifbench,runs_v2_7,3,reflect,[1],0.5802777777777777,0.599722222222222,-0.019444444444444375,1035,2791,2
our_adaptive,ifbench,runs_v2_7,4,reflect,[2],0.8141666666666665,0.7588888888888886,0.05527777777777787,1353,2434,2
our_adaptive,ifbench,runs_v2_7,5,reflect,[2],0.722222222222222,0.7588888888888886,-0.036666666666666625,1659,2089,2
our_adaptive,ifbench,runs_v2_7,6,reflect,[2],0.807222222222222,0.7588888888888886,0.04833333333333334,1986,1697,2
our_adaptive,ifbench,runs_v2_7,7,reflect,[4],0.8005555555555554,0.8141666666666665,-0.01361111111111113,2298,4457,2
our_adaptive,musique,runs_v2_7,0,seed,[None],0.30666666666666664,,,0,307,4
our_adaptive,musique,runs_v2_7,1,reflect,[0],0.32,0.30666666666666664,0.013333333333333364,306,2645,4
our_adaptive,musique,runs_v2_7,2,reflect,[0],0.30666666666666664,0.30666666666666664,0.0,666,3269,4
our_adaptive,musique,runs_v2_7,3,reflect,[2],0.32,0.30666666666666664,0.013333333333333364,1086,4940,4
our_adaptive,musique,runs_v2_7,4,reflect,[1],0.33,0.32,0.010000000000000009,1482,5027,4
our_adaptive,musique,runs_v2_7,5,reflect,[3],0.31333333333333335,0.32,-0.006666666666666654,1794,5879,4
our_adaptive,musique,runs_v2_7,6,reflect,[1],0.3233333333333333,0.32,0.0033333333333332993,2214,4658,4
our_adaptive,musique,runs_v2_7,7,reflect,[6],0.26666666666666666,0.3233333333333333,-0.05666666666666664,2556,5817,4
our_adaptive,musique,runs_v2_7,8,merge,"[1, 3]",0.32,0.32,0.0,2861,4940,4
our_adaptive,musique,runs_v2_7,9,reflect,[7],0.2633333333333333,0.26666666666666666,-0.003333333333333355,3191,8682,4
our_adaptive,musique,runs_v2_7,10,reflect,[0],0.33,0.30666666666666664,0.023333333333333373,3545,3107,4
our_adaptive,musique,runs_v2_7,11,reflect,[10],0.28,0.33,-0.04999999999999999,3941,6533,4
our_adaptive,musique,runs_v2_7,12,reflect,[10],0.33666666666666667,0.33,0.006666666666666654,4409,3438,4
our_adaptive,musique,runs_v2_7,13,reflect,[0],0.34,0.30666666666666664,0.03333333333333338,4817,2360,4
our_adaptive,musique,runs_v2_7,14,reflect,[8],0.3,0.32,-0.020000000000000018,5504,6148,4
our_adaptive,musique,runs_v2_7,15,reflect,[9],0.2633333333333333,0.2633333333333333,0.0,5822,9823,4
our_adaptive,musique,runs_v2_7,16,reflect,[8],0.30666666666666664,0.32,-0.013333333333333364,6140,6875,4
our_adaptive,musique,runs_v2_7,17,reflect,[16],0.3466666666666667,0.30666666666666664,0.040000000000000036,6680,8879,4
our_adaptive,hotpotqa,runs_v2_10,0,seed,[None],0.4166666666666667,,,0,303,4
our_adaptive,hotpotqa,runs_v2_10,1,reflect,[0],0.43,0.4166666666666667,0.013333333333333308,324,2061,4
our_adaptive,hotpotqa,runs_v2_10,2,reflect,[0],0.5333333333333333,0.4166666666666667,0.11666666666666664,669,2226,4
our_adaptive,hotpotqa,runs_v2_10,3,reflect,[2],0.5066666666666667,0.5333333333333333,-0.026666666666666616,975,4522,4
our_adaptive,hotpotqa,runs_v2_10,4,reflect,[2],0.44,0.5333333333333333,-0.09333333333333332,1575,4847,4
our_adaptive,hotpotqa,runs_v2_10,5,reflect,[1],0.38666666666666666,0.43,-0.043333333333333335,1899,3812,4
our_adaptive,hotpotqa,runs_v2_10,6,reflect,[3],0.51,0.5066666666666667,0.0033333333333332993,2223,6194,4
our_adaptive,hotpotqa,runs_v2_10,7,reflect,[4],0.44333333333333336,0.44,0.003333333333333355,2601,7142,4
our_adaptive,hotpotqa,runs_v2_10,8,reflect,[1],0.4266666666666667,0.43,-0.0033333333333332993,2925,3998,4
our_adaptive,hotpotqa,runs_v2_10,9,reflect,[2],0.48333333333333334,0.5333333333333333,-0.04999999999999999,3261,4392,4
our_adaptive,hotpotqa,runs_v2_10,10,reflect,[5],0.37,0.38666666666666666,-0.016666666666666663,3591,5046,4
our_adaptive,hotpotqa,runs_v2_10,11,reflect,[5],0.37666666666666665,0.38666666666666666,-0.010000000000000009,3909,4928,4
our_adaptive,hotpotqa,runs_v2_10,12,reflect,[9],0.49333333333333335,0.48333333333333334,0.010000000000000009,4233,6694,4
our_adaptive,hover,runs_v2_10,0,seed,[None],0.2633333333333333,,,0,290,4
our_adaptive,hover,runs_v2_10,1,reflect,[0],0.30333333333333334,0.2633333333333333,0.040000000000000036,414,2310,4
our_adaptive,hover,runs_v2_10,2,reflect,[1],0.32666666666666666,0.30333333333333334,0.023333333333333317,774,4275,4
our_adaptive,hover,runs_v2_10,3,reflect,[0],0.36666666666666664,0.2633333333333333,0.10333333333333333,1134,2182,4
our_adaptive,hover,runs_v2_10,4,reflect,[2],0.3566666666666667,0.32666666666666666,0.030000000000000027,1464,5419,4
our_adaptive,hover,runs_v2_10,5,reflect,[1],0.3566666666666667,0.30333333333333334,0.053333333333333344,1809,4114,4
our_adaptive,hover,runs_v2_10,6,reflect,[3],0.3566666666666667,0.36666666666666664,-0.009999999999999953,2229,4206,4
our_adaptive,hover,runs_v2_10,7,reflect,[1],0.38,0.30333333333333334,0.07666666666666666,2553,3981,4
our_adaptive,hover,runs_v2_10,8,reflect,[5],0.35333333333333333,0.3566666666666667,-0.003333333333333355,2871,5645,4
our_adaptive,hover,runs_v2_10,9,reflect,[7],0.3466666666666667,0.38,-0.033333333333333326,3186,5989,4
our_adaptive,hover,runs_v2_10,10,reflect,[6],0.41,0.3566666666666667,0.05333333333333329,3534,5826,4
our_adaptive,hover,runs_v2_10,11,reflect,[4],0.39666666666666667,0.3566666666666667,0.03999999999999998,3843,7559,4
our_adaptive,hover,runs_v2_10,12,reflect,[6],0.35,0.3566666666666667,-0.00666666666666671,4185,5932,4
our_adaptive,hover,runs_v2_10,13,reflect,[2],0.36333333333333334,0.32666666666666666,0.03666666666666668,4557,6596,4
our_adaptive,hover,runs_v2_10,14,merge,"[10, 11]",0.41333333333333333,0.41,0.003333333333333355,4862,8990,4
our_adaptive,hover,runs_v2_10,15,reflect,[10],0.38,0.41,-0.02999999999999997,5192,8026,4
our_adaptive,hover,runs_v2_10,16,reflect,[14],0.42333333333333334,0.41333333333333333,0.010000000000000009,5576,10334,4
our_adaptive,hover,runs_v2_10,17,reflect,[10],0.4066666666666667,0.41,-0.0033333333333332993,5924,7394,4
our_adaptive,hover,runs_v2_10,18,reflect,[17],0.4066666666666667,0.4066666666666667,0.0,6230,9966,4
our_adaptive,hover,runs_v2_10,19,reflect,[6],0.35,0.3566666666666667,-0.00666666666666671,6536,5549,4
our_adaptive,hover,runs_v2_10,20,reflect,[16],0.39666666666666667,0.42333333333333334,-0.026666666666666672,6883,11438,4
our_adaptive,ifbench,runs_v2_10,0,seed,[None],0.5847222222222221,,,0,138,2
our_adaptive,ifbench,runs_v2_10,1,reflect,[0],0.6013888888888886,0.5847222222222221,0.016666666666666496,351,1204,2
our_adaptive,ifbench,runs_v2_10,2,reflect,[0],0.7580555555555554,0.5847222222222221,0.17333333333333323,729,1027,2
our_adaptive,ifbench,runs_v2_10,3,reflect,[1],0.5774999999999998,0.6013888888888886,-0.02388888888888885,1035,2791,2
our_adaptive,ifbench,runs_v2_10,4,reflect,[2],0.8141666666666665,0.7580555555555554,0.05611111111111111,1350,2434,2
our_adaptive,ifbench,runs_v2_10,5,reflect,[2],0.7213888888888886,0.7580555555555554,-0.036666666666666736,1656,2089,2
our_adaptive,ifbench,runs_v2_10,6,reflect,[2],0.8080555555555553,0.7580555555555554,0.04999999999999993,1983,1697,2
our_adaptive,ifbench,runs_v2_10,7,reflect,[4],0.8005555555555554,0.8141666666666665,-0.01361111111111113,2295,4457,2
our_adaptive,ifbench,runs_v2_10,8,reflect,[1],0.624722222222222,0.6013888888888886,0.023333333333333317,2634,3518,2
our_adaptive,ifbench,runs_v2_10,9,reflect,[4],0.8136111111111111,0.8141666666666665,-0.0005555555555554204,2967,2861,2
our_adaptive,ifbench,runs_v2_10,10,reflect,[9],0.7888888888888885,0.8136111111111111,-0.024722222222222534,3348,4016,2
our_adaptive,musique,runs_v2_10,0,seed,[None],0.30666666666666664,,,0,307,4
our_adaptive,musique,runs_v2_10,1,reflect,[0],0.32,0.30666666666666664,0.013333333333333364,306,2645,4
our_adaptive,musique,runs_v2_10,2,reflect,[0],0.30666666666666664,0.30666666666666664,0.0,666,3269,4
our_adaptive,musique,runs_v2_10,3,reflect,[2],0.32,0.30666666666666664,0.013333333333333364,1086,4940,4
our_adaptive,musique,runs_v2_10,4,reflect,[1],0.33,0.32,0.010000000000000009,1482,5027,4
our_adaptive,musique,runs_v2_10,5,reflect,[3],0.31333333333333335,0.32,-0.006666666666666654,1794,5879,4
our_adaptive,musique,runs_v2_10,6,reflect,[1],0.3233333333333333,0.32,0.0033333333333332993,2214,4658,4
our_adaptive,musique,runs_v2_10,7,reflect,[6],0.26666666666666666,0.3233333333333333,-0.05666666666666664,2556,5817,4
our_adaptive,musique,runs_v2_10,8,reflect,[0],0.33666666666666667,0.30666666666666664,0.030000000000000027,2880,3031,4
our_adaptive,musique,runs_v2_10,9,reflect,[2],0.31,0.30666666666666664,0.003333333333333355,3186,4621,4
our_adaptive,musique,runs_v2_10,10,reflect,[7],0.2633333333333333,0.26666666666666666,-0.003333333333333355,3492,8682,4
our_adaptive,musique,runs_v2_10,11,reflect,[8],0.30333333333333334,0.33666666666666667,-0.033333333333333326,3942,5008,4
our_adaptive,musique,runs_v2_10,12,reflect,[9],0.32,0.31,0.010000000000000009,4266,6077,4
our_adaptive,musique,runs_v2_10,13,reflect,[10],0.28,0.2633333333333333,0.01666666666666672,4613,9982,4
our_adaptive,musique,runs_v2_10,14,reflect,[3],0.45,0.32,0.13,5134,6867,4
our_adaptive,musique,runs_v2_10,15,merge,"[8, 14]",0.4533333333333333,0.45,0.0033333333333332993,5439,9591,4
our_adaptive,musique,runs_v2_10,16,reflect,[5],0.34,0.31333333333333335,0.026666666666666672,5763,7570,4
our_adaptive,musique,runs_v2_10,17,merge,"[4, 14]",0.45,0.45,0.0,6068,6867,4
our_adaptive,musique,runs_v2_10,18,reflect,[14],0.4533333333333333,0.45,0.0033333333333332993,6404,7672,4
our_adaptive,musique,runs_v2_10,19,reflect,[11],0.33666666666666667,0.30333333333333334,0.033333333333333326,6782,6289,4
phase_a_gpt,hover,combine_all_budget_proportional_s0,0,seed,[None],0.46,,,0,290,4
phase_a_gpt,hover,combine_all_budget_proportional_s0,1,reflect,[0],0.46,0.46,0.0,327,3282,4
phase_a_gpt,hover,combine_all_budget_proportional_s0,2,reflect,[0],0.44,0.46,-0.020000000000000018,657,2326,4
phase_a_gpt,hover,combine_all_budget_proportional_s0,3,reflect,[0],0.49,0.46,0.02999999999999997,984,2764,4
phase_a_gpt,hover,combine_all_budget_proportional_s0,4,reflect,[2],0.46,0.44,0.020000000000000018,1293,4687,4
phase_a_gpt,hover,combine_all_budget_proportional_s0,5,reflect,[3],0.4766666666666667,0.49,-0.013333333333333308,1605,6173,4
phase_a_gpt,hover,combine_all_budget_proportional_s0,6,reflect,[2],0.48,0.44,0.03999999999999998,1917,3251,4
phase_a_gpt,hover,combine_all_budget_proportional_s0,7,reflect,[5],0.45666666666666667,0.4766666666666667,-0.020000000000000018,2262,8657,4
phase_a_gpt,hover,combine_all_budget_proportional_s0,8,merge,"[4, 6]",0.4766666666666667,0.48,-0.0033333333333332993,2567,7754,4
phase_a_gpt,hover,combine_all_budget_proportional_s0,9,reflect,[2],0.4633333333333333,0.44,0.023333333333333317,2879,4280,4
phase_a_gpt,hover,combine_all_budget_proportional_s0,10,reflect,[9],0.4633333333333333,0.4633333333333333,0.0,3226,4983,4
phase_a_gpt,hover,combine_all_budget_proportional_s0,11,merge,"[6, 10]",0.49666666666666665,0.48,0.016666666666666663,3531,8050,4
phase_a_gpt,hover,combine_all_budget_proportional_s0,12,reflect,[10],0.4766666666666667,0.4633333333333333,0.013333333333333364,3879,7595,4
phase_a_gpt,hover,combine_all_budget_proportional_s0,13,merge,"[3, 8]",0.5066666666666667,0.49,0.01666666666666672,4184,10228,4
phase_a_gpt,hover,combine_all_budget_proportional_s0,14,reflect,[3],0.4866666666666667,0.49,-0.0033333333333332993,4526,4920,4
phase_a_gpt,hover,combine_all_budget_proportional_s0,15,reflect,[5],0.49,0.4766666666666667,0.013333333333333308,4861,8149,4
phase_a_gpt,hover,combine_all_budget_proportional_s0,16,reflect,[2],0.4533333333333333,0.44,0.013333333333333308,5184,4657,4
phase_a_gpt,hover,combine_all_budget_proportional_s0,17,reflect,[4],0.47333333333333333,0.46,0.013333333333333308,5495,5786,4
phase_a_gpt,hover,combine_all_budget_proportional_s0,18,merge,"[4, 11]",0.51,0.49666666666666665,0.013333333333333364,5800,10411,4
phase_a_gpt,hover,combine_all_budget_proportional_s0,19,reflect,[13],0.47333333333333333,0.5066666666666667,-0.03333333333333338,6184,12598,4
phase_a_gpt,hover,combine_all_budget_proportional_s0,20,merge,"[4, 6]",0.48333333333333334,0.48,0.003333333333333355,6489,5612,4
phase_a_gpt,hover,combine_all_budget_proportional_s0,21,reflect,[6],0.44,0.48,-0.03999999999999998,6891,6277,4
phase_a_gpt,hover,combine_all_immediate_s0,0,seed,[None],0.46,,,0,290,4
phase_a_gpt,hover,combine_all_immediate_s0,1,reflect,[0],0.46,0.46,0.0,327,3282,4
phase_a_gpt,hover,combine_all_immediate_s0,2,reflect,[0],0.44,0.46,-0.020000000000000018,657,2326,4
phase_a_gpt,hover,combine_all_immediate_s0,3,reflect,[0],0.49,0.46,0.02999999999999997,987,2764,4
phase_a_gpt,hover,combine_all_immediate_s0,4,reflect,[0],0.43,0.46,-0.030000000000000027,1332,2250,4
phase_a_gpt,hover,combine_all_immediate_s0,5,reflect,[3],0.47333333333333333,0.49,-0.016666666666666663,1650,4671,4
phase_a_gpt,hover,combine_all_immediate_s0,6,reflect,[0],0.45666666666666667,0.46,-0.003333333333333355,2121,3372,4
phase_a_gpt,hover,combine_all_immediate_s0,7,reflect,[5],0.47333333333333333,0.47333333333333333,0.0,2445,6245,4
phase_a_gpt,hover,combine_all_immediate_s0,8,reflect,[2],0.49333333333333335,0.44,0.053333333333333344,2775,5564,4
phase_a_gpt,hover,combine_all_immediate_s0,9,merge,"[7, 8]",0.48,0.49333333333333335,-0.013333333333333364,3080,11626,4
phase_a_gpt,hover,combine_all_immediate_s0,10,reflect,[0],0.4633333333333333,0.46,0.0033333333333332993,3407,2969,4
phase_a_gpt,hover,combine_all_immediate_s0,11,reflect,[8],0.48333333333333334,0.49333333333333335,-0.010000000000000009,3737,7635,4
phase_a_gpt,hover,combine_all_immediate_s0,12,reflect,[0],0.4533333333333333,0.46,-0.00666666666666671,4048,2636,4
phase_a_gpt,hover,combine_all_immediate_s0,13,merge,"[7, 10]",0.47333333333333333,0.47333333333333333,0.0,4353,8924,4
phase_a_gpt,hover,combine_all_immediate_s0,14,reflect,[5],0.47,0.47333333333333333,-0.003333333333333355,4692,7453,4
phase_a_gpt,hover,combine_all_immediate_s0,15,merge,"[5, 8]",0.52,0.49333333333333335,0.026666666666666672,4997,10052,4
phase_a_gpt,hover,combine_all_immediate_s0,16,reflect,[3],0.4666666666666667,0.49,-0.023333333333333317,5345,5296,4
phase_a_gpt,hover,combine_all_immediate_s0,17,reflect,[12],0.43333333333333335,0.4533333333333333,-0.019999999999999962,5686,5447,4
phase_a_gpt,hover,combine_all_immediate_s0,18,merge,"[14, 15]",0.49666666666666665,0.52,-0.023333333333333373,5991,15415,4
phase_a_gpt,hover,combine_all_immediate_s0,19,reflect,[6],0.45,0.45666666666666667,-0.006666666666666654,6297,6299,4
phase_a_gpt,hover,combine_all_immediate_s0,20,merge,"[9, 18]",0.49,0.49666666666666665,-0.006666666666666654,6602,24916,4
phase_a_gpt,hover,combine_all_immediate_s0,21,reflect,[10],0.45,0.4633333333333333,-0.013333333333333308,6911,5461,4
phase_a_gpt,hover,combine_all_score_plateau_s0,0,seed,[None],0.46,,,0,290,4
phase_a_gpt,hover,combine_all_score_plateau_s0,1,reflect,[0],0.46,0.46,0.0,327,3282,4
phase_a_gpt,hover,combine_all_score_plateau_s0,2,reflect,[0],0.44,0.46,-0.020000000000000018,657,2326,4
phase_a_gpt,hover,combine_all_score_plateau_s0,3,reflect,[0],0.49,0.46,0.02999999999999997,984,2764,4
phase_a_gpt,hover,combine_all_score_plateau_s0,4,reflect,[2],0.46,0.44,0.020000000000000018,1293,4687,4
phase_a_gpt,hover,combine_all_score_plateau_s0,5,reflect,[3],0.4766666666666667,0.49,-0.013333333333333308,1605,6173,4
phase_a_gpt,hover,combine_all_score_plateau_s0,6,reflect,[2],0.48,0.44,0.03999999999999998,1917,3251,4
phase_a_gpt,hover,combine_all_score_plateau_s0,7,reflect,[2],0.4533333333333333,0.44,0.013333333333333308,2309,3450,4
phase_a_gpt,hover,combine_all_score_plateau_s0,8,merge,"[4, 5]",0.4866666666666667,0.4766666666666667,0.010000000000000009,2614,10665,4
phase_a_gpt,hover,combine_all_score_plateau_s0,9,reflect,[2],0.4666666666666667,0.44,0.026666666666666672,2974,4938,4
phase_a_gpt,hover,combine_all_score_plateau_s0,10,reflect,[4],0.47333333333333333,0.46,0.013333333333333308,3313,7164,4
phase_a_gpt,hover,combine_all_score_plateau_s0,11,merge,"[7, 8]",0.48,0.4866666666666667,-0.00666666666666671,3618,11789,4
phase_a_gpt,hover,combine_all_score_plateau_s0,12,reflect,[5],0.4866666666666667,0.4766666666666667,0.010000000000000009,4119,7107,4
phase_a_gpt,hover,combine_all_score_plateau_s0,13,reflect,[4],0.4533333333333333,0.46,-0.00666666666666671,4437,6252,4
phase_a_gpt,hover,combine_all_score_plateau_s0,14,reflect,[8],0.4766666666666667,0.4866666666666667,-0.010000000000000009,4773,8841,4
phase_a_gpt,hover,combine_all_score_plateau_s0,15,reflect,[3],0.49333333333333335,0.49,0.003333333333333355,5111,5403,4
phase_a_gpt,hover,combine_all_score_plateau_s0,16,merge,"[13, 14]",0.5133333333333333,0.4766666666666667,0.036666666666666625,5416,12862,4
phase_a_gpt,hover,combine_all_score_plateau_s0,17,reflect,[11],0.47,0.48,-0.010000000000000009,5770,12409,4
phase_a_gpt,hover,combine_all_score_plateau_s0,18,reflect,[4],0.4666666666666667,0.46,0.006666666666666654,6085,7436,4
phase_a_gpt,hover,combine_all_score_plateau_s0,19,reflect,[4],0.49666666666666665,0.46,0.036666666666666625,6391,7275,4
phase_a_gpt,hover,combine_all_score_plateau_s0,20,reflect,[11],0.47,0.48,-0.010000000000000009,6697,10704,4
phase_a_gpt,hover,combine_all_score_plateau_s0,21,merge,"[5, 10]",0.48333333333333334,0.4766666666666667,0.006666666666666654,7002,13249,4
phase_a_gpt,hover,nomerge_s0,0,seed,[None],0.4266666666666667,,,0,290,4
phase_a_gpt,hover,nomerge_s0,1,reflect,[0],0.48,0.4266666666666667,0.05333333333333329,318,3646,4
phase_a_gpt,hover,nomerge_s0,2,reflect,[1],0.4866666666666667,0.48,0.00666666666666671,711,5957,4
phase_a_gpt,hover,nomerge_s0,3,reflect,[1],0.4633333333333333,0.48,-0.016666666666666663,1023,6588,4
phase_a_gpt,hover,nomerge_s0,4,reflect,[3],0.4666666666666667,0.4633333333333333,0.003333333333333355,1347,9591,4
phase_a_gpt,hover,nomerge_s0,5,reflect,[4],0.44,0.4666666666666667,-0.026666666666666672,1659,10373,4
phase_a_gpt,hover,nomerge_s0,6,reflect,[0],0.43333333333333335,0.4266666666666667,0.006666666666666654,2019,2913,4
phase_a_gpt,hover,nomerge_s0,7,reflect,[0],0.4533333333333333,0.4266666666666667,0.026666666666666616,2361,3673,4
phase_a_gpt,hover,nomerge_s0,8,reflect,[4],0.49,0.4666666666666667,0.023333333333333317,2691,11481,4
phase_a_gpt,hover,nomerge_s0,9,reflect,[1],0.4666666666666667,0.48,-0.013333333333333308,3021,5966,4
phase_a_gpt,hover,nomerge_s0,10,reflect,[4],0.4766666666666667,0.4666666666666667,0.010000000000000009,3372,10692,4
phase_a_gpt,hover,nomerge_s0,11,reflect,[8],0.47,0.49,-0.020000000000000018,3678,13021,4
phase_a_gpt,hover,nomerge_s0,12,reflect,[0],0.47,0.4266666666666667,0.04333333333333328,3990,3593,4
phase_a_gpt,hover,nomerge_s0,13,reflect,[11],0.45666666666666667,0.47,-0.013333333333333308,4389,13485,4
phase_a_gpt,hover,nomerge_s0,14,reflect,[4],0.44666666666666666,0.4666666666666667,-0.020000000000000018,4695,12200,4
phase_a_gpt,hover,nomerge_s0,15,reflect,[11],0.44,0.47,-0.02999999999999997,5001,13512,4
phase_a_gpt,hover,nomerge_s0,16,reflect,[5],0.43666666666666665,0.44,-0.003333333333333355,5379,10685,4
phase_a_gpt,hover,nomerge_s0,17,reflect,[4],0.43666666666666665,0.4666666666666667,-0.030000000000000027,5706,10774,4
phase_a_gpt,hover,nomerge_s0,18,reflect,[16],0.45,0.43666666666666665,0.013333333333333364,6036,12590,4
phase_a_gpt,hover,nomerge_s0,19,reflect,[0],0.43,0.4266666666666667,0.0033333333333332993,6396,3584,4
phase_a_gpt,hover,nomerge_s0,20,reflect,[15],0.44,0.44,0.0,6735,13369,4
phase_a_gpt,hover,nomerge_s0,21,reflect,[16],0.43666666666666665,0.43666666666666665,0.0,7053,13982,4
phase_a_gpt,hover,original_budget_proportional_s0,0,seed,[None],0.46,,,0,290,4
phase_a_gpt,hover,original_budget_proportional_s0,1,reflect,[0],0.46,0.46,0.0,327,3282,4
phase_a_gpt,hover,original_budget_proportional_s0,2,reflect,[0],0.44,0.46,-0.020000000000000018,657,2326,4
phase_a_gpt,hover,original_budget_proportional_s0,3,reflect,[0],0.49,0.46,0.02999999999999997,984,2764,4
phase_a_gpt,hover,original_budget_proportional_s0,4,reflect,[2],0.46,0.44,0.020000000000000018,1293,4687,4
phase_a_gpt,hover,original_budget_proportional_s0,5,reflect,[3],0.4766666666666667,0.49,-0.013333333333333308,1605,6173,4
phase_a_gpt,hover,original_budget_proportional_s0,6,reflect,[2],0.48,0.44,0.03999999999999998,1917,3251,4
phase_a_gpt,hover,original_budget_proportional_s0,7,reflect,[5],0.45666666666666667,0.4766666666666667,-0.020000000000000018,2262,8657,4
phase_a_gpt,hover,original_budget_proportional_s0,8,merge,"[4, 6]",0.48333333333333334,0.48,0.003333333333333355,2567,5612,4
phase_a_gpt,hover,original_budget_proportional_s0,9,reflect,[7],0.49333333333333335,0.45666666666666667,0.03666666666666668,2960,10265,4
phase_a_gpt,hover,original_budget_proportional_s0,10,merge,"[5, 8]",0.49666666666666665,0.48333333333333334,0.013333333333333308,3265,8086,4
phase_a_gpt,hover,original_budget_proportional_s0,11,reflect,[8],0.48333333333333334,0.48333333333333334,0.0,3583,6062,4
phase_a_gpt,hover,original_budget_proportional_s0,12,merge,"[3, 8]",0.49666666666666665,0.49,0.006666666666666654,3888,8086,4
phase_a_gpt,hover,original_budget_proportional_s0,13,reflect,[4],0.48333333333333334,0.46,0.023333333333333317,4245,7351,4
phase_a_gpt,hover,original_budget_proportional_s0,14,merge,"[11, 12]",0.49666666666666665,0.49666666666666665,0.0,4550,8086,4
phase_a_gpt,hover,original_budget_proportional_s0,15,reflect,[14],0.5166666666666667,0.49666666666666665,0.020000000000000073,4916,8781,4
phase_a_gpt,hover,original_budget_proportional_s0,16,merge,"[8, 13]",0.4766666666666667,0.48333333333333334,-0.006666666666666654,5221,8276,4
phase_a_gpt,hover,original_budget_proportional_s0,17,reflect,[8],0.4866666666666667,0.48333333333333334,0.003333333333333355,5527,6124,4
phase_a_gpt,hover,original_budget_proportional_s0,18,reflect,[14],0.47,0.49666666666666665,-0.026666666666666672,5850,8306,4
phase_a_gpt,hover,original_budget_proportional_s0,19,merge,"[3, 6]",0.49,0.49,0.0,6155,5725,4
phase_a_gpt,hover,original_budget_proportional_s0,20,reflect,[15],0.49666666666666665,0.5166666666666667,-0.020000000000000073,6479,9425,4
phase_a_gpt,hover,original_budget_proportional_s0,21,merge,"[13, 20]",0.49666666666666665,0.49666666666666665,0.0,6784,9425,4
phase_a_gpt,hover,original_immediate_s0,0,seed,[None],0.4666666666666667,,,0,290,4
phase_a_gpt,hover,original_immediate_s0,1,reflect,[0],0.46,0.4666666666666667,-0.006666666666666654,327,3282,4
phase_a_gpt,hover,original_immediate_s0,2,reflect,[0],0.43333333333333335,0.4666666666666667,-0.033333333333333326,657,2326,4
phase_a_gpt,hover,original_immediate_s0,3,reflect,[0],0.48,0.4666666666666667,0.013333333333333308,987,2764,4
phase_a_gpt,hover,original_immediate_s0,4,reflect,[0],0.43,0.4666666666666667,-0.03666666666666668,1332,3088,4
phase_a_gpt,hover,original_immediate_s0,5,reflect,[2],0.43,0.43333333333333335,-0.003333333333333355,1644,4691,4
phase_a_gpt,hover,original_immediate_s0,6,reflect,[3],0.48,0.48,0.0,2034,5304,4
phase_a_gpt,hover,original_immediate_s0,7,reflect,[3],0.49333333333333335,0.48,0.013333333333333364,2340,4809,4
phase_a_gpt,hover,original_immediate_s0,8,merge,"[6, 7]",0.49666666666666665,0.49333333333333335,0.0033333333333332993,2645,7349,4
phase_a_gpt,hover,original_immediate_s0,9,reflect,[0],0.43333333333333335,0.4666666666666667,-0.033333333333333326,2951,2547,4
phase_a_gpt,hover,original_immediate_s0,10,reflect,[7],0.4633333333333333,0.49333333333333335,-0.030000000000000027,3299,7774,4
phase_a_gpt,hover,original_immediate_s0,11,reflect,[7],0.49333333333333335,0.49333333333333335,0.0,3611,6209,4
phase_a_gpt,hover,original_immediate_s0,12,merge,"[8, 11]",0.49666666666666665,0.49666666666666665,0.0,3916,7349,4
phase_a_gpt,hover,original_immediate_s0,13,reflect,[1],0.4633333333333333,0.46,0.0033333333333332993,4237,5285,4
phase_a_gpt,hover,original_immediate_s0,14,merge,"[6, 11]",0.4766666666666667,0.49333333333333335,-0.016666666666666663,4542,8749,4
phase_a_gpt,hover,original_immediate_s0,15,reflect,[6],0.4866666666666667,0.48,0.00666666666666671,4878,6196,4
phase_a_gpt,hover,original_immediate_s0,16,merge,"[12, 15]",0.49666666666666665,0.49666666666666665,0.0,5183,7349,4
phase_a_gpt,hover,original_immediate_s0,17,reflect,[15],0.4633333333333333,0.4866666666666667,-0.023333333333333373,5504,9060,4
phase_a_gpt,hover,original_immediate_s0,18,merge,"[7, 15]",0.5,0.49333333333333335,0.006666666666666654,5809,8241,4
phase_a_gpt,hover,original_immediate_s0,19,reflect,[13],0.43333333333333335,0.4633333333333333,-0.02999999999999997,6169,7132,4
phase_a_gpt,hover,original_immediate_s0,20,merge,"[11, 15]",0.48,0.49333333333333335,-0.013333333333333364,6474,9641,4
phase_a_gpt,hover,original_immediate_s0,21,reflect,[13],0.4633333333333333,0.4633333333333333,0.0,6798,5988,4
phase_a_gpt,hover,original_score_plateau_s0,0,seed,[None],0.46,,,0,290,4
phase_a_gpt,hover,original_score_plateau_s0,1,reflect,[0],0.46,0.46,0.0,327,3282,4
phase_a_gpt,hover,original_score_plateau_s0,2,reflect,[0],0.44,0.46,-0.020000000000000018,657,2326,4
phase_a_gpt,hover,original_score_plateau_s0,3,reflect,[0],0.49,0.46,0.02999999999999997,984,2764,4
phase_a_gpt,hover,original_score_plateau_s0,4,reflect,[2],0.46,0.44,0.020000000000000018,1293,4687,4
phase_a_gpt,hover,original_score_plateau_s0,5,reflect,[3],0.4766666666666667,0.49,-0.013333333333333308,1605,6173,4
phase_a_gpt,hover,original_score_plateau_s0,6,reflect,[2],0.48,0.44,0.03999999999999998,1917,3251,4
phase_a_gpt,hover,original_score_plateau_s0,7,reflect,[2],0.4533333333333333,0.44,0.013333333333333308,2309,3450,4
phase_a_gpt,hover,original_score_plateau_s0,8,reflect,[3],0.49666666666666665,0.49,0.006666666666666654,2632,3792,4
phase_a_gpt,hover,original_score_plateau_s0,9,merge,"[4, 6]",0.48333333333333334,0.48,0.003333333333333355,2937,5612,4
phase_a_gpt,hover,original_score_plateau_s0,10,reflect,[3],0.49333333333333335,0.49,0.003333333333333355,3279,5401,4
phase_a_gpt,hover,original_score_plateau_s0,11,reflect,[5],0.49,0.4766666666666667,0.013333333333333308,3591,6932,4
phase_a_gpt,hover,original_score_plateau_s0,12,reflect,[4],0.47,0.46,0.009999999999999953,3948,6691,4
phase_a_gpt,hover,original_score_plateau_s0,13,reflect,[4],0.47333333333333333,0.46,0.013333333333333308,4304,5730,4
phase_a_gpt,hover,original_score_plateau_s0,14,reflect,[11],0.47333333333333333,0.49,-0.016666666666666663,4615,6769,4
phase_a_gpt,hover,original_score_plateau_s0,15,reflect,[6],0.49,0.48,0.010000000000000009,4968,3464,4
phase_a_gpt,hover,original_score_plateau_s0,16,merge,"[4, 10]",0.48,0.49333333333333335,-0.013333333333333364,5273,7762,4
phase_a_gpt,hover,original_score_plateau_s0,17,reflect,[11],0.4633333333333333,0.49,-0.026666666666666672,5645,9679,4
phase_a_gpt,hover,original_score_plateau_s0,18,reflect,[3],0.49,0.49,0.0,6001,4344,4
phase_a_gpt,hover,original_score_plateau_s0,19,merge,"[12, 17]",0.4633333333333333,0.47,-0.006666666666666654,6306,11912,4
phase_a_gpt,hover,original_score_plateau_s0,20,reflect,[15],0.47,0.49,-0.020000000000000018,6612,6929,4
phase_a_gpt,hover,original_score_plateau_s0,21,merge,"[9, 11]",0.48333333333333334,0.49,-0.006666666666666654,6917,9893,4
phase_a_gpt,hover,summarize_before_budget_proportional_s0,0,seed,[None],0.4266666666666667,,,0,290,4
phase_a_gpt,hover,summarize_before_budget_proportional_s0,1,reflect,[0],0.48,0.4266666666666667,0.05333333333333329,318,3646,4
phase_a_gpt,hover,summarize_before_budget_proportional_s0,2,reflect,[1],0.4866666666666667,0.48,0.00666666666666671,711,5957,4
phase_a_gpt,hover,summarize_before_budget_proportional_s0,3,reflect,[1],0.4633333333333333,0.48,-0.016666666666666663,1023,6588,4
phase_a_gpt,hover,summarize_before_budget_proportional_s0,4,reflect,[3],0.4666666666666667,0.4633333333333333,0.003333333333333355,1347,9591,4
phase_a_gpt,hover,summarize_before_budget_proportional_s0,5,reflect,[4],0.44,0.4666666666666667,-0.026666666666666672,1659,10373,4
phase_a_gpt,hover,summarize_before_budget_proportional_s0,6,reflect,[0],0.43333333333333335,0.4266666666666667,0.006666666666666654,2019,2913,4
phase_a_gpt,hover,summarize_before_budget_proportional_s0,7,reflect,[0],0.4533333333333333,0.4266666666666667,0.026666666666666616,2361,3673,4
phase_a_gpt,hover,summarize_before_budget_proportional_s0,8,reflect,[5],0.43666666666666665,0.44,-0.003333333333333355,2693,11562,4
phase_a_gpt,hover,summarize_before_budget_proportional_s0,9,merge,"[4, 7]",0.47333333333333333,0.4666666666666667,0.006666666666666654,2998,9329,4
phase_a_gpt,hover,summarize_before_budget_proportional_s0,10,reflect,[4],0.4666666666666667,0.4666666666666667,0.0,3394,12823,4
phase_a_gpt,hover,summarize_before_budget_proportional_s0,11,merge,"[5, 6]",0.5033333333333333,0.44,0.0633333333333333,3699,8465,4
phase_a_gpt,hover,summarize_before_budget_proportional_s0,12,reflect,[0],0.43333333333333335,0.4266666666666667,0.006666666666666654,4023,2535,4
phase_a_gpt,hover,summarize_before_budget_proportional_s0,13,merge,"[1, 12]",0.47,0.48,-0.010000000000000009,4328,5891,4
phase_a_gpt,hover,summarize_before_budget_proportional_s0,14,reflect,[7],0.44333333333333336,0.4533333333333333,-0.009999999999999953,4646,6554,4
phase_a_gpt,hover,summarize_before_budget_proportional_s0,15,merge,"[13, 14]",0.43333333333333335,0.47,-0.036666666666666625,4951,8366,4
phase_a_gpt,hover,summarize_before_budget_proportional_s0,16,reflect,[0],0.48333333333333334,0.4266666666666667,0.05666666666666664,5359,3416,4
phase_a_gpt,hover,summarize_before_budget_proportional_s0,17,merge,"[2, 9]",0.49666666666666665,0.4866666666666667,0.009999999999999953,5664,8151,4
phase_a_gpt,hover,summarize_before_budget_proportional_s0,18,reflect,[17],0.4633333333333333,0.49666666666666665,-0.033333333333333326,6063,10782,4
phase_a_gpt,hover,summarize_before_budget_proportional_s0,19,merge,"[12, 16]",0.49666666666666665,0.48333333333333334,0.013333333333333308,6368,5661,4
phase_a_gpt,hover,summarize_before_budget_proportional_s0,20,reflect,[2],0.44666666666666666,0.4866666666666667,-0.040000000000000036,6680,8125,4
phase_a_gpt,hover,summarize_before_budget_proportional_s0,21,merge,"[2, 14]",0.43,0.4866666666666667,-0.0566666666666667,6985,12221,4
phase_a_gpt,hover,summarize_before_immediate_s0,0,seed,[None],0.46,,,0,290,4
phase_a_gpt,hover,summarize_before_immediate_s0,1,reflect,[0],0.46,0.46,0.0,327,3282,4
phase_a_gpt,hover,summarize_before_immediate_s0,2,reflect,[0],0.44,0.46,-0.020000000000000018,657,2326,4
phase_a_gpt,hover,summarize_before_immediate_s0,3,reflect,[0],0.49,0.46,0.02999999999999997,987,2764,4
phase_a_gpt,hover,summarize_before_immediate_s0,4,reflect,[0],0.43,0.46,-0.030000000000000027,1332,2250,4
phase_a_gpt,hover,summarize_before_immediate_s0,5,reflect,[3],0.47333333333333333,0.49,-0.016666666666666663,1650,4671,4
phase_a_gpt,hover,summarize_before_immediate_s0,6,reflect,[0],0.45666666666666667,0.46,-0.003333333333333355,2121,3372,4
phase_a_gpt,hover,summarize_before_immediate_s0,7,reflect,[5],0.47333333333333333,0.47333333333333333,0.0,2445,6245,4
phase_a_gpt,hover,summarize_before_immediate_s0,8,reflect,[2],0.49333333333333335,0.44,0.053333333333333344,2775,5564,4
phase_a_gpt,hover,summarize_before_immediate_s0,9,merge,"[7, 8]",0.48,0.49333333333333335,-0.013333333333333364,3080,7607,4
phase_a_gpt,hover,summarize_before_immediate_s0,10,reflect,[9],0.5033333333333333,0.48,0.023333333333333317,3386,10174,4
phase_a_gpt,hover,summarize_before_immediate_s0,11,merge,"[3, 8]",0.49,0.49333333333333335,-0.003333333333333355,3691,4126,4
phase_a_gpt,hover,summarize_before_immediate_s0,12,reflect,[0],0.4766666666666667,0.46,0.016666666666666663,4039,2800,4
phase_a_gpt,hover,summarize_before_immediate_s0,13,reflect,[11],0.46,0.49,-0.02999999999999997,4380,6178,4
phase_a_gpt,hover,summarize_before_immediate_s0,14,merge,"[10, 11]",0.5033333333333333,0.5033333333333333,0.0,4685,10174,4
phase_a_gpt,hover,summarize_before_immediate_s0,15,reflect,[7],0.47,0.47333333333333333,-0.003333333333333355,5003,7098,4
phase_a_gpt,hover,summarize_before_immediate_s0,16,merge,"[7, 13]",0.47333333333333333,0.47333333333333333,0.0,5308,5580,4
phase_a_gpt,hover,summarize_before_immediate_s0,17,reflect,[3],0.48333333333333334,0.49,-0.006666666666666654,5644,5941,4
phase_a_gpt,hover,summarize_before_immediate_s0,18,merge,"[5, 11]",0.5,0.49,0.010000000000000009,5949,5991,4
phase_a_gpt,hover,summarize_before_immediate_s0,19,reflect,[6],0.49,0.45666666666666667,0.033333333333333326,6288,5585,4
phase_a_gpt,hover,summarize_before_immediate_s0,20,merge,"[15, 17]",0.51,0.48333333333333334,0.026666666666666672,6593,10275,4
phase_a_gpt,hover,summarize_before_immediate_s0,21,reflect,[18],0.5466666666666666,0.5,0.046666666666666634,6911,8837,4
phase_a_gpt,hover,summarize_before_score_plateau_s0,0,seed,[None],0.46,,,0,290,4
phase_a_gpt,hover,summarize_before_score_plateau_s0,1,reflect,[0],0.46,0.46,0.0,327,3282,4
phase_a_gpt,hover,summarize_before_score_plateau_s0,2,reflect,[0],0.44,0.46,-0.020000000000000018,657,2326,4
phase_a_gpt,hover,summarize_before_score_plateau_s0,3,reflect,[0],0.49,0.46,0.02999999999999997,984,2764,4
phase_a_gpt,hover,summarize_before_score_plateau_s0,4,reflect,[2],0.46,0.44,0.020000000000000018,1293,4687,4
phase_a_gpt,hover,summarize_before_score_plateau_s0,5,reflect,[3],0.4766666666666667,0.49,-0.013333333333333308,1605,6173,4
phase_a_gpt,hover,summarize_before_score_plateau_s0,6,reflect,[2],0.48,0.44,0.03999999999999998,1917,3251,4
phase_a_gpt,hover,summarize_before_score_plateau_s0,7,reflect,[2],0.4533333333333333,0.44,0.013333333333333308,2309,3450,4
phase_a_gpt,hover,summarize_before_score_plateau_s0,8,merge,"[4, 5]",0.3333333333333333,0.4766666666666667,-0.14333333333333337,2614,6786,4
phase_a_gpt,hover,summarize_before_score_plateau_s0,9,reflect,[5],0.4633333333333333,0.4766666666666667,-0.013333333333333364,3058,7061,4
phase_a_gpt,hover,summarize_before_score_plateau_s0,10,reflect,[3],0.4666666666666667,0.49,-0.023333333333333317,3388,3892,4
phase_a_gpt,hover,summarize_before_score_plateau_s0,11,reflect,[4],0.44666666666666666,0.46,-0.013333333333333364,3739,5736,4
phase_a_gpt,hover,summarize_before_score_plateau_s0,12,reflect,[11],0.4633333333333333,0.44666666666666666,0.016666666666666663,4126,6782,4
phase_a_gpt,hover,summarize_before_score_plateau_s0,13,merge,"[4, 6]",0.41,0.48,-0.07,4431,5397,4
phase_a_gpt,hover,summarize_before_score_plateau_s0,14,reflect,[11],0.44666666666666666,0.44666666666666666,0.0,4806,7602,4
phase_a_gpt,hover,summarize_before_score_plateau_s0,15,reflect,[5],0.43,0.4766666666666667,-0.04666666666666669,5118,8886,4
phase_a_gpt,hover,summarize_before_score_plateau_s0,16,reflect,[13],0.4533333333333333,0.41,0.043333333333333335,5451,8534,4
phase_a_gpt,hover,summarize_before_score_plateau_s0,17,reflect,[4],0.47,0.46,0.009999999999999953,5804,8137,4
phase_a_gpt,hover,summarize_before_score_plateau_s0,18,merge,"[6, 12]",0.44333333333333336,0.48,-0.036666666666666625,6109,7707,4
phase_a_gpt,hover,summarize_before_score_plateau_s0,19,reflect,[4],0.43333333333333335,0.46,-0.026666666666666672,6478,7240,4
phase_a_gpt,hover,summarize_before_score_plateau_s0,20,reflect,[12],0.45,0.4633333333333333,-0.013333333333333308,6784,8743,4
phase_a_gpt,hotpotqa,combine_all_budget_proportional_s0,0,seed,[None],0.38,,,0,303,4
phase_a_gpt,hotpotqa,combine_all_budget_proportional_s0,1,reflect,[0],0.37666666666666665,0.38,-0.003333333333333355,369,2651,4
phase_a_gpt,hotpotqa,combine_all_budget_proportional_s0,2,reflect,[1],0.37,0.37666666666666665,-0.006666666666666654,675,5496,4
phase_a_gpt,hotpotqa,combine_all_budget_proportional_s0,3,reflect,[2],0.5966666666666667,0.37,0.22666666666666668,1083,7825,4
phase_a_gpt,hotpotqa,combine_all_budget_proportional_s0,4,reflect,[0],0.37333333333333335,0.38,-0.006666666666666654,1431,3001,4
phase_a_gpt,hotpotqa,combine_all_budget_proportional_s0,5,reflect,[4],0.5966666666666667,0.37333333333333335,0.22333333333333333,1848,5353,4
phase_a_gpt,hotpotqa,combine_all_budget_proportional_s0,6,reflect,[5],0.5733333333333334,0.5966666666666667,-0.023333333333333317,2202,5643,4
phase_a_gpt,hotpotqa,combine_all_budget_proportional_s0,7,merge,"[3, 6]",0.6166666666666667,0.5966666666666667,0.020000000000000018,2507,13385,4
phase_a_gpt,hotpotqa,combine_all_budget_proportional_s0,8,reflect,[3],0.5766666666666667,0.5966666666666667,-0.020000000000000018,2909,8996,4
phase_a_gpt,hotpotqa,combine_all_budget_proportional_s0,9,merge,"[3, 5]",0.6266666666666667,0.5966666666666667,0.030000000000000027,3214,13095,4
phase_a_gpt,hotpotqa,combine_all_budget_proportional_s0,10,reflect,[7],0.59,0.6166666666666667,-0.026666666666666727,3676,13687,4
phase_a_gpt,hotpotqa,combine_all_budget_proportional_s0,11,merge,"[9, 10]",0.5866666666666667,0.6266666666666667,-0.040000000000000036,3981,18590,4
phase_a_gpt,hotpotqa,combine_all_budget_proportional_s0,12,reflect,[10],0.6,0.59,0.010000000000000009,4467,14835,4
phase_a_gpt,hotpotqa,combine_all_budget_proportional_s0,13,reflect,[7],0.58,0.6166666666666667,-0.036666666666666736,4818,15416,4
phase_a_gpt,hotpotqa,combine_all_budget_proportional_s0,14,reflect,[7],0.6,0.6166666666666667,-0.01666666666666672,5169,16092,4
phase_a_gpt,hotpotqa,combine_all_budget_proportional_s0,15,reflect,[12],0.58,0.6,-0.020000000000000018,5493,12678,4
phase_a_gpt,hotpotqa,combine_all_budget_proportional_s0,16,merge,"[9, 12]",0.5933333333333334,0.6266666666666667,-0.033333333333333326,5798,19738,4
phase_a_gpt,hotpotqa,combine_all_budget_proportional_s0,17,reflect,[11],0.5666666666666667,0.5866666666666667,-0.020000000000000018,6104,12315,4
phase_a_gpt,hotpotqa,combine_all_budget_proportional_s0,18,merge,"[9, 15]",0.62,0.6266666666666667,-0.00666666666666671,6409,17581,4
phase_a_gpt,hotpotqa,combine_all_budget_proportional_s0,19,reflect,[15],0.55,0.58,-0.029999999999999916,6730,13187,4
phase_a_gpt,hotpotqa,combine_all_immediate_s0,0,seed,[None],0.38,,,0,303,4
phase_a_gpt,hotpotqa,combine_all_immediate_s0,1,reflect,[0],0.37666666666666665,0.38,-0.003333333333333355,369,2651,4
phase_a_gpt,hotpotqa,combine_all_immediate_s0,2,reflect,[1],0.37,0.37666666666666665,-0.006666666666666654,675,5496,4
phase_a_gpt,hotpotqa,combine_all_immediate_s0,3,reflect,[2],0.36666666666666664,0.37,-0.003333333333333355,993,7381,4
phase_a_gpt,hotpotqa,combine_all_immediate_s0,4,reflect,[3],0.36666666666666664,0.36666666666666664,0.0,1347,8278,4
phase_a_gpt,hotpotqa,combine_all_immediate_s0,5,reflect,[2],0.35,0.37,-0.020000000000000018,1686,6849,4
phase_a_gpt,hotpotqa,combine_all_immediate_s0,6,reflect,[5],0.34,0.35,-0.009999999999999953,1992,8201,4
phase_a_gpt,hotpotqa,combine_all_immediate_s0,7,reflect,[6],0.32666666666666666,0.34,-0.013333333333333364,2367,8348,4
phase_a_gpt,hotpotqa,combine_all_immediate_s0,8,reflect,[0],0.38,0.38,0.0,2691,2678,4
phase_a_gpt,hotpotqa,combine_all_immediate_s0,9,reflect,[0],0.41,0.38,0.02999999999999997,3039,2732,4
phase_a_gpt,hotpotqa,combine_all_immediate_s0,10,merge,"[8, 9]",0.4033333333333333,0.41,-0.006666666666666654,3344,5107,4
phase_a_gpt,hotpotqa,combine_all_immediate_s0,11,reflect,[4],0.34,0.36666666666666664,-0.026666666666666616,3698,9842,4
phase_a_gpt,hotpotqa,combine_all_immediate_s0,12,reflect,[2],0.6,0.37,0.22999999999999998,4061,7546,4
phase_a_gpt,hotpotqa,combine_all_immediate_s0,13,reflect,[12],0.56,0.6,-0.039999999999999925,4372,8283,4
phase_a_gpt,hotpotqa,combine_all_immediate_s0,14,merge,"[9, 12]",0.5766666666666667,0.6,-0.023333333333333317,4677,10073,4
phase_a_gpt,hotpotqa,combine_all_immediate_s0,15,reflect,[9],0.39,0.41,-0.019999999999999962,4995,4935,4
phase_a_gpt,hotpotqa,combine_all_immediate_s0,16,merge,"[8, 14]",0.5833333333333334,0.5766666666666667,0.00666666666666671,5300,12448,4
phase_a_gpt,hotpotqa,combine_all_immediate_s0,17,reflect,[13],0.5633333333333334,0.56,0.0033333333333332993,5765,9404,4
phase_a_gpt,hotpotqa,combine_all_immediate_s0,18,merge,"[14, 17]",0.5866666666666667,0.5766666666666667,0.010000000000000009,6070,14377,4
phase_a_gpt,hotpotqa,combine_all_immediate_s0,19,reflect,[8],0.38333333333333336,0.38,0.003333333333333355,6388,5532,4
phase_a_gpt,hotpotqa,combine_all_immediate_s0,20,merge,"[9, 13]",0.5733333333333334,0.56,0.013333333333333308,6693,10810,4
phase_a_gpt,hotpotqa,combine_all_score_plateau_s0,0,seed,[None],0.38,,,0,303,4
phase_a_gpt,hotpotqa,combine_all_score_plateau_s0,1,reflect,[0],0.37666666666666665,0.38,-0.003333333333333355,369,2651,4
phase_a_gpt,hotpotqa,combine_all_score_plateau_s0,2,reflect,[1],0.37,0.37666666666666665,-0.006666666666666654,675,5496,4
phase_a_gpt,hotpotqa,combine_all_score_plateau_s0,3,reflect,[2],0.5966666666666667,0.37,0.22666666666666668,1083,7825,4
phase_a_gpt,hotpotqa,combine_all_score_plateau_s0,4,reflect,[0],0.37333333333333335,0.38,-0.006666666666666654,1431,3001,4
phase_a_gpt,hotpotqa,combine_all_score_plateau_s0,5,reflect,[4],0.5966666666666667,0.37333333333333335,0.22333333333333333,1848,5353,4
phase_a_gpt,hotpotqa,combine_all_score_plateau_s0,6,reflect,[5],0.5733333333333334,0.5966666666666667,-0.023333333333333317,2202,5643,4
phase_a_gpt,hotpotqa,combine_all_score_plateau_s0,7,merge,"[3, 6]",0.6166666666666667,0.5966666666666667,0.020000000000000018,2507,13385,4
phase_a_gpt,hotpotqa,combine_all_score_plateau_s0,8,reflect,[3],0.5766666666666667,0.5966666666666667,-0.020000000000000018,2909,8996,4
phase_a_gpt,hotpotqa,combine_all_score_plateau_s0,9,reflect,[7],0.58,0.6166666666666667,-0.036666666666666736,3461,14918,4
phase_a_gpt,hotpotqa,combine_all_score_plateau_s0,10,reflect,[7],0.6166666666666667,0.6166666666666667,0.0,3863,12191,4
phase_a_gpt,hotpotqa,combine_all_score_plateau_s0,11,reflect,[5],0.6,0.5966666666666667,0.0033333333333332993,4262,5414,4
phase_a_gpt,hotpotqa,combine_all_score_plateau_s0,12,merge,"[9, 11]",0.5833333333333334,0.6,-0.016666666666666607,4567,20249,4
phase_a_gpt,hotpotqa,combine_all_score_plateau_s0,13,reflect,[9],0.57,0.58,-0.010000000000000009,4879,15781,4
phase_a_gpt,hotpotqa,combine_all_score_plateau_s0,14,reflect,[12],0.59,0.5833333333333334,0.006666666666666599,5308,15669,4
phase_a_gpt,hotpotqa,combine_all_score_plateau_s0,15,reflect,[13],0.58,0.57,0.010000000000000009,5656,15807,4
phase_a_gpt,hotpotqa,combine_all_score_plateau_s0,16,reflect,[12],0.5933333333333334,0.5833333333333334,0.010000000000000009,6309,16117,4
phase_a_gpt,hotpotqa,combine_all_score_plateau_s0,17,merge,"[15, 16]",0.58,0.5933333333333334,-0.01333333333333342,6614,17006,4
phase_a_gpt,hotpotqa,nomerge_s0,0,seed,[None],0.38,,,0,303,4
phase_a_gpt,hotpotqa,nomerge_s0,1,reflect,[0],0.37666666666666665,0.38,-0.003333333333333355,369,2651,4
phase_a_gpt,hotpotqa,nomerge_s0,2,reflect,[1],0.37,0.37666666666666665,-0.006666666666666654,675,5496,4
phase_a_gpt,hotpotqa,nomerge_s0,3,reflect,[2],0.5966666666666667,0.37,0.22666666666666668,1083,7825,4
phase_a_gpt,hotpotqa,nomerge_s0,4,reflect,[0],0.37333333333333335,0.38,-0.006666666666666654,1431,3001,4
phase_a_gpt,hotpotqa,nomerge_s0,5,reflect,[4],0.5966666666666667,0.37333333333333335,0.22333333333333333,1848,5353,4
phase_a_gpt,hotpotqa,nomerge_s0,6,reflect,[5],0.5733333333333334,0.5966666666666667,-0.023333333333333317,2202,5643,4
phase_a_gpt,hotpotqa,nomerge_s0,7,reflect,[6],0.5333333333333333,0.5733333333333334,-0.040000000000000036,2508,8216,4
phase_a_gpt,hotpotqa,nomerge_s0,8,reflect,[6],0.5466666666666666,0.5733333333333334,-0.026666666666666727,2943,8077,4
phase_a_gpt,hotpotqa,nomerge_s0,9,reflect,[5],0.5733333333333334,0.5966666666666667,-0.023333333333333317,3261,8485,4
phase_a_gpt,hotpotqa,nomerge_s0,10,reflect,[6],0.5733333333333334,0.5733333333333334,0.0,3570,7294,4
phase_a_gpt,hotpotqa,nomerge_s0,11,reflect,[7],0.5433333333333333,0.5333333333333333,0.010000000000000009,3948,8533,4
phase_a_gpt,hotpotqa,nomerge_s0,12,reflect,[7],0.52,0.5333333333333333,-0.013333333333333308,4344,8998,4
phase_a_gpt,hotpotqa,nomerge_s0,13,reflect,[8],0.56,0.5466666666666666,0.01333333333333342,4662,8154,4
phase_a_gpt,hotpotqa,nomerge_s0,14,reflect,[7],0.52,0.5333333333333333,-0.013333333333333308,5025,9187,4
phase_a_gpt,hotpotqa,nomerge_s0,15,reflect,[8],0.5633333333333334,0.5466666666666666,0.01666666666666672,5427,8466,4
phase_a_gpt,hotpotqa,nomerge_s0,16,reflect,[9],0.6066666666666667,0.5733333333333334,0.033333333333333326,5739,8688,4
phase_a_gpt,hotpotqa,nomerge_s0,17,reflect,[13],0.5366666666666666,0.56,-0.023333333333333428,6057,8612,4
phase_a_gpt,hotpotqa,nomerge_s0,18,reflect,[8],0.53,0.5466666666666666,-0.016666666666666607,6363,9031,4
phase_a_gpt,hotpotqa,nomerge_s0,19,reflect,[8],0.5466666666666666,0.5466666666666666,0.0,6747,11045,4
phase_a_gpt,hotpotqa,original_budget_proportional_s0,0,seed,[None],0.38,,,0,303,4
phase_a_gpt,hotpotqa,original_budget_proportional_s0,1,reflect,[0],0.37666666666666665,0.38,-0.003333333333333355,369,2651,4
phase_a_gpt,hotpotqa,original_budget_proportional_s0,2,reflect,[1],0.37,0.37666666666666665,-0.006666666666666654,675,5496,4
phase_a_gpt,hotpotqa,original_budget_proportional_s0,3,reflect,[2],0.5966666666666667,0.37,0.22666666666666668,1083,7825,4
phase_a_gpt,hotpotqa,original_budget_proportional_s0,4,reflect,[0],0.37333333333333335,0.38,-0.006666666666666654,1431,3001,4
phase_a_gpt,hotpotqa,original_budget_proportional_s0,5,reflect,[4],0.5966666666666667,0.37333333333333335,0.22333333333333333,1848,5353,4
phase_a_gpt,hotpotqa,original_budget_proportional_s0,6,reflect,[5],0.5733333333333334,0.5966666666666667,-0.023333333333333317,2202,5643,4
phase_a_gpt,hotpotqa,original_budget_proportional_s0,7,merge,"[3, 6]",0.5966666666666667,0.5966666666666667,0.0,2507,7825,4
phase_a_gpt,hotpotqa,original_budget_proportional_s0,8,reflect,[7],0.56,0.5966666666666667,-0.036666666666666625,2816,8084,4
phase_a_gpt,hotpotqa,original_budget_proportional_s0,9,reflect,[6],0.5733333333333334,0.5733333333333334,0.0,3140,8531,4
phase_a_gpt,hotpotqa,original_budget_proportional_s0,10,reflect,[5],0.5933333333333334,0.5966666666666667,-0.0033333333333332993,3496,5807,4
phase_a_gpt,hotpotqa,original_budget_proportional_s0,11,merge,"[7, 10]",0.5966666666666667,0.5966666666666667,0.0,3801,7825,4
phase_a_gpt,hotpotqa,original_budget_proportional_s0,12,reflect,[8],0.57,0.56,0.009999999999999898,4122,8670,4
phase_a_gpt,hotpotqa,original_budget_proportional_s0,13,merge,"[8, 10]",0.58,0.5933333333333334,-0.01333333333333342,4427,8414,4
phase_a_gpt,hotpotqa,original_budget_proportional_s0,14,reflect,[10],0.5966666666666667,0.5933333333333334,0.0033333333333332993,4799,8326,4
phase_a_gpt,hotpotqa,original_budget_proportional_s0,15,merge,"[9, 11]",0.5966666666666667,0.5966666666666667,0.0,5104,7825,4
phase_a_gpt,hotpotqa,original_budget_proportional_s0,16,reflect,[9],0.59,0.5733333333333334,0.016666666666666607,5443,11662,4
phase_a_gpt,hotpotqa,original_budget_proportional_s0,17,merge,"[12, 15]",0.57,0.5966666666666667,-0.026666666666666727,5748,8670,4
phase_a_gpt,hotpotqa,original_budget_proportional_s0,18,reflect,[16],0.58,0.59,-0.010000000000000009,6219,12832,4
phase_a_gpt,hotpotqa,original_budget_proportional_s0,19,merge,"[13, 18]",0.5933333333333334,0.58,0.01333333333333342,6524,12996,4
phase_a_gpt,hotpotqa,original_immediate_s0,0,seed,[None],0.38,,,0,303,4
phase_a_gpt,hotpotqa,original_immediate_s0,1,reflect,[0],0.37666666666666665,0.38,-0.003333333333333355,369,2651,4
phase_a_gpt,hotpotqa,original_immediate_s0,2,reflect,[1],0.37,0.37666666666666665,-0.006666666666666654,675,5496,4
phase_a_gpt,hotpotqa,original_immediate_s0,3,reflect,[2],0.36666666666666664,0.37,-0.003333333333333355,993,7381,4
phase_a_gpt,hotpotqa,original_immediate_s0,4,reflect,[3],0.36666666666666664,0.36666666666666664,0.0,1347,8278,4
phase_a_gpt,hotpotqa,original_immediate_s0,5,reflect,[2],0.35,0.37,-0.020000000000000018,1686,6849,4
phase_a_gpt,hotpotqa,original_immediate_s0,6,reflect,[5],0.34,0.35,-0.009999999999999953,1992,8201,4
phase_a_gpt,hotpotqa,original_immediate_s0,7,reflect,[6],0.32666666666666666,0.34,-0.013333333333333364,2367,8348,4
phase_a_gpt,hotpotqa,original_immediate_s0,8,reflect,[0],0.38,0.38,0.0,2691,2678,4
phase_a_gpt,hotpotqa,original_immediate_s0,9,reflect,[0],0.41,0.38,0.02999999999999997,3039,2732,4
phase_a_gpt,hotpotqa,original_immediate_s0,10,merge,"[8, 9]",0.4033333333333333,0.41,-0.006666666666666654,3344,5107,4
phase_a_gpt,hotpotqa,original_immediate_s0,11,reflect,[4],0.34,0.36666666666666664,-0.026666666666666616,3698,9842,4
phase_a_gpt,hotpotqa,original_immediate_s0,12,reflect,[2],0.6,0.37,0.22999999999999998,4061,7546,4
phase_a_gpt,hotpotqa,original_immediate_s0,13,reflect,[12],0.56,0.6,-0.039999999999999925,4372,8283,4
phase_a_gpt,hotpotqa,original_immediate_s0,14,merge,"[9, 12]",0.6,0.6,0.0,4677,7546,4
phase_a_gpt,hotpotqa,original_immediate_s0,15,reflect,[9],0.39,0.41,-0.019999999999999962,4995,4935,4
phase_a_gpt,hotpotqa,original_immediate_s0,16,merge,"[8, 13]",0.5466666666666666,0.56,-0.01333333333333342,5300,10658,4
phase_a_gpt,hotpotqa,original_immediate_s0,17,reflect,[8],0.36333333333333334,0.38,-0.016666666666666663,5636,5029,4
phase_a_gpt,hotpotqa,original_immediate_s0,18,merge,"[9, 13]",0.56,0.56,0.0,5941,8283,4
phase_a_gpt,hotpotqa,original_immediate_s0,19,reflect,[17],0.3566666666666667,0.36333333333333334,-0.006666666666666654,6433,6896,4
phase_a_gpt,hotpotqa,original_immediate_s0,20,merge,"[8, 18]",0.5466666666666666,0.56,-0.01333333333333342,6738,10658,4
phase_a_gpt,hotpotqa,original_score_plateau_s0,0,seed,[None],0.38,,,0,303,4
phase_a_gpt,hotpotqa,original_score_plateau_s0,1,reflect,[0],0.37666666666666665,0.38,-0.003333333333333355,369,2651,4
phase_a_gpt,hotpotqa,original_score_plateau_s0,2,reflect,[1],0.37,0.37666666666666665,-0.006666666666666654,675,5496,4
phase_a_gpt,hotpotqa,original_score_plateau_s0,3,reflect,[2],0.5966666666666667,0.37,0.22666666666666668,1083,7825,4
phase_a_gpt,hotpotqa,original_score_plateau_s0,4,reflect,[0],0.37333333333333335,0.38,-0.006666666666666654,1431,3001,4
phase_a_gpt,hotpotqa,original_score_plateau_s0,5,reflect,[4],0.5966666666666667,0.37333333333333335,0.22333333333333333,1848,5353,4
phase_a_gpt,hotpotqa,original_score_plateau_s0,6,reflect,[5],0.5733333333333334,0.5966666666666667,-0.023333333333333317,2202,5643,4
phase_a_gpt,hotpotqa,original_score_plateau_s0,7,merge,"[3, 6]",0.5966666666666667,0.5966666666666667,0.0,2507,7825,4
phase_a_gpt,hotpotqa,original_score_plateau_s0,8,reflect,[7],0.56,0.5966666666666667,-0.036666666666666625,2816,8084,4
phase_a_gpt,hotpotqa,original_score_plateau_s0,9,reflect,[8],0.5633333333333334,0.56,0.0033333333333332993,3158,11037,4
phase_a_gpt,hotpotqa,original_score_plateau_s0,10,reflect,[8],0.5566666666666666,0.56,-0.0033333333333334103,3506,9588,4
phase_a_gpt,hotpotqa,original_score_plateau_s0,11,reflect,[6],0.5466666666666666,0.5733333333333334,-0.026666666666666727,3842,8077,4
phase_a_gpt,hotpotqa,original_score_plateau_s0,12,merge,"[7, 11]",0.5966666666666667,0.5966666666666667,0.0,4147,7825,4
phase_a_gpt,hotpotqa,original_score_plateau_s0,13,reflect,[11],0.56,0.5466666666666666,0.01333333333333342,4564,8813,4
phase_a_gpt,hotpotqa,original_score_plateau_s0,14,reflect,[13],0.5566666666666666,0.56,-0.0033333333333334103,4909,10059,4
phase_a_gpt,hotpotqa,original_score_plateau_s0,15,merge,"[9, 11]",0.5633333333333334,0.5633333333333334,0.0,5214,11037,4
phase_a_gpt,hotpotqa,original_score_plateau_s0,16,reflect,[15],0.5466666666666666,0.5633333333333334,-0.01666666666666672,5559,12053,4
phase_a_gpt,hotpotqa,original_score_plateau_s0,17,reflect,[6],0.5766666666666667,0.5733333333333334,0.0033333333333332993,5895,8057,4
phase_a_gpt,hotpotqa,original_score_plateau_s0,18,reflect,[5],0.5966666666666667,0.5966666666666667,0.0,6384,5746,4
phase_a_gpt,hotpotqa,original_score_plateau_s0,19,merge,"[14, 15]",0.5633333333333334,0.5633333333333334,0.0,6689,11037,4
phase_a_gpt,hotpotqa,summarize_before_budget_proportional_s0,0,seed,[None],0.38,,,0,303,4
phase_a_gpt,hotpotqa,summarize_before_budget_proportional_s0,1,reflect,[0],0.37666666666666665,0.38,-0.003333333333333355,369,2651,4
phase_a_gpt,hotpotqa,summarize_before_budget_proportional_s0,2,reflect,[1],0.37,0.37666666666666665,-0.006666666666666654,675,5496,4
phase_a_gpt,hotpotqa,summarize_before_budget_proportional_s0,3,reflect,[2],0.5966666666666667,0.37,0.22666666666666668,1083,7825,4
phase_a_gpt,hotpotqa,summarize_before_budget_proportional_s0,4,reflect,[0],0.37333333333333335,0.38,-0.006666666666666654,1431,3001,4
phase_a_gpt,hotpotqa,summarize_before_budget_proportional_s0,5,reflect,[4],0.5966666666666667,0.37333333333333335,0.22333333333333333,1848,5353,4
phase_a_gpt,hotpotqa,summarize_before_budget_proportional_s0,6,reflect,[5],0.5733333333333334,0.5966666666666667,-0.023333333333333317,2202,5643,4
phase_a_gpt,hotpotqa,summarize_before_budget_proportional_s0,7,merge,"[3, 6]",0.5966666666666667,0.5966666666666667,0.0,2507,6345,4
phase_a_gpt,hotpotqa,summarize_before_budget_proportional_s0,8,reflect,[3],0.5766666666666667,0.5966666666666667,-0.020000000000000018,2912,8996,4
phase_a_gpt,hotpotqa,summarize_before_budget_proportional_s0,9,merge,"[3, 5]",0.5966666666666667,0.5966666666666667,0.0,3217,6234,4
phase_a_gpt,hotpotqa,summarize_before_budget_proportional_s0,10,reflect,[6],0.58,0.5733333333333334,0.006666666666666599,3688,6131,4
phase_a_gpt,hotpotqa,summarize_before_budget_proportional_s0,11,reflect,[10],0.5866666666666667,0.58,0.00666666666666671,4050,7029,4
phase_a_gpt,hotpotqa,summarize_before_budget_proportional_s0,12,merge,"[3, 11]",0.6333333333333333,0.5966666666666667,0.036666666666666625,4355,6412,4
phase_a_gpt,hotpotqa,summarize_before_budget_proportional_s0,13,reflect,[11],0.5966666666666667,0.5866666666666667,0.010000000000000009,4730,9493,4
phase_a_gpt,hotpotqa,summarize_before_budget_proportional_s0,14,reflect,[7],0.6033333333333334,0.5966666666666667,0.00666666666666671,5128,7760,4
phase_a_gpt,hotpotqa,summarize_before_budget_proportional_s0,15,reflect,[11],0.5466666666666666,0.5866666666666667,-0.040000000000000036,5533,8897,4
phase_a_gpt,hotpotqa,summarize_before_budget_proportional_s0,16,reflect,[14],0.6066666666666667,0.6033333333333334,0.0033333333333332993,5947,9880,4
phase_a_gpt,hotpotqa,summarize_before_budget_proportional_s0,17,merge,"[11, 16]",0.5933333333333334,0.6066666666666667,-0.013333333333333308,6252,8886,4
phase_a_gpt,hotpotqa,summarize_before_budget_proportional_s0,18,reflect,[11],0.58,0.5866666666666667,-0.00666666666666671,6582,7982,4
phase_a_gpt,hotpotqa,summarize_before_immediate_s0,0,seed,[None],0.38,,,0,303,4
phase_a_gpt,hotpotqa,summarize_before_immediate_s0,1,reflect,[0],0.37666666666666665,0.38,-0.003333333333333355,369,2651,4
phase_a_gpt,hotpotqa,summarize_before_immediate_s0,2,reflect,[1],0.37,0.37666666666666665,-0.006666666666666654,675,5496,4
phase_a_gpt,hotpotqa,summarize_before_immediate_s0,3,reflect,[2],0.36666666666666664,0.37,-0.003333333333333355,993,7381,4
phase_a_gpt,hotpotqa,summarize_before_immediate_s0,4,reflect,[3],0.36666666666666664,0.36666666666666664,0.0,1347,8278,4
phase_a_gpt,hotpotqa,summarize_before_immediate_s0,5,reflect,[2],0.35,0.37,-0.020000000000000018,1686,6849,4
phase_a_gpt,hotpotqa,summarize_before_immediate_s0,6,reflect,[5],0.34,0.35,-0.009999999999999953,1992,8201,4
phase_a_gpt,hotpotqa,summarize_before_immediate_s0,7,reflect,[6],0.32666666666666666,0.34,-0.013333333333333364,2367,8348,4
phase_a_gpt,hotpotqa,summarize_before_immediate_s0,8,reflect,[0],0.38,0.38,0.0,2691,2678,4
phase_a_gpt,hotpotqa,summarize_before_immediate_s0,9,reflect,[0],0.41,0.38,0.02999999999999997,3039,2732,4
phase_a_gpt,hotpotqa,summarize_before_immediate_s0,10,merge,"[8, 9]",0.4033333333333333,0.41,-0.006666666666666654,3344,5107,4
phase_a_gpt,hotpotqa,summarize_before_immediate_s0,11,reflect,[4],0.34,0.36666666666666664,-0.026666666666666616,3698,9842,4
phase_a_gpt,hotpotqa,summarize_before_immediate_s0,12,reflect,[2],0.6,0.37,0.22999999999999998,4061,7546,4
phase_a_gpt,hotpotqa,summarize_before_immediate_s0,13,reflect,[12],0.56,0.6,-0.039999999999999925,4372,8283,4
phase_a_gpt,hotpotqa,summarize_before_immediate_s0,14,merge,"[9, 12]",0.58,0.6,-0.020000000000000018,4677,7032,4
phase_a_gpt,hotpotqa,summarize_before_immediate_s0,15,reflect,[9],0.39,0.41,-0.019999999999999962,4995,4935,4
phase_a_gpt,hotpotqa,summarize_before_immediate_s0,16,merge,"[8, 14]",0.5666666666666667,0.58,-0.013333333333333308,5300,9407,4
phase_a_gpt,hotpotqa,summarize_before_immediate_s0,17,reflect,[13],0.5666666666666667,0.56,0.006666666666666599,5867,8774,4
phase_a_gpt,hotpotqa,summarize_before_immediate_s0,18,merge,"[8, 17]",0.5433333333333333,0.5666666666666667,-0.023333333333333317,6172,11149,4
phase_a_gpt,hotpotqa,summarize_before_immediate_s0,19,reflect,[14],0.56,0.58,-0.019999999999999907,6484,7629,4
phase_a_gpt,hotpotqa,summarize_before_immediate_s0,20,merge,"[14, 18]",0.5433333333333333,0.58,-0.036666666666666625,6789,10003,4
phase_a_gpt,hotpotqa,summarize_before_score_plateau_s0,0,seed,[None],0.38,,,0,303,4
phase_a_gpt,hotpotqa,summarize_before_score_plateau_s0,1,reflect,[0],0.37666666666666665,0.38,-0.003333333333333355,369,2651,4
phase_a_gpt,hotpotqa,summarize_before_score_plateau_s0,2,reflect,[1],0.37,0.37666666666666665,-0.006666666666666654,675,5496,4
phase_a_gpt,hotpotqa,summarize_before_score_plateau_s0,3,reflect,[2],0.5966666666666667,0.37,0.22666666666666668,1083,7825,4
phase_a_gpt,hotpotqa,summarize_before_score_plateau_s0,4,reflect,[0],0.37333333333333335,0.38,-0.006666666666666654,1431,3001,4
phase_a_gpt,hotpotqa,summarize_before_score_plateau_s0,5,reflect,[4],0.5966666666666667,0.37333333333333335,0.22333333333333333,1848,5353,4
phase_a_gpt,hotpotqa,summarize_before_score_plateau_s0,6,reflect,[5],0.5733333333333334,0.5966666666666667,-0.023333333333333317,2202,5643,4
phase_a_gpt,hotpotqa,summarize_before_score_plateau_s0,7,merge,"[3, 6]",0.5966666666666667,0.5966666666666667,0.0,2507,6345,4
phase_a_gpt,hotpotqa,summarize_before_score_plateau_s0,8,reflect,[3],0.5766666666666667,0.5966666666666667,-0.020000000000000018,2912,8996,4
phase_a_gpt,hotpotqa,summarize_before_score_plateau_s0,9,reflect,[3],0.5666666666666667,0.5966666666666667,-0.030000000000000027,3593,9358,4
phase_a_gpt,hotpotqa,summarize_before_score_plateau_s0,10,reflect,[3],0.5666666666666667,0.5966666666666667,-0.030000000000000027,3965,7914,4
phase_a_gpt,hotpotqa,summarize_before_score_plateau_s0,11,merge,"[6, 9]",0.5833333333333334,0.5733333333333334,0.010000000000000009,4270,7205,4
phase_a_gpt,hotpotqa,summarize_before_score_plateau_s0,12,reflect,[7],0.58,0.5966666666666667,-0.01666666666666672,4606,7257,4
phase_a_gpt,hotpotqa,summarize_before_score_plateau_s0,13,reflect,[12],0.56,0.58,-0.019999999999999907,4933,9591,4
phase_a_gpt,hotpotqa,summarize_before_score_plateau_s0,14,reflect,[11],0.58,0.5833333333333334,-0.0033333333333334103,5338,8657,4
phase_a_gpt,hotpotqa,summarize_before_score_plateau_s0,15,merge,"[9, 12]",0.5266666666666666,0.58,-0.053333333333333344,5643,5509,4
phase_a_gpt,hotpotqa,summarize_before_score_plateau_s0,16,reflect,[15],0.52,0.5266666666666666,-0.006666666666666599,5949,6083,4
phase_a_gpt,hotpotqa,summarize_before_score_plateau_s0,17,reflect,[11],0.5633333333333334,0.5833333333333334,-0.020000000000000018,6258,10587,4
phase_a_gpt,hotpotqa,summarize_before_score_plateau_s0,18,reflect,[11],0.5933333333333334,0.5833333333333334,0.010000000000000009,6672,7873,4
phase_a_gpt,ifbench,combine_all_budget_proportional_s0,0,seed,[None],0.8255555555555555,,,0,138,2
phase_a_gpt,ifbench,combine_all_budget_proportional_s0,1,reflect,[0],0.8455555555555555,0.8255555555555555,0.020000000000000018,309,2454,2
phase_a_gpt,ifbench,combine_all_budget_proportional_s0,2,reflect,[0],0.805,0.8255555555555555,-0.020555555555555438,630,3305,2
phase_a_gpt,ifbench,combine_all_budget_proportional_s0,3,reflect,[2],0.8080555555555555,0.805,0.003055555555555478,954,5679,2
phase_a_gpt,ifbench,combine_all_budget_proportional_s0,4,reflect,[3],0.8386111111111112,0.8080555555555555,0.03055555555555567,1263,6143,2
phase_a_gpt,ifbench,combine_all_budget_proportional_s0,5,reflect,[0],0.8488888888888888,0.8255555555555555,0.023333333333333317,1589,2283,2
phase_a_gpt,ifbench,combine_all_budget_proportional_s0,6,merge,"[4, 5]",0.8419444444444445,0.8488888888888888,-0.006944444444444309,1894,8336,2
phase_a_gpt,ifbench,combine_all_budget_proportional_s0,7,reflect,[6],0.8791666666666667,0.8419444444444445,0.03722222222222216,2236,9125,2
phase_a_gpt,ifbench,combine_all_budget_proportional_s0,8,merge,"[1, 7]",0.8802777777777777,0.8791666666666667,0.0011111111111110628,2541,11489,2
phase_a_gpt,ifbench,combine_all_budget_proportional_s0,9,reflect,[1],0.8472222222222222,0.8455555555555555,0.0016666666666667052,2880,4367,2
phase_a_gpt,ifbench,combine_all_budget_proportional_s0,10,merge,"[5, 9]",0.8744444444444444,0.8488888888888888,0.025555555555555554,3185,6560,2
phase_a_gpt,ifbench,combine_all_budget_proportional_s0,11,reflect,[6],0.8461111111111111,0.8419444444444445,0.004166666666666652,3497,7420,2
phase_a_gpt,ifbench,combine_all_immediate_s0,0,seed,[None],0.8255555555555555,,,0,138,2
phase_a_gpt,ifbench,combine_all_immediate_s0,1,reflect,[0],0.8455555555555555,0.8255555555555555,0.020000000000000018,309,2454,2
phase_a_gpt,ifbench,combine_all_immediate_s0,2,reflect,[0],0.805,0.8255555555555555,-0.020555555555555438,630,3305,2
phase_a_gpt,ifbench,combine_all_immediate_s0,3,reflect,[2],0.8288888888888889,0.805,0.02388888888888885,942,5325,2
phase_a_gpt,ifbench,combine_all_immediate_s0,4,merge,"[1, 3]",0.8408333333333333,0.8455555555555555,-0.004722222222222183,1247,7689,2
phase_a_gpt,ifbench,combine_all_immediate_s0,5,reflect,[4],0.8447222222222222,0.8408333333333333,0.0038888888888888307,1601,8423,2
phase_a_gpt,ifbench,combine_all_immediate_s0,6,reflect,[3],0.8436111111111111,0.8288888888888889,0.014722222222222192,1916,6510,2
phase_a_gpt,ifbench,combine_all_immediate_s0,7,reflect,[3],0.881388888888889,0.8288888888888889,0.0525000000000001,2227,6003,2
phase_a_gpt,ifbench,combine_all_immediate_s0,8,merge,"[5, 6]",0.8555555555555556,0.8447222222222222,0.010833333333333472,2532,11676,2
phase_a_gpt,ifbench,combine_all_immediate_s0,9,reflect,[7],0.9041666666666667,0.881388888888889,0.022777777777777675,2841,8063,2
phase_a_gpt,ifbench,combine_all_immediate_s0,10,merge,"[6, 9]",0.8977777777777777,0.9041666666666667,-0.006388888888888999,3146,11316,2
phase_a_gpt,ifbench,combine_all_immediate_s0,11,reflect,[5],0.8552777777777777,0.8447222222222222,0.01055555555555554,3503,8205,2
phase_a_gpt,ifbench,combine_all_score_plateau_s0,0,seed,[None],0.8255555555555555,,,0,138,2
phase_a_gpt,ifbench,combine_all_score_plateau_s0,1,reflect,[0],0.8455555555555555,0.8255555555555555,0.020000000000000018,309,2454,2
phase_a_gpt,ifbench,combine_all_score_plateau_s0,2,reflect,[0],0.8058333333333333,0.8255555555555555,-0.019722222222222197,630,3305,2
phase_a_gpt,ifbench,combine_all_score_plateau_s0,3,reflect,[2],0.8097222222222222,0.8058333333333333,0.0038888888888889417,954,5679,2
phase_a_gpt,ifbench,combine_all_score_plateau_s0,4,reflect,[2],0.8511111111111112,0.8058333333333333,0.04527777777777786,1260,3779,2
phase_a_gpt,ifbench,combine_all_score_plateau_s0,5,reflect,[4],0.8816666666666667,0.8511111111111112,0.030555555555555558,1572,6541,2
phase_a_gpt,ifbench,combine_all_score_plateau_s0,6,reflect,[0],0.8494444444444444,0.8255555555555555,0.02388888888888896,1902,2631,2
phase_a_gpt,ifbench,combine_all_score_plateau_s0,7,reflect,[1],0.8572222222222223,0.8455555555555555,0.011666666666666825,2208,3063,2
phase_a_gpt,ifbench,combine_all_score_plateau_s0,8,reflect,[3],0.8080555555555555,0.8097222222222222,-0.0016666666666667052,2550,6203,2
phase_a_gpt,ifbench,combine_all_score_plateau_s0,9,merge,"[5, 7]",0.8872222222222222,0.8816666666666667,0.005555555555555536,2855,9514,2
phase_a_gpt,ifbench,combine_all_score_plateau_s0,10,reflect,[9],0.8891666666666667,0.8872222222222222,0.0019444444444444153,3173,9111,2
phase_a_gpt,ifbench,combine_all_score_plateau_s0,11,reflect,[3],0.8086111111111112,0.8097222222222222,-0.0011111111111110628,3548,7159,2
phase_a_gpt,ifbench,nomerge_s0,0,seed,[None],0.8238888888888889,,,0,138,2
phase_a_gpt,ifbench,nomerge_s0,1,reflect,[0],0.8455555555555555,0.8238888888888889,0.021666666666666612,309,2454,2
phase_a_gpt,ifbench,nomerge_s0,2,reflect,[0],0.805,0.8238888888888889,-0.018888888888888844,630,3305,2
phase_a_gpt,ifbench,nomerge_s0,3,reflect,[2],0.8097222222222222,0.805,0.004722222222222183,954,5679,2
phase_a_gpt,ifbench,nomerge_s0,4,reflect,[2],0.8511111111111112,0.805,0.0461111111111111,1260,3779,2
phase_a_gpt,ifbench,nomerge_s0,5,reflect,[4],0.8816666666666667,0.8511111111111112,0.030555555555555558,1572,6541,2
phase_a_gpt,ifbench,nomerge_s0,6,reflect,[0],0.8494444444444444,0.8238888888888889,0.025555555555555554,1902,2631,2
phase_a_gpt,ifbench,nomerge_s0,7,reflect,[1],0.8572222222222223,0.8455555555555555,0.011666666666666825,2208,3063,2
phase_a_gpt,ifbench,nomerge_s0,8,reflect,[3],0.8072222222222222,0.8097222222222222,-0.0025000000000000577,2550,6203,2
phase_a_gpt,ifbench,nomerge_s0,9,reflect,[5],0.8994444444444444,0.8816666666666667,0.01777777777777767,2862,7938,2
phase_a_gpt,ifbench,nomerge_s0,10,reflect,[7],0.8505555555555555,0.8572222222222223,-0.006666666666666821,3177,5196,2
phase_a_gpt,ifbench,nomerge_s0,11,reflect,[1],0.8580555555555556,0.8455555555555555,0.012500000000000067,3483,3526,2
phase_a_gpt,ifbench,original_budget_proportional_s0,0,seed,[None],0.8255555555555555,,,0,138,2
phase_a_gpt,ifbench,original_budget_proportional_s0,1,reflect,[0],0.8455555555555555,0.8255555555555555,0.020000000000000018,309,2454,2
phase_a_gpt,ifbench,original_budget_proportional_s0,2,reflect,[0],0.805,0.8255555555555555,-0.020555555555555438,630,3305,2
phase_a_gpt,ifbench,original_budget_proportional_s0,3,reflect,[2],0.8080555555555555,0.805,0.003055555555555478,954,5679,2
phase_a_gpt,ifbench,original_budget_proportional_s0,4,reflect,[3],0.8377777777777778,0.8080555555555555,0.029722222222222316,1263,6143,2
phase_a_gpt,ifbench,original_budget_proportional_s0,5,merge,"[1, 4]",0.8505555555555555,0.8455555555555555,0.0050000000000000044,1568,6085,2
phase_a_gpt,ifbench,original_budget_proportional_s0,6,reflect,[0],0.8455555555555555,0.8255555555555555,0.020000000000000018,1889,2283,2
phase_a_gpt,ifbench,original_budget_proportional_s0,7,merge,"[5, 6]",0.8505555555555555,0.8505555555555555,0.0,2194,6085,2
phase_a_gpt,ifbench,original_budget_proportional_s0,8,reflect,[1],0.84,0.8455555555555555,-0.005555555555555536,2536,4319,2
phase_a_gpt,ifbench,original_budget_proportional_s0,9,merge,"[7, 8]",0.8505555555555555,0.8505555555555555,0.0,2841,6085,2
phase_a_gpt,ifbench,original_budget_proportional_s0,10,reflect,[1],0.7938888888888889,0.8455555555555555,-0.05166666666666664,3153,4538,2
phase_a_gpt,ifbench,original_budget_proportional_s0,11,reflect,[1],0.8880555555555556,0.8455555555555555,0.04250000000000009,3459,3924,2
phase_a_gpt,ifbench,original_immediate_s0,0,seed,[None],0.8255555555555555,,,0,138,2
phase_a_gpt,ifbench,original_immediate_s0,1,reflect,[0],0.8455555555555555,0.8255555555555555,0.020000000000000018,309,2454,2
phase_a_gpt,ifbench,original_immediate_s0,2,reflect,[0],0.805,0.8255555555555555,-0.020555555555555438,630,3305,2
phase_a_gpt,ifbench,original_immediate_s0,3,reflect,[2],0.8280555555555555,0.805,0.023055555555555496,942,5325,2
phase_a_gpt,ifbench,original_immediate_s0,4,merge,"[1, 3]",0.8438888888888889,0.8455555555555555,-0.0016666666666665941,1247,5621,2
phase_a_gpt,ifbench,original_immediate_s0,5,reflect,[0],0.8180555555555555,0.8255555555555555,-0.007499999999999951,1643,2285,2
phase_a_gpt,ifbench,original_immediate_s0,6,reflect,[0],0.8486111111111111,0.8255555555555555,0.023055555555555607,1949,2179,2
phase_a_gpt,ifbench,original_immediate_s0,7,merge,"[3, 6]",0.8302777777777778,0.8486111111111111,-0.018333333333333313,2254,5346,2
phase_a_gpt,ifbench,original_immediate_s0,8,reflect,[7],0.8902777777777777,0.8302777777777778,0.05999999999999994,2572,6397,2
phase_a_gpt,ifbench,original_immediate_s0,9,merge,"[1, 8]",0.8902777777777777,0.8902777777777777,0.0,2877,6397,2
phase_a_gpt,ifbench,original_immediate_s0,10,reflect,[9],0.871388888888889,0.8902777777777777,-0.018888888888888733,3216,7764,2
phase_a_gpt,ifbench,original_immediate_s0,11,reflect,[3],0.8391666666666666,0.8280555555555555,0.011111111111111072,3527,6800,2
phase_a_gpt,ifbench,original_score_plateau_s0,0,seed,[None],0.8255555555555555,,,0,138,2
phase_a_gpt,ifbench,original_score_plateau_s0,1,reflect,[0],0.8455555555555555,0.8255555555555555,0.020000000000000018,309,2454,2
phase_a_gpt,ifbench,original_score_plateau_s0,2,reflect,[0],0.805,0.8255555555555555,-0.020555555555555438,630,3305,2
phase_a_gpt,ifbench,original_score_plateau_s0,3,reflect,[2],0.8080555555555555,0.805,0.003055555555555478,954,5679,2
phase_a_gpt,ifbench,original_score_plateau_s0,4,reflect,[2],0.8511111111111112,0.805,0.0461111111111111,1260,3779,2
phase_a_gpt,ifbench,original_score_plateau_s0,5,reflect,[4],0.8816666666666667,0.8511111111111112,0.030555555555555558,1572,6541,2
phase_a_gpt,ifbench,original_score_plateau_s0,6,reflect,[0],0.8502777777777778,0.8255555555555555,0.024722222222222312,1902,2631,2
phase_a_gpt,ifbench,original_score_plateau_s0,7,reflect,[4],0.8688888888888889,0.8511111111111112,0.01777777777777778,2274,6082,2
phase_a_gpt,ifbench,original_score_plateau_s0,8,reflect,[0],0.8761111111111111,0.8255555555555555,0.050555555555555576,2631,2447,2
phase_a_gpt,ifbench,original_score_plateau_s0,9,reflect,[5],0.8980555555555556,0.8816666666666667,0.016388888888888897,2951,7600,2
phase_a_gpt,ifbench,original_score_plateau_s0,10,merge,"[1, 7]",0.8688888888888889,0.8688888888888889,0.0,3256,6082,2
phase_a_gpt,ifbench,original_score_plateau_s0,11,reflect,[1],0.8372222222222222,0.8455555555555555,-0.008333333333333304,3562,4921,2
phase_a_gpt,ifbench,summarize_before_budget_proportional_s0,0,seed,[None],0.8255555555555555,,,0,138,2
phase_a_gpt,ifbench,summarize_before_budget_proportional_s0,1,reflect,[0],0.8455555555555555,0.8255555555555555,0.020000000000000018,309,2454,2
phase_a_gpt,ifbench,summarize_before_budget_proportional_s0,2,reflect,[0],0.805,0.8255555555555555,-0.020555555555555438,630,3305,2
phase_a_gpt,ifbench,summarize_before_budget_proportional_s0,3,reflect,[2],0.8080555555555555,0.805,0.003055555555555478,954,5679,2
phase_a_gpt,ifbench,summarize_before_budget_proportional_s0,4,reflect,[3],0.8377777777777778,0.8080555555555555,0.029722222222222316,1263,6143,2
phase_a_gpt,ifbench,summarize_before_budget_proportional_s0,5,reflect,[0],0.8488888888888888,0.8255555555555555,0.023333333333333317,1589,2283,2
phase_a_gpt,ifbench,summarize_before_budget_proportional_s0,6,merge,"[4, 5]",0.8227777777777778,0.8488888888888888,-0.026111111111110974,1894,6442,2
phase_a_gpt,ifbench,summarize_before_budget_proportional_s0,7,reflect,[3],0.888888888888889,0.8080555555555555,0.08083333333333342,2305,6357,2
phase_a_gpt,ifbench,summarize_before_budget_proportional_s0,8,merge,"[5, 7]",0.8844444444444444,0.888888888888889,-0.004444444444444584,2610,6544,2
phase_a_gpt,ifbench,summarize_before_budget_proportional_s0,9,reflect,[6],0.7822222222222222,0.8227777777777778,-0.04055555555555568,2919,6573,2
phase_a_gpt,ifbench,summarize_before_budget_proportional_s0,10,reflect,[1],0.8805555555555556,0.8455555555555555,0.03500000000000014,3239,5697,2
phase_a_gpt,ifbench,summarize_before_budget_proportional_s0,11,reflect,[9],0.7852777777777779,0.7822222222222222,0.0030555555555557,3556,7420,2
phase_a_gpt,ifbench,summarize_before_immediate_s0,0,seed,[None],0.8255555555555555,,,0,138,2
phase_a_gpt,ifbench,summarize_before_immediate_s0,1,reflect,[0],0.8455555555555555,0.8255555555555555,0.020000000000000018,309,2454,2
phase_a_gpt,ifbench,summarize_before_immediate_s0,2,reflect,[0],0.805,0.8255555555555555,-0.020555555555555438,630,3305,2
phase_a_gpt,ifbench,summarize_before_immediate_s0,3,reflect,[2],0.8280555555555555,0.805,0.023055555555555496,942,5325,2
phase_a_gpt,ifbench,summarize_before_immediate_s0,4,reflect,[1],0.8572222222222223,0.8455555555555555,0.011666666666666825,1301,3063,2
phase_a_gpt,ifbench,summarize_before_immediate_s0,5,merge,"[3, 4]",0.8633333333333333,0.8572222222222223,0.006111111111110956,1606,5743,2
phase_a_gpt,ifbench,summarize_before_immediate_s0,6,reflect,[1],0.8283333333333334,0.8455555555555555,-0.01722222222222214,1918,5938,2
phase_a_gpt,ifbench,summarize_before_immediate_s0,7,reflect,[5],0.8883333333333333,0.8633333333333333,0.025000000000000022,2253,7994,2
phase_a_gpt,ifbench,summarize_before_immediate_s0,8,reflect,[7],0.888888888888889,0.8883333333333333,0.0005555555555556424,2577,8453,2
phase_a_gpt,ifbench,summarize_before_immediate_s0,9,reflect,[1],0.8461111111111111,0.8455555555555555,0.0005555555555556424,2964,3403,2
phase_a_gpt,ifbench,summarize_before_immediate_s0,10,reflect,[3],0.8288888888888889,0.8280555555555555,0.0008333333333333526,3294,5639,2
phase_a_gpt,ifbench,summarize_before_score_plateau_s0,0,seed,[None],0.8255555555555555,,,0,138,2
phase_a_gpt,ifbench,summarize_before_score_plateau_s0,1,reflect,[0],0.8455555555555555,0.8255555555555555,0.020000000000000018,309,2454,2
phase_a_gpt,ifbench,summarize_before_score_plateau_s0,2,reflect,[0],0.805,0.8255555555555555,-0.020555555555555438,630,3305,2
phase_a_gpt,ifbench,summarize_before_score_plateau_s0,3,reflect,[2],0.8080555555555555,0.805,0.003055555555555478,954,5679,2
phase_a_gpt,ifbench,summarize_before_score_plateau_s0,4,reflect,[2],0.8511111111111112,0.805,0.0461111111111111,1260,3779,2
phase_a_gpt,ifbench,summarize_before_score_plateau_s0,5,reflect,[4],0.8825,0.8511111111111112,0.0313888888888888,1572,6541,2
phase_a_gpt,ifbench,summarize_before_score_plateau_s0,6,reflect,[0],0.8502777777777778,0.8255555555555555,0.024722222222222312,1902,2631,2
phase_a_gpt,ifbench,summarize_before_score_plateau_s0,7,reflect,[4],0.8688888888888889,0.8511111111111112,0.01777777777777778,2274,6082,2
phase_a_gpt,ifbench,summarize_before_score_plateau_s0,8,reflect,[5],0.8675,0.8825,-0.014999999999999902,2598,7464,2
phase_a_gpt,ifbench,summarize_before_score_plateau_s0,9,merge,"[1, 5]",0.8872222222222222,0.8825,0.004722222222222294,2903,6435,2
phase_a_gpt,ifbench,summarize_before_score_plateau_s0,10,reflect,[7],0.8802777777777777,0.8688888888888889,0.011388888888888782,3236,6669,2
phase_a_gpt,ifbench,summarize_before_score_plateau_s0,11,reflect,[0],0.8541666666666666,0.8255555555555555,0.028611111111111143,3557,1743,2
phase_a_gpt,musique,combine_all_budget_proportional_s0,0,seed,[None],0.32666666666666666,,,0,307,4
phase_a_gpt,musique,combine_all_budget_proportional_s0,1,reflect,[0],0.33,0.32666666666666666,0.003333333333333355,306,3281,4
phase_a_gpt,musique,combine_all_budget_proportional_s0,2,reflect,[0],0.5466666666666666,0.32666666666666666,0.21999999999999997,630,3000,4
phase_a_gpt,musique,combine_all_budget_proportional_s0,3,reflect,[1],0.52,0.33,0.19,1041,5005,4
phase_a_gpt,musique,combine_all_budget_proportional_s0,4,reflect,[2],0.5133333333333333,0.5466666666666666,-0.033333333333333326,1398,4861,4
phase_a_gpt,musique,combine_all_budget_proportional_s0,5,reflect,[2],0.5466666666666666,0.5466666666666666,0.0,2001,5321,4
phase_a_gpt,musique,combine_all_budget_proportional_s0,6,merge,"[3, 5]",0.5366666666666666,0.5466666666666666,-0.010000000000000009,2306,10130,4
phase_a_gpt,musique,combine_all_budget_proportional_s0,7,reflect,[5],0.5466666666666666,0.5466666666666666,0.0,2810,7936,4
phase_a_gpt,musique,combine_all_budget_proportional_s0,8,reflect,[2],0.5333333333333333,0.5466666666666666,-0.013333333333333308,3139,6084,4
phase_a_gpt,musique,combine_all_budget_proportional_s0,9,merge,"[5, 8]",0.5366666666666666,0.5466666666666666,-0.010000000000000009,3444,8405,4
phase_a_gpt,musique,combine_all_budget_proportional_s0,10,reflect,[9],0.52,0.5366666666666666,-0.016666666666666607,3912,8716,4
phase_a_gpt,musique,combine_all_budget_proportional_s0,11,merge,"[3, 10]",0.5466666666666666,0.52,0.026666666666666616,4217,13625,4
phase_a_gpt,musique,combine_all_budget_proportional_s0,12,reflect,[11],0.5433333333333333,0.5466666666666666,-0.0033333333333332993,4535,12825,4
phase_a_gpt,musique,combine_all_budget_proportional_s0,13,merge,"[7, 11]",0.5333333333333333,0.5466666666666666,-0.013333333333333308,4840,16340,4
phase_a_gpt,musique,combine_all_budget_proportional_s0,14,reflect,[11],0.5233333333333333,0.5466666666666666,-0.023333333333333317,5152,11581,4
phase_a_gpt,musique,combine_all_budget_proportional_s0,15,reflect,[7],0.5366666666666666,0.5466666666666666,-0.010000000000000009,5514,7961,4
phase_a_gpt,musique,combine_all_budget_proportional_s0,16,merge,"[6, 11]",0.5333333333333333,0.5466666666666666,-0.013333333333333308,5819,20696,4
phase_a_gpt,musique,combine_all_budget_proportional_s0,17,reflect,[15],0.5366666666666666,0.5366666666666666,0.0,6146,8549,4
phase_a_gpt,musique,combine_all_budget_proportional_s0,18,merge,"[6, 8]",0.5433333333333333,0.5366666666666666,0.00666666666666671,6451,16118,4
phase_a_gpt,musique,combine_all_budget_proportional_s0,19,reflect,[9],0.53,0.5366666666666666,-0.006666666666666599,6874,9128,4
phase_a_gpt,musique,combine_all_immediate_s0,0,seed,[None],0.27666666666666667,,,0,307,4
phase_a_gpt,musique,combine_all_immediate_s0,1,reflect,[0],0.31,0.27666666666666667,0.033333333333333326,354,3128,4
phase_a_gpt,musique,combine_all_immediate_s0,2,reflect,[1],0.2866666666666667,0.31,-0.023333333333333317,750,5579,4
phase_a_gpt,musique,combine_all_immediate_s0,3,reflect,[1],0.3,0.31,-0.010000000000000009,1140,4511,4
phase_a_gpt,musique,combine_all_immediate_s0,4,merge,"[2, 3]",0.2833333333333333,0.3,-0.016666666666666663,1445,9883,4
phase_a_gpt,musique,combine_all_immediate_s0,5,reflect,[2],0.2833333333333333,0.2866666666666667,-0.003333333333333355,1763,6871,4
phase_a_gpt,musique,combine_all_immediate_s0,6,merge,"[3, 5]",0.2866666666666667,0.3,-0.013333333333333308,2068,11175,4
phase_a_gpt,musique,combine_all_immediate_s0,7,reflect,[4],0.29333333333333333,0.2833333333333333,0.010000000000000009,2380,10504,4
phase_a_gpt,musique,combine_all_immediate_s0,8,merge,"[6, 7]",0.30666666666666664,0.29333333333333333,0.013333333333333308,2685,19021,4
phase_a_gpt,musique,combine_all_immediate_s0,9,reflect,[2],0.30666666666666664,0.2866666666666667,0.019999999999999962,3057,8929,4
phase_a_gpt,musique,combine_all_immediate_s0,10,reflect,[6],0.3233333333333333,0.2866666666666667,0.036666666666666625,3455,8440,4
phase_a_gpt,musique,combine_all_immediate_s0,11,reflect,[5],0.55,0.2833333333333333,0.2666666666666667,3826,9462,4
phase_a_gpt,musique,combine_all_immediate_s0,12,merge,"[7, 11]",0.5433333333333333,0.55,-0.00666666666666671,4131,17308,4
phase_a_gpt,musique,combine_all_immediate_s0,13,reflect,[1],0.2866666666666667,0.31,-0.023333333333333317,4464,4966,4
phase_a_gpt,musique,combine_all_immediate_s0,14,merge,"[7, 11]",0.55,0.55,0.0,4769,19870,4
phase_a_gpt,musique,combine_all_immediate_s0,15,reflect,[0],0.27666666666666667,0.27666666666666667,0.0,5153,3335,4
phase_a_gpt,musique,combine_all_immediate_s0,16,merge,"[14, 15]",0.5633333333333334,0.55,0.013333333333333308,5458,22998,4
phase_a_gpt,musique,combine_all_immediate_s0,17,reflect,[16],0.5633333333333334,0.5633333333333334,0.0,5848,22044,4
phase_a_gpt,musique,combine_all_immediate_s0,18,merge,"[11, 15]",0.56,0.55,0.010000000000000009,6153,12590,4
phase_a_gpt,musique,combine_all_immediate_s0,19,reflect,[15],0.31333333333333335,0.27666666666666667,0.03666666666666668,6552,4302,4
phase_a_gpt,musique,combine_all_immediate_s0,20,merge,"[14, 18]",0.55,0.56,-0.010000000000000009,6857,27211,4
phase_a_gpt,musique,combine_all_score_plateau_s0,0,seed,[None],0.31666666666666665,,,0,307,4
phase_a_gpt,musique,combine_all_score_plateau_s0,1,reflect,[0],0.31333333333333335,0.31666666666666665,-0.0033333333333332993,306,3281,4
phase_a_gpt,musique,combine_all_score_plateau_s0,2,reflect,[0],0.3333333333333333,0.31666666666666665,0.016666666666666663,654,2960,4
phase_a_gpt,musique,combine_all_score_plateau_s0,3,reflect,[0],0.34,0.31666666666666665,0.023333333333333373,1128,3095,4
phase_a_gpt,musique,combine_all_score_plateau_s0,4,reflect,[2],0.32,0.3333333333333333,-0.013333333333333308,1470,4504,4
phase_a_gpt,musique,combine_all_score_plateau_s0,5,reflect,[2],0.32,0.3333333333333333,-0.013333333333333308,1818,5633,4
phase_a_gpt,musique,combine_all_score_plateau_s0,6,reflect,[1],0.3233333333333333,0.31333333333333335,0.009999999999999953,2136,5601,4
phase_a_gpt,musique,combine_all_score_plateau_s0,7,reflect,[1],0.30666666666666664,0.31333333333333335,-0.00666666666666671,2459,6040,4
phase_a_gpt,musique,combine_all_score_plateau_s0,8,merge,"[3, 4]",0.31666666666666665,0.34,-0.023333333333333373,2764,7292,4
phase_a_gpt,musique,combine_all_score_plateau_s0,9,reflect,[1],0.32,0.31333333333333335,0.006666666666666654,3202,4226,4
phase_a_gpt,musique,combine_all_score_plateau_s0,10,reflect,[3],0.53,0.34,0.19,3574,5204,4
phase_a_gpt,musique,combine_all_score_plateau_s0,11,reflect,[9],0.31666666666666665,0.32,-0.003333333333333355,4054,7273,4
phase_a_gpt,musique,combine_all_score_plateau_s0,12,reflect,[2],0.55,0.3333333333333333,0.21666666666666673,4492,5323,4
phase_a_gpt,musique,combine_all_score_plateau_s0,13,reflect,[12],0.5533333333333333,0.55,0.0033333333333332993,4801,8888,4
phase_a_gpt,musique,combine_all_score_plateau_s0,14,reflect,[11],0.24666666666666667,0.31666666666666665,-0.06999999999999998,5278,10533,4
phase_a_gpt,musique,combine_all_score_plateau_s0,15,reflect,[11],0.31,0.31666666666666665,-0.006666666666666654,5620,7169,4
phase_a_gpt,musique,combine_all_score_plateau_s0,16,reflect,[12],0.54,0.55,-0.010000000000000009,5941,8107,4
phase_a_gpt,musique,combine_all_score_plateau_s0,17,merge,"[10, 16]",0.56,0.54,0.020000000000000018,6246,13115,4
phase_a_gpt,musique,combine_all_score_plateau_s0,18,reflect,[13],0.54,0.5533333333333333,-0.013333333333333308,6639,9862,4
phase_a_gpt,musique,nomerge_s0,0,seed,[None],0.31666666666666665,,,0,307,4
phase_a_gpt,musique,nomerge_s0,1,reflect,[0],0.31333333333333335,0.31666666666666665,-0.0033333333333332993,306,3281,4
phase_a_gpt,musique,nomerge_s0,2,reflect,[0],0.3333333333333333,0.31666666666666665,0.016666666666666663,654,2960,4
phase_a_gpt,musique,nomerge_s0,3,reflect,[0],0.34,0.31666666666666665,0.023333333333333373,1128,3095,4
phase_a_gpt,musique,nomerge_s0,4,reflect,[2],0.32,0.3333333333333333,-0.013333333333333308,1470,4504,4
phase_a_gpt,musique,nomerge_s0,5,reflect,[2],0.32,0.3333333333333333,-0.013333333333333308,1818,5633,4
phase_a_gpt,musique,nomerge_s0,6,reflect,[1],0.3233333333333333,0.31333333333333335,0.009999999999999953,2136,5601,4
phase_a_gpt,musique,nomerge_s0,7,reflect,[2],0.32,0.3333333333333333,-0.013333333333333308,2562,3705,4
phase_a_gpt,musique,nomerge_s0,8,reflect,[3],0.4166666666666667,0.34,0.07666666666666666,2868,5536,4
phase_a_gpt,musique,nomerge_s0,9,reflect,[8],0.4166666666666667,0.4166666666666667,0.0,3282,6627,4
phase_a_gpt,musique,nomerge_s0,10,reflect,[6],0.32666666666666666,0.3233333333333333,0.003333333333333355,3630,6912,4
phase_a_gpt,musique,nomerge_s0,11,reflect,[8],0.39,0.4166666666666667,-0.026666666666666672,3960,8740,4
phase_a_gpt,musique,nomerge_s0,12,reflect,[3],0.5233333333333333,0.34,0.1833333333333333,4383,5419,4
phase_a_gpt,musique,nomerge_s0,13,reflect,[11],0.38333333333333336,0.39,-0.006666666666666654,4725,11671,4
phase_a_gpt,musique,nomerge_s0,14,reflect,[11],0.4,0.39,0.010000000000000009,5061,9231,4
phase_a_gpt,musique,nomerge_s0,15,reflect,[12],0.5266666666666666,0.5233333333333333,0.0033333333333332993,5421,6275,4
phase_a_gpt,musique,nomerge_s0,16,reflect,[12],0.49333333333333335,0.5233333333333333,-0.02999999999999997,5790,8511,4
phase_a_gpt,musique,nomerge_s0,17,reflect,[14],0.37666666666666665,0.4,-0.023333333333333373,6357,11736,4
phase_a_gpt,musique,nomerge_s0,18,reflect,[5],0.29,0.32,-0.030000000000000027,6669,7037,4
phase_a_gpt,musique,original_budget_proportional_s0,0,seed,[None],0.31666666666666665,,,0,307,4
phase_a_gpt,musique,original_budget_proportional_s0,1,reflect,[0],0.31333333333333335,0.31666666666666665,-0.0033333333333332993,306,3281,4
phase_a_gpt,musique,original_budget_proportional_s0,2,reflect,[0],0.3333333333333333,0.31666666666666665,0.016666666666666663,654,2960,4
phase_a_gpt,musique,original_budget_proportional_s0,3,reflect,[0],0.34,0.31666666666666665,0.023333333333333373,1128,3095,4
phase_a_gpt,musique,original_budget_proportional_s0,4,reflect,[2],0.32,0.3333333333333333,-0.013333333333333308,1470,4504,4
phase_a_gpt,musique,original_budget_proportional_s0,5,reflect,[2],0.32,0.3333333333333333,-0.013333333333333308,1818,5633,4
phase_a_gpt,musique,original_budget_proportional_s0,6,reflect,[1],0.3233333333333333,0.31333333333333335,0.009999999999999953,2136,5601,4
phase_a_gpt,musique,original_budget_proportional_s0,7,reflect,[1],0.30666666666666664,0.31333333333333335,-0.00666666666666671,2459,6040,4
phase_a_gpt,musique,original_budget_proportional_s0,8,merge,"[3, 4]",0.31666666666666665,0.34,-0.023333333333333373,2764,7292,4
phase_a_gpt,musique,original_budget_proportional_s0,9,reflect,[1],0.32,0.31333333333333335,0.006666666666666654,3202,4226,4
phase_a_gpt,musique,original_budget_proportional_s0,10,merge,"[3, 9]",0.30666666666666664,0.34,-0.03333333333333338,3507,7014,4
phase_a_gpt,musique,original_budget_proportional_s0,11,reflect,[4],0.31333333333333335,0.32,-0.006666666666666654,3885,6891,4
phase_a_gpt,musique,original_budget_proportional_s0,12,merge,"[3, 5]",0.32,0.34,-0.020000000000000018,4190,8421,4
phase_a_gpt,musique,original_budget_proportional_s0,13,reflect,[3],0.5533333333333333,0.34,0.21333333333333332,4601,6067,4
phase_a_gpt,musique,original_budget_proportional_s0,14,merge,"[2, 6]",0.3333333333333333,0.3333333333333333,0.0,4906,8254,4
phase_a_gpt,musique,original_budget_proportional_s0,15,reflect,[14],0.31666666666666665,0.3333333333333333,-0.016666666666666663,5275,8663,4
phase_a_gpt,musique,original_budget_proportional_s0,16,merge,"[9, 14]",0.3333333333333333,0.3333333333333333,0.0,5580,8254,4
phase_a_gpt,musique,original_budget_proportional_s0,17,reflect,[9],0.30333333333333334,0.32,-0.016666666666666663,5898,6682,4
phase_a_gpt,musique,original_budget_proportional_s0,18,merge,"[2, 9]",0.31333333333333335,0.3333333333333333,-0.019999999999999962,6203,6879,4
phase_a_gpt,musique,original_budget_proportional_s0,19,reflect,[5],0.28,0.32,-0.03999999999999998,6758,7017,4
phase_a_gpt,musique,original_immediate_s0,0,seed,[None],0.31333333333333335,,,0,307,4
phase_a_gpt,musique,original_immediate_s0,1,reflect,[0],0.3433333333333333,0.31333333333333335,0.02999999999999997,306,3281,4
phase_a_gpt,musique,original_immediate_s0,2,reflect,[0],0.33666666666666667,0.31333333333333335,0.023333333333333317,654,2960,4
phase_a_gpt,musique,original_immediate_s0,3,reflect,[2],0.5466666666666666,0.33666666666666667,0.20999999999999996,1073,4664,4
phase_a_gpt,musique,original_immediate_s0,4,merge,"[1, 3]",0.5466666666666666,0.5466666666666666,0.0,1378,7638,4
phase_a_gpt,musique,original_immediate_s0,5,reflect,[2],0.34,0.33666666666666667,0.003333333333333355,1768,5667,4
phase_a_gpt,musique,original_immediate_s0,6,merge,"[3, 5]",0.5433333333333333,0.5466666666666666,-0.0033333333333332993,2073,7371,4
phase_a_gpt,musique,original_immediate_s0,7,reflect,[4],0.5366666666666666,0.5466666666666666,-0.010000000000000009,2427,8553,4
phase_a_gpt,musique,original_immediate_s0,8,reflect,[4],0.5466666666666666,0.5466666666666666,0.0,2843,8391,4
phase_a_gpt,musique,original_immediate_s0,9,merge,"[4, 6]",0.55,0.5466666666666666,0.0033333333333334103,3148,10345,4
phase_a_gpt,musique,original_immediate_s0,10,reflect,[7],0.5366666666666666,0.5366666666666666,0.0,3556,11559,4
phase_a_gpt,musique,original_immediate_s0,11,merge,"[6, 8]",0.5533333333333333,0.5466666666666666,0.00666666666666671,3861,11098,4
phase_a_gpt,musique,original_immediate_s0,12,reflect,[3],0.5433333333333333,0.5466666666666666,-0.0033333333333332993,4392,5786,4
phase_a_gpt,musique,original_immediate_s0,13,merge,"[9, 12]",0.55,0.55,0.0,4697,10345,4
phase_a_gpt,musique,original_immediate_s0,14,reflect,[10],0.5533333333333333,0.5366666666666666,0.01666666666666672,5105,11428,4
phase_a_gpt,musique,original_immediate_s0,15,merge,"[6, 14]",0.5533333333333333,0.5533333333333333,0.0,5410,11428,4
phase_a_gpt,musique,original_immediate_s0,16,reflect,[11],0.5433333333333333,0.5533333333333333,-0.010000000000000009,5899,11211,4
phase_a_gpt,musique,original_immediate_s0,17,merge,"[10, 12]",0.5566666666666666,0.5433333333333333,0.013333333333333308,6204,12681,4
phase_a_gpt,musique,original_immediate_s0,18,reflect,[13],0.54,0.55,-0.010000000000000009,6516,10643,4
phase_a_gpt,musique,original_immediate_s0,19,merge,"[15, 16]",0.5533333333333333,0.5533333333333333,0.0,6821,11428,4
phase_a_gpt,musique,original_score_plateau_s0,0,seed,[None],0.27666666666666667,,,0,307,4
phase_a_gpt,musique,original_score_plateau_s0,1,reflect,[0],0.31,0.27666666666666667,0.033333333333333326,354,3128,4
phase_a_gpt,musique,original_score_plateau_s0,2,reflect,[1],0.2866666666666667,0.31,-0.023333333333333317,750,5579,4
phase_a_gpt,musique,original_score_plateau_s0,3,reflect,[2],0.2966666666666667,0.2866666666666667,0.010000000000000009,1134,6827,4
phase_a_gpt,musique,original_score_plateau_s0,4,reflect,[0],0.31,0.27666666666666667,0.033333333333333326,1476,3782,4
phase_a_gpt,musique,original_score_plateau_s0,5,merge,"[3, 4]",0.3,0.31,-0.010000000000000009,1781,6233,4
phase_a_gpt,musique,original_score_plateau_s0,6,reflect,[2],0.3,0.2866666666666667,0.013333333333333308,2297,7072,4
phase_a_gpt,musique,original_score_plateau_s0,7,reflect,[0],0.29,0.27666666666666667,0.013333333333333308,2903,2275,4
phase_a_gpt,musique,original_score_plateau_s0,8,reflect,[5],0.29,0.3,-0.010000000000000009,3209,7226,4
phase_a_gpt,musique,original_score_plateau_s0,9,reflect,[7],0.31,0.29,0.020000000000000018,3604,5854,4
phase_a_gpt,musique,original_score_plateau_s0,10,merge,"[7, 8]",0.29,0.29,0.0,3909,7226,4
phase_a_gpt,musique,original_score_plateau_s0,11,reflect,[1],0.5433333333333333,0.31,0.23333333333333334,4227,5339,4
phase_a_gpt,musique,original_score_plateau_s0,12,reflect,[10],0.5566666666666666,0.29,0.26666666666666666,4608,10200,4
phase_a_gpt,musique,original_score_plateau_s0,13,reflect,[7],0.29,0.29,0.0,4962,5664,4
phase_a_gpt,musique,original_score_plateau_s0,14,reflect,[12],0.5633333333333334,0.5566666666666666,0.00666666666666671,5487,10021,4
phase_a_gpt,musique,original_score_plateau_s0,15,reflect,[11],0.5366666666666666,0.5433333333333333,-0.00666666666666671,5811,6957,4
phase_a_gpt,musique,original_score_plateau_s0,16,reflect,[11],0.5466666666666666,0.5433333333333333,0.0033333333333332993,6198,7103,4
phase_a_gpt,musique,original_score_plateau_s0,17,reflect,[12],0.5433333333333333,0.5566666666666666,-0.013333333333333308,6516,12592,4
phase_a_gpt,musique,original_score_plateau_s0,18,merge,"[11, 14]",0.5633333333333334,0.5633333333333334,0.0,6821,10021,4
phase_a_gpt,musique,summarize_before_budget_proportional_s0,0,seed,[None],0.31666666666666665,,,0,307,4
phase_a_gpt,musique,summarize_before_budget_proportional_s0,1,reflect,[0],0.31333333333333335,0.31666666666666665,-0.0033333333333332993,306,3281,4
phase_a_gpt,musique,summarize_before_budget_proportional_s0,2,reflect,[0],0.3333333333333333,0.31666666666666665,0.016666666666666663,654,2960,4
phase_a_gpt,musique,summarize_before_budget_proportional_s0,3,reflect,[0],0.34,0.31666666666666665,0.023333333333333373,1128,3095,4
phase_a_gpt,musique,summarize_before_budget_proportional_s0,4,reflect,[2],0.32,0.3333333333333333,-0.013333333333333308,1470,4504,4
phase_a_gpt,musique,summarize_before_budget_proportional_s0,5,reflect,[2],0.32,0.3333333333333333,-0.013333333333333308,1818,5633,4
phase_a_gpt,musique,summarize_before_budget_proportional_s0,6,reflect,[1],0.3233333333333333,0.31333333333333335,0.009999999999999953,2136,5601,4
phase_a_gpt,musique,summarize_before_budget_proportional_s0,7,reflect,[1],0.30666666666666664,0.31333333333333335,-0.00666666666666671,2459,6040,4
phase_a_gpt,musique,summarize_before_budget_proportional_s0,8,merge,"[3, 4]",0.31666666666666665,0.34,-0.023333333333333373,2764,7292,4
phase_a_gpt,musique,summarize_before_budget_proportional_s0,9,reflect,[1],0.32,0.31333333333333335,0.006666666666666654,3202,4226,4
phase_a_gpt,musique,summarize_before_budget_proportional_s0,10,merge,"[3, 9]",0.30666666666666664,0.34,-0.03333333333333338,3507,7014,4
phase_a_gpt,musique,summarize_before_budget_proportional_s0,11,reflect,[4],0.31333333333333335,0.32,-0.006666666666666654,3885,6891,4
phase_a_gpt,musique,summarize_before_budget_proportional_s0,12,merge,"[3, 5]",0.32,0.34,-0.020000000000000018,4190,8421,4
phase_a_gpt,musique,summarize_before_budget_proportional_s0,13,reflect,[3],0.5533333333333333,0.34,0.21333333333333332,4601,6067,4
phase_a_gpt,musique,summarize_before_budget_proportional_s0,14,merge,"[2, 6]",0.3333333333333333,0.3333333333333333,0.0,4906,8254,4
phase_a_gpt,musique,summarize_before_budget_proportional_s0,15,reflect,[14],0.31666666666666665,0.3333333333333333,-0.016666666666666663,5275,8663,4
phase_a_gpt,musique,summarize_before_budget_proportional_s0,16,reflect,[14],0.30666666666666664,0.3333333333333333,-0.026666666666666672,5733,8447,4
phase_a_gpt,musique,summarize_before_budget_proportional_s0,17,merge,"[9, 14]",0.32666666666666666,0.3333333333333333,-0.006666666666666654,6038,9199,4
phase_a_gpt,musique,summarize_before_budget_proportional_s0,18,reflect,[17],0.31333333333333335,0.32666666666666666,-0.013333333333333308,6452,10260,4
phase_a_gpt,musique,summarize_before_budget_proportional_s0,19,merge,"[5, 13]",0.54,0.5533333333333333,-0.013333333333333308,6757,11393,4
phase_a_gpt,musique,summarize_before_immediate_s0,0,seed,[None],0.31666666666666665,,,0,307,4
phase_a_gpt,musique,summarize_before_immediate_s0,1,reflect,[0],0.31333333333333335,0.31666666666666665,-0.0033333333333332993,306,3281,4
phase_a_gpt,musique,summarize_before_immediate_s0,2,reflect,[0],0.3333333333333333,0.31666666666666665,0.016666666666666663,654,2960,4
phase_a_gpt,musique,summarize_before_immediate_s0,3,reflect,[0],0.3333333333333333,0.31666666666666665,0.016666666666666663,1077,2360,4
phase_a_gpt,musique,summarize_before_immediate_s0,4,reflect,[1],0.5466666666666666,0.31333333333333335,0.23333333333333328,1424,5949,4
phase_a_gpt,musique,summarize_before_immediate_s0,5,merge,"[2, 4]",0.54,0.5466666666666666,-0.006666666666666599,1729,8602,4
phase_a_gpt,musique,summarize_before_immediate_s0,6,reflect,[5],0.5366666666666666,0.54,-0.0033333333333334103,2059,10682,4
phase_a_gpt,musique,summarize_before_immediate_s0,7,reflect,[4],0.5166666666666667,0.5466666666666666,-0.029999999999999916,2410,6119,4
phase_a_gpt,musique,summarize_before_immediate_s0,8,merge,"[2, 7]",0.53,0.5166666666666667,0.013333333333333308,2715,8772,4
phase_a_gpt,musique,summarize_before_immediate_s0,9,reflect,[7],0.5033333333333333,0.5166666666666667,-0.01333333333333342,3150,6216,4
phase_a_gpt,musique,summarize_before_immediate_s0,10,merge,"[6, 8]",0.54,0.5366666666666666,0.0033333333333334103,3455,10297,4
phase_a_gpt,musique,summarize_before_immediate_s0,11,reflect,[10],0.52,0.54,-0.020000000000000018,3767,11235,4
phase_a_gpt,musique,summarize_before_immediate_s0,12,merge,"[3, 5]",0.54,0.54,0.0,4072,10655,4
phase_a_gpt,musique,summarize_before_immediate_s0,13,reflect,[8],0.5133333333333333,0.53,-0.01666666666666672,4507,9447,4
phase_a_gpt,musique,summarize_before_immediate_s0,14,merge,"[8, 12]",0.5333333333333333,0.54,-0.00666666666666671,4812,10825,4
phase_a_gpt,musique,summarize_before_immediate_s0,15,reflect,[13],0.5133333333333333,0.5133333333333333,0.0,5124,12290,4
phase_a_gpt,musique,summarize_before_immediate_s0,16,merge,"[9, 14]",0.5233333333333333,0.5333333333333333,-0.010000000000000009,5429,9670,4
phase_a_gpt,musique,summarize_before_immediate_s0,17,reflect,[3],0.3233333333333333,0.3333333333333333,-0.010000000000000009,5804,5638,4
phase_a_gpt,musique,summarize_before_immediate_s0,18,merge,"[12, 15]",0.52,0.54,-0.020000000000000018,6109,10767,4
phase_a_gpt,musique,summarize_before_immediate_s0,19,reflect,[12],0.5466666666666666,0.54,0.006666666666666599,6490,10958,4
phase_a_gpt,musique,summarize_before_immediate_s0,20,merge,"[16, 19]",0.5333333333333333,0.5466666666666666,-0.013333333333333308,6795,9395,4
phase_a_gpt,musique,summarize_before_score_plateau_s0,0,seed,[None],0.31666666666666665,,,0,307,4
phase_a_gpt,musique,summarize_before_score_plateau_s0,1,reflect,[0],0.31333333333333335,0.31666666666666665,-0.0033333333333332993,306,3281,4
phase_a_gpt,musique,summarize_before_score_plateau_s0,2,reflect,[0],0.3333333333333333,0.31666666666666665,0.016666666666666663,654,2960,4
phase_a_gpt,musique,summarize_before_score_plateau_s0,3,reflect,[0],0.34,0.31666666666666665,0.023333333333333373,1128,3095,4
phase_a_gpt,musique,summarize_before_score_plateau_s0,4,reflect,[2],0.32,0.3333333333333333,-0.013333333333333308,1470,4504,4
phase_a_gpt,musique,summarize_before_score_plateau_s0,5,reflect,[2],0.32,0.3333333333333333,-0.013333333333333308,1818,5633,4
phase_a_gpt,musique,summarize_before_score_plateau_s0,6,reflect,[1],0.3233333333333333,0.31333333333333335,0.009999999999999953,2136,5601,4
phase_a_gpt,musique,summarize_before_score_plateau_s0,7,reflect,[1],0.30666666666666664,0.31333333333333335,-0.00666666666666671,2459,6040,4
phase_a_gpt,musique,summarize_before_score_plateau_s0,8,merge,"[3, 4]",0.31666666666666665,0.34,-0.023333333333333373,2764,7292,4
phase_a_gpt,musique,summarize_before_score_plateau_s0,9,reflect,[1],0.32,0.31333333333333335,0.006666666666666654,3202,4226,4
phase_a_gpt,musique,summarize_before_score_plateau_s0,10,reflect,[3],0.53,0.34,0.19,3574,5204,4
phase_a_gpt,musique,summarize_before_score_plateau_s0,11,reflect,[9],0.31666666666666665,0.32,-0.003333333333333355,4054,7273,4
phase_a_gpt,musique,summarize_before_score_plateau_s0,12,reflect,[2],0.55,0.3333333333333333,0.21666666666666673,4492,5323,4
phase_a_gpt,musique,summarize_before_score_plateau_s0,13,reflect,[12],0.5266666666666666,0.55,-0.023333333333333428,4801,8888,4
phase_a_gpt,musique,summarize_before_score_plateau_s0,14,reflect,[6],0.31333333333333335,0.3233333333333333,-0.009999999999999953,5197,6331,4
phase_a_gpt,musique,summarize_before_score_plateau_s0,15,reflect,[13],0.53,0.5266666666666666,0.0033333333333334103,5548,11596,4
phase_a_gpt,musique,summarize_before_score_plateau_s0,16,reflect,[6],0.31666666666666665,0.3233333333333333,-0.006666666666666654,6216,8457,4
phase_a_gpt,musique,summarize_before_score_plateau_s0,17,merge,"[6, 15]",0.5433333333333333,0.53,0.013333333333333308,6521,8200,4
phase_a_gpt,2wiki,combine_all_budget_proportional_s0,0,seed,[None],0.22,,,0,307,4
phase_a_gpt,2wiki,combine_all_budget_proportional_s0,1,reflect,[0],0.20333333333333334,0.22,-0.016666666666666663,342,2568,4
phase_a_gpt,2wiki,combine_all_budget_proportional_s0,2,reflect,[0],0.21333333333333335,0.22,-0.006666666666666654,666,2978,4
phase_a_gpt,2wiki,combine_all_budget_proportional_s0,3,reflect,[2],0.46,0.21333333333333335,0.24666666666666667,996,5379,4
phase_a_gpt,2wiki,combine_all_budget_proportional_s0,4,reflect,[0],0.20666666666666667,0.22,-0.013333333333333336,1353,2724,4
phase_a_gpt,2wiki,combine_all_budget_proportional_s0,5,reflect,[3],0.47333333333333333,0.46,0.013333333333333308,1659,6200,4
phase_a_gpt,2wiki,combine_all_budget_proportional_s0,6,reflect,[3],0.71,0.46,0.24999999999999994,2004,6492,4
phase_a_gpt,2wiki,combine_all_budget_proportional_s0,7,reflect,[3],0.48,0.46,0.019999999999999962,2316,7536,4
phase_a_gpt,2wiki,combine_all_budget_proportional_s0,8,merge,"[6, 7]",0.7133333333333334,0.71,0.0033333333333334103,2621,8649,4
phase_a_gpt,2wiki,combine_all_budget_proportional_s0,9,reflect,[3],0.46,0.46,0.0,2957,5834,4
phase_a_gpt,2wiki,combine_all_budget_proportional_s0,10,reflect,[3],0.47,0.46,0.009999999999999953,3340,8232,4
phase_a_gpt,2wiki,combine_all_budget_proportional_s0,11,merge,"[6, 7]",0.5266666666666666,0.71,-0.18333333333333335,3645,11161,4
phase_a_gpt,2wiki,combine_all_budget_proportional_s0,12,reflect,[11],0.5,0.5266666666666666,-0.026666666666666616,3963,13756,4
phase_a_gpt,2wiki,combine_all_budget_proportional_s0,13,merge,"[8, 10]",0.7366666666666667,0.7133333333333334,0.023333333333333317,4268,11602,4
phase_a_gpt,2wiki,combine_all_budget_proportional_s0,14,reflect,[6],0.72,0.71,0.010000000000000009,4574,6751,4
phase_a_gpt,2wiki,combine_all_budget_proportional_s0,15,reflect,[10],0.48333333333333334,0.47,0.013333333333333364,4885,8455,4
phase_a_gpt,2wiki,combine_all_budget_proportional_s0,16,reflect,[13],0.72,0.7366666666666667,-0.01666666666666672,5217,9746,4
phase_a_gpt,2wiki,combine_all_budget_proportional_s0,17,merge,"[11, 15]",0.53,0.5266666666666666,0.0033333333333334103,5522,16849,4
phase_a_gpt,2wiki,combine_all_budget_proportional_s0,18,reflect,[15],0.4766666666666667,0.48333333333333334,-0.006666666666666654,6044,8924,4
phase_a_gpt,2wiki,combine_all_budget_proportional_s0,19,merge,"[13, 15]",0.74,0.7366666666666667,0.0033333333333332993,6349,11825,4
phase_a_gpt,2wiki,combine_all_budget_proportional_s0,20,reflect,[11],0.5,0.5266666666666666,-0.026666666666666616,6676,13676,4
phase_a_gpt,2wiki,combine_all_immediate_s0,0,seed,[None],0.21666666666666667,,,0,307,4
phase_a_gpt,2wiki,combine_all_immediate_s0,1,reflect,[0],0.21,0.21666666666666667,-0.006666666666666682,366,3216,4
phase_a_gpt,2wiki,combine_all_immediate_s0,2,reflect,[0],0.46,0.21666666666666667,0.24333333333333335,876,2250,4
phase_a_gpt,2wiki,combine_all_immediate_s0,3,reflect,[2],0.6833333333333333,0.46,0.22333333333333333,1302,2257,4
phase_a_gpt,2wiki,combine_all_immediate_s0,4,reflect,[3],0.6866666666666666,0.6833333333333333,0.0033333333333332993,1674,4629,4
phase_a_gpt,2wiki,combine_all_immediate_s0,5,reflect,[2],0.45,0.46,-0.010000000000000009,2046,5128,4
phase_a_gpt,2wiki,combine_all_immediate_s0,6,merge,"[4, 5]",0.6933333333333334,0.6866666666666666,0.00666666666666671,2351,9561,4
phase_a_gpt,2wiki,combine_all_immediate_s0,7,reflect,[4],0.7466666666666667,0.6866666666666666,0.06000000000000005,2816,5064,4
phase_a_gpt,2wiki,combine_all_immediate_s0,8,merge,"[6, 7]",0.8033333333333333,0.7466666666666667,0.05666666666666664,3121,12057,4
phase_a_gpt,2wiki,combine_all_immediate_s0,9,reflect,[4],0.66,0.6866666666666666,-0.026666666666666616,3439,6683,4
phase_a_gpt,2wiki,combine_all_immediate_s0,10,merge,"[8, 9]",0.7966666666666666,0.8033333333333333,-0.00666666666666671,3744,16172,4
phase_a_gpt,2wiki,combine_all_immediate_s0,11,reflect,[4],0.6766666666666666,0.6866666666666666,-0.010000000000000009,4053,5533,4
phase_a_gpt,2wiki,combine_all_immediate_s0,12,reflect,[10],0.8033333333333333,0.7966666666666666,0.00666666666666671,4383,16058,4
phase_a_gpt,2wiki,combine_all_immediate_s0,13,reflect,[8],0.79,0.8033333333333333,-0.013333333333333308,4761,14958,4
phase_a_gpt,2wiki,combine_all_immediate_s0,14,reflect,[13],0.8033333333333333,0.79,0.013333333333333308,5214,15192,4
phase_a_gpt,2wiki,combine_all_immediate_s0,15,reflect,[13],0.8066666666666666,0.79,0.016666666666666607,5520,15989,4
phase_a_gpt,2wiki,combine_all_immediate_s0,16,merge,"[14, 15]",0.8033333333333333,0.8066666666666666,-0.0033333333333332993,5825,19224,4
phase_a_gpt,2wiki,combine_all_immediate_s0,17,reflect,[15],0.7933333333333333,0.8066666666666666,-0.013333333333333308,6365,16197,4
phase_a_gpt,2wiki,combine_all_immediate_s0,18,merge,"[14, 15]",0.8066666666666666,0.8066666666666666,0.0,6670,16223,4
phase_a_gpt,2wiki,combine_all_score_plateau_s0,0,seed,[None],0.22333333333333333,,,0,307,4
phase_a_gpt,2wiki,combine_all_score_plateau_s0,1,reflect,[0],0.4166666666666667,0.22333333333333333,0.19333333333333336,324,2946,4
phase_a_gpt,2wiki,combine_all_score_plateau_s0,2,reflect,[0],0.20333333333333334,0.22333333333333333,-0.01999999999999999,642,2568,4
phase_a_gpt,2wiki,combine_all_score_plateau_s0,3,reflect,[0],0.59,0.22333333333333333,0.36666666666666664,1074,2258,4
phase_a_gpt,2wiki,combine_all_score_plateau_s0,4,reflect,[1],0.4033333333333333,0.4166666666666667,-0.013333333333333364,1419,5103,4
phase_a_gpt,2wiki,combine_all_score_plateau_s0,5,reflect,[3],0.8,0.59,0.21000000000000008,1944,3560,4
phase_a_gpt,2wiki,combine_all_score_plateau_s0,6,reflect,[4],0.41,0.4033333333333333,0.006666666666666654,2250,5645,4
phase_a_gpt,2wiki,combine_all_score_plateau_s0,7,reflect,[4],0.5166666666666667,0.4033333333333333,0.1133333333333334,2619,5010,4
phase_a_gpt,2wiki,combine_all_score_plateau_s0,8,reflect,[5],0.8,0.8,0.0,2955,4591,4
phase_a_gpt,2wiki,combine_all_score_plateau_s0,9,merge,"[7, 8]",0.8066666666666666,0.8,0.006666666666666599,3260,9405,4
phase_a_gpt,2wiki,combine_all_score_plateau_s0,10,reflect,[8],0.8066666666666666,0.8,0.006666666666666599,3833,6417,4
phase_a_gpt,2wiki,combine_all_score_plateau_s0,11,reflect,[10],0.8,0.8066666666666666,-0.006666666666666599,4235,9693,4
phase_a_gpt,2wiki,combine_all_score_plateau_s0,12,reflect,[11],0.81,0.8,0.010000000000000009,4856,12676,4
phase_a_gpt,2wiki,combine_all_score_plateau_s0,13,reflect,[12],0.8,0.81,-0.010000000000000009,5519,12667,4
phase_a_gpt,2wiki,nomerge_s0,0,seed,[None],0.22,,,0,307,4
phase_a_gpt,2wiki,nomerge_s0,1,reflect,[0],0.35333333333333333,0.22,0.13333333333333333,324,2306,4
phase_a_gpt,2wiki,nomerge_s0,2,reflect,[1],0.33,0.35333333333333333,-0.023333333333333317,642,4567,4
phase_a_gpt,2wiki,nomerge_s0,3,reflect,[1],0.36666666666666664,0.35333333333333333,0.013333333333333308,1035,3140,4
phase_a_gpt,2wiki,nomerge_s0,4,reflect,[1],0.3333333333333333,0.35333333333333333,-0.020000000000000018,1341,4838,4
phase_a_gpt,2wiki,nomerge_s0,5,reflect,[3],0.38,0.36666666666666664,0.013333333333333364,1815,5598,4
phase_a_gpt,2wiki,nomerge_s0,6,reflect,[1],0.35333333333333333,0.35333333333333333,0.0,2133,4472,4
phase_a_gpt,2wiki,nomerge_s0,7,reflect,[5],0.8,0.38,0.42000000000000004,2598,6139,4
phase_a_gpt,2wiki,nomerge_s0,8,reflect,[6],0.7066666666666667,0.35333333333333333,0.35333333333333333,2925,4875,4
phase_a_gpt,2wiki,nomerge_s0,9,reflect,[8],0.6733333333333333,0.7066666666666667,-0.033333333333333326,3249,5622,4
phase_a_gpt,2wiki,nomerge_s0,10,reflect,[7],0.8066666666666666,0.8,0.006666666666666599,3639,5705,4
phase_a_gpt,2wiki,nomerge_s0,11,reflect,[8],0.6566666666666666,0.7066666666666667,-0.050000000000000044,3963,5235,4
phase_a_gpt,2wiki,nomerge_s0,12,reflect,[8],0.6966666666666667,0.7066666666666667,-0.010000000000000009,4557,4697,4
phase_a_gpt,2wiki,nomerge_s0,13,reflect,[8],0.7033333333333334,0.7066666666666667,-0.0033333333333332993,4956,7224,4
phase_a_gpt,2wiki,nomerge_s0,14,reflect,[12],0.69,0.6966666666666667,-0.00666666666666671,5283,7145,4
phase_a_gpt,2wiki,nomerge_s0,15,reflect,[12],0.6833333333333333,0.6966666666666667,-0.013333333333333308,5643,7336,4
phase_a_gpt,2wiki,nomerge_s0,16,reflect,[13],0.7066666666666667,0.7033333333333334,0.0033333333333332993,5955,8414,4
phase_a_gpt,2wiki,nomerge_s0,17,reflect,[13],0.6566666666666666,0.7033333333333334,-0.046666666666666745,6285,8046,4
phase_a_gpt,2wiki,nomerge_s0,18,reflect,[13],0.7033333333333334,0.7033333333333334,0.0,6612,9416,4
phase_a_gpt,2wiki,original_budget_proportional_s0,0,seed,[None],0.21666666666666667,,,0,307,4
phase_a_gpt,2wiki,original_budget_proportional_s0,1,reflect,[0],0.18666666666666668,0.21666666666666667,-0.03,402,2888,4
phase_a_gpt,2wiki,original_budget_proportional_s0,2,reflect,[1],0.7566666666666667,0.18666666666666668,0.5700000000000001,792,5481,4
phase_a_gpt,2wiki,original_budget_proportional_s0,3,reflect,[2],0.76,0.7566666666666667,0.0033333333333332993,1098,6411,4
phase_a_gpt,2wiki,original_budget_proportional_s0,4,reflect,[2],0.77,0.7566666666666667,0.013333333333333308,1446,5710,4
phase_a_gpt,2wiki,original_budget_proportional_s0,5,reflect,[4],0.8133333333333334,0.77,0.043333333333333335,1854,6195,4
phase_a_gpt,2wiki,original_budget_proportional_s0,6,reflect,[3],0.75,0.76,-0.010000000000000009,2376,6460,4
phase_a_gpt,2wiki,original_budget_proportional_s0,7,reflect,[6],0.7666666666666667,0.75,0.01666666666666672,2733,6392,4
phase_a_gpt,2wiki,original_budget_proportional_s0,8,merge,"[5, 7]",0.8133333333333334,0.8133333333333334,0.0,3038,6195,4
phase_a_gpt,2wiki,original_budget_proportional_s0,9,reflect,[7],0.7733333333333333,0.7666666666666667,0.006666666666666599,3395,8728,4
phase_a_gpt,2wiki,original_budget_proportional_s0,10,merge,"[8, 9]",0.8166666666666667,0.8133333333333334,0.0033333333333332993,3700,8531,4
phase_a_gpt,2wiki,original_budget_proportional_s0,11,reflect,[10],0.8133333333333334,0.8166666666666667,-0.0033333333333332993,4027,9616,4
phase_a_gpt,2wiki,original_budget_proportional_s0,12,reflect,[9],0.81,0.7733333333333333,0.036666666666666736,4378,9205,4
phase_a_gpt,2wiki,original_budget_proportional_s0,13,merge,"[10, 12]",0.8166666666666667,0.8166666666666667,0.0,4683,8531,4
phase_a_gpt,2wiki,original_budget_proportional_s0,14,reflect,[13],0.8033333333333333,0.8166666666666667,-0.013333333333333308,5055,8954,4
phase_a_gpt,2wiki,original_budget_proportional_s0,15,reflect,[13],0.8166666666666667,0.8166666666666667,0.0,5814,9734,4
phase_a_gpt,2wiki,original_budget_proportional_s0,16,reflect,[12],0.81,0.81,0.0,6129,11754,4
phase_a_gpt,2wiki,original_immediate_s0,0,seed,[None],0.22333333333333333,,,0,307,4
phase_a_gpt,2wiki,original_immediate_s0,1,reflect,[0],0.3433333333333333,0.22333333333333333,0.12,324,2017,4
phase_a_gpt,2wiki,original_immediate_s0,2,reflect,[0],0.21333333333333335,0.22333333333333333,-0.009999999999999981,642,2568,4
phase_a_gpt,2wiki,original_immediate_s0,3,reflect,[1],0.7466666666666667,0.3433333333333333,0.4033333333333334,981,2781,4
phase_a_gpt,2wiki,original_immediate_s0,4,reflect,[3],0.74,0.7466666666666667,-0.00666666666666671,1398,5400,4
phase_a_gpt,2wiki,original_immediate_s0,5,reflect,[3],0.7533333333333333,0.7466666666666667,0.006666666666666599,1725,5286,4
phase_a_gpt,2wiki,original_immediate_s0,6,merge,"[4, 5]",0.7233333333333334,0.7533333333333333,-0.029999999999999916,2030,7905,4
phase_a_gpt,2wiki,original_immediate_s0,7,reflect,[5],0.79,0.7533333333333333,0.036666666666666736,2399,5194,4
phase_a_gpt,2wiki,original_immediate_s0,8,merge,"[4, 7]",0.79,0.79,0.0,2704,7813,4
phase_a_gpt,2wiki,original_immediate_s0,9,reflect,[3],0.7733333333333333,0.7466666666666667,0.026666666666666616,3010,2736,4
phase_a_gpt,2wiki,original_immediate_s0,10,merge,"[8, 9]",0.79,0.79,0.0,3315,7813,4
phase_a_gpt,2wiki,original_immediate_s0,11,reflect,[5],0.71,0.7533333333333333,-0.043333333333333335,3642,7388,4
phase_a_gpt,2wiki,original_immediate_s0,12,merge,"[10, 11]",0.8033333333333333,0.79,0.013333333333333308,3947,9915,4
phase_a_gpt,2wiki,original_immediate_s0,13,reflect,[12],0.7933333333333333,0.8033333333333333,-0.010000000000000009,4286,10342,4
phase_a_gpt,2wiki,original_immediate_s0,14,reflect,[12],0.78,0.8033333333333333,-0.023333333333333317,4703,10814,4
phase_a_gpt,2wiki,original_immediate_s0,15,merge,"[13, 14]",0.7933333333333333,0.7933333333333333,0.0,5008,11241,4
phase_a_gpt,2wiki,original_immediate_s0,16,reflect,[12],0.7833333333333333,0.8033333333333333,-0.020000000000000018,5452,11316,4
phase_a_gpt,2wiki,original_immediate_s0,17,reflect,[15],0.8066666666666666,0.7933333333333333,0.013333333333333308,5914,14273,4
phase_a_gpt,2wiki,original_immediate_s0,18,reflect,[10],0.7666666666666667,0.79,-0.023333333333333317,6241,8833,4
phase_a_gpt,2wiki,original_immediate_s0,19,reflect,[10],0.7933333333333333,0.79,0.0033333333333332993,6577,9925,4
phase_a_gpt,2wiki,original_score_plateau_s0,0,seed,[None],0.22,,,0,307,4
phase_a_gpt,2wiki,original_score_plateau_s0,1,reflect,[0],0.35333333333333333,0.22,0.13333333333333333,324,2306,4
phase_a_gpt,2wiki,original_score_plateau_s0,2,reflect,[1],0.33,0.35333333333333333,-0.023333333333333317,642,4567,4
phase_a_gpt,2wiki,original_score_plateau_s0,3,reflect,[1],0.36666666666666664,0.35333333333333333,0.013333333333333308,1035,3140,4
phase_a_gpt,2wiki,original_score_plateau_s0,4,reflect,[1],0.3333333333333333,0.35333333333333333,-0.020000000000000018,1341,4838,4
phase_a_gpt,2wiki,original_score_plateau_s0,5,reflect,[4],0.45666666666666667,0.3333333333333333,0.12333333333333335,1911,5551,4
phase_a_gpt,2wiki,original_score_plateau_s0,6,reflect,[3],0.38333333333333336,0.36666666666666664,0.01666666666666672,2232,5208,4
phase_a_gpt,2wiki,original_score_plateau_s0,7,reflect,[1],0.3433333333333333,0.35333333333333333,-0.010000000000000009,2538,4628,4
phase_a_gpt,2wiki,original_score_plateau_s0,8,reflect,[3],0.3933333333333333,0.36666666666666664,0.026666666666666672,2874,5345,4
phase_a_gpt,2wiki,original_score_plateau_s0,9,merge,"[3, 5]",0.45666666666666667,0.45666666666666667,0.0,3179,5551,4
phase_a_gpt,2wiki,original_score_plateau_s0,10,reflect,[6],0.37333333333333335,0.38333333333333336,-0.010000000000000009,3530,8192,4
phase_a_gpt,2wiki,original_score_plateau_s0,11,reflect,[9],0.47,0.45666666666666667,0.013333333333333308,3869,8713,4
phase_a_gpt,2wiki,original_score_plateau_s0,12,reflect,[9],0.44666666666666666,0.45666666666666667,-0.010000000000000009,4187,6648,4
phase_a_gpt,2wiki,original_score_plateau_s0,13,reflect,[8],0.37333333333333335,0.3933333333333333,-0.019999999999999962,4550,8146,4
phase_a_gpt,2wiki,original_score_plateau_s0,14,reflect,[12],0.45,0.44666666666666666,0.003333333333333355,5033,8603,4
phase_a_gpt,2wiki,original_score_plateau_s0,15,merge,"[8, 14]",0.45,0.45,0.0,5338,8603,4
phase_a_gpt,2wiki,original_score_plateau_s0,16,reflect,[11],0.45666666666666667,0.47,-0.013333333333333308,5944,9995,4
phase_a_gpt,2wiki,original_score_plateau_s0,17,reflect,[15],0.41333333333333333,0.45,-0.03666666666666668,6304,9180,4
phase_a_gpt,2wiki,original_score_plateau_s0,18,reflect,[9],0.47333333333333333,0.45666666666666667,0.016666666666666663,6634,6318,4
phase_a_gpt,2wiki,summarize_before_budget_proportional_s0,0,seed,[None],0.22,,,0,307,4
phase_a_gpt,2wiki,summarize_before_budget_proportional_s0,1,reflect,[0],0.35333333333333333,0.22,0.13333333333333333,324,2306,4
phase_a_gpt,2wiki,summarize_before_budget_proportional_s0,2,reflect,[1],0.33,0.35333333333333333,-0.023333333333333317,642,4567,4
phase_a_gpt,2wiki,summarize_before_budget_proportional_s0,3,reflect,[1],0.36666666666666664,0.35333333333333333,0.013333333333333308,1035,3140,4
phase_a_gpt,2wiki,summarize_before_budget_proportional_s0,4,reflect,[1],0.3333333333333333,0.35333333333333333,-0.020000000000000018,1341,4838,4
phase_a_gpt,2wiki,summarize_before_budget_proportional_s0,5,reflect,[4],0.45666666666666667,0.3333333333333333,0.12333333333333335,1911,5551,4
phase_a_gpt,2wiki,summarize_before_budget_proportional_s0,6,reflect,[3],0.38333333333333336,0.36666666666666664,0.01666666666666672,2232,5208,4
phase_a_gpt,2wiki,summarize_before_budget_proportional_s0,7,reflect,[3],0.7,0.36666666666666664,0.3333333333333333,2612,3766,4
phase_a_gpt,2wiki,summarize_before_budget_proportional_s0,8,reflect,[5],0.56,0.45666666666666667,0.10333333333333339,2956,5945,4
phase_a_gpt,2wiki,summarize_before_budget_proportional_s0,9,reflect,[7],0.7833333333333333,0.7,0.08333333333333337,3312,3828,4
phase_a_gpt,2wiki,summarize_before_budget_proportional_s0,10,merge,"[8, 9]",0.8,0.7833333333333333,0.01666666666666672,3617,5122,4
phase_a_gpt,2wiki,summarize_before_budget_proportional_s0,11,reflect,[10],0.81,0.8,0.010000000000000009,4130,6878,4
phase_a_gpt,2wiki,summarize_before_budget_proportional_s0,12,reflect,[10],0.8033333333333333,0.8,0.0033333333333332993,4691,5913,4
phase_a_gpt,2wiki,summarize_before_budget_proportional_s0,13,merge,"[11, 12]",0.8,0.81,-0.010000000000000009,4996,6637,4
phase_a_gpt,2wiki,summarize_before_budget_proportional_s0,14,reflect,[12],0.8066666666666666,0.8033333333333333,0.0033333333333332993,5365,8593,4
phase_a_gpt,2wiki,summarize_before_budget_proportional_s0,15,reflect,[14],0.81,0.8066666666666666,0.0033333333333334103,6651,9686,4
phase_a_gpt,2wiki,summarize_before_immediate_s0,0,seed,[None],0.22,,,0,307,4
phase_a_gpt,2wiki,summarize_before_immediate_s0,1,reflect,[0],0.35333333333333333,0.22,0.13333333333333333,324,2306,4
phase_a_gpt,2wiki,summarize_before_immediate_s0,2,reflect,[1],0.33,0.35333333333333333,-0.023333333333333317,642,4567,4
phase_a_gpt,2wiki,summarize_before_immediate_s0,3,reflect,[1],0.36666666666666664,0.35333333333333333,0.013333333333333308,1035,3140,4
phase_a_gpt,2wiki,summarize_before_immediate_s0,4,reflect,[2],0.3233333333333333,0.33,-0.00666666666666671,1352,6716,4
phase_a_gpt,2wiki,summarize_before_immediate_s0,5,reflect,[3],0.7133333333333334,0.36666666666666664,0.34666666666666673,1832,2928,4
phase_a_gpt,2wiki,summarize_before_immediate_s0,6,reflect,[5],0.74,0.7133333333333334,0.026666666666666616,2246,6590,4
phase_a_gpt,2wiki,summarize_before_immediate_s0,7,reflect,[6],0.73,0.74,-0.010000000000000009,2615,8663,4
phase_a_gpt,2wiki,summarize_before_immediate_s0,8,reflect,[7],0.72,0.73,-0.010000000000000009,2921,11014,4
phase_a_gpt,2wiki,summarize_before_immediate_s0,9,reflect,[5],0.7133333333333334,0.7133333333333334,0.0,3257,4516,4
phase_a_gpt,2wiki,summarize_before_immediate_s0,10,reflect,[6],0.7866666666666666,0.74,0.046666666666666634,3626,6938,4
phase_a_gpt,2wiki,summarize_before_immediate_s0,11,reflect,[5],0.71,0.7133333333333334,-0.0033333333333334103,4013,4710,4
phase_a_gpt,2wiki,summarize_before_immediate_s0,12,merge,"[10, 11]",0.7866666666666666,0.7866666666666666,0.0,4318,8534,4
phase_a_gpt,2wiki,summarize_before_immediate_s0,13,reflect,[10],0.8,0.7866666666666666,0.01333333333333342,4636,6886,4
phase_a_gpt,2wiki,summarize_before_immediate_s0,14,merge,"[11, 13]",0.6966666666666667,0.8,-0.10333333333333339,4941,8006,4
phase_a_gpt,2wiki,summarize_before_immediate_s0,15,reflect,[11],0.73,0.71,0.020000000000000018,5400,5921,4
phase_a_gpt,2wiki,summarize_before_immediate_s0,16,reflect,[11],0.75,0.71,0.040000000000000036,5721,6685,4
phase_a_gpt,2wiki,summarize_before_immediate_s0,17,merge,"[13, 16]",0.8066666666666666,0.8,0.006666666666666599,6026,10327,4
phase_a_gpt,2wiki,summarize_before_immediate_s0,18,reflect,[16],0.81,0.75,0.06000000000000005,6392,6532,4
phase_a_gpt,2wiki,summarize_before_immediate_s0,19,reflect,[16],0.6466666666666666,0.75,-0.10333333333333339,6791,6437,4
phase_a_gpt,2wiki,summarize_before_score_plateau_s0,0,seed,[None],0.22,,,0,307,4
phase_a_gpt,2wiki,summarize_before_score_plateau_s0,1,reflect,[0],0.35333333333333333,0.22,0.13333333333333333,324,2306,4
phase_a_gpt,2wiki,summarize_before_score_plateau_s0,2,reflect,[1],0.33,0.35333333333333333,-0.023333333333333317,642,4567,4
phase_a_gpt,2wiki,summarize_before_score_plateau_s0,3,reflect,[1],0.36666666666666664,0.35333333333333333,0.013333333333333308,1035,3140,4
phase_a_gpt,2wiki,summarize_before_score_plateau_s0,4,reflect,[1],0.3333333333333333,0.35333333333333333,-0.020000000000000018,1341,4838,4
phase_a_gpt,2wiki,summarize_before_score_plateau_s0,5,reflect,[4],0.45666666666666667,0.3333333333333333,0.12333333333333335,1911,5551,4
phase_a_gpt,2wiki,summarize_before_score_plateau_s0,6,reflect,[3],0.38333333333333336,0.36666666666666664,0.01666666666666672,2232,5208,4
phase_a_gpt,2wiki,summarize_before_score_plateau_s0,7,reflect,[1],0.3433333333333333,0.35333333333333333,-0.010000000000000009,2538,4628,4
phase_a_gpt,2wiki,summarize_before_score_plateau_s0,8,reflect,[3],0.3933333333333333,0.36666666666666664,0.026666666666666672,2874,5345,4
phase_a_gpt,2wiki,summarize_before_score_plateau_s0,9,reflect,[5],0.46,0.45666666666666667,0.003333333333333355,3251,8657,4
phase_a_gpt,2wiki,summarize_before_score_plateau_s0,10,reflect,[5],0.45,0.45666666666666667,-0.006666666666666654,3634,6782,4
phase_a_gpt,2wiki,summarize_before_score_plateau_s0,11,reflect,[9],0.4633333333333333,0.46,0.0033333333333332993,4023,10201,4
phase_a_gpt,2wiki,summarize_before_score_plateau_s0,12,reflect,[11],0.4766666666666667,0.4633333333333333,0.013333333333333364,4541,10451,4
phase_a_gpt,2wiki,summarize_before_score_plateau_s0,13,reflect,[10],0.48333333333333334,0.45,0.033333333333333326,4894,7356,4
phase_a_gpt,2wiki,summarize_before_score_plateau_s0,14,reflect,[10],0.49333333333333335,0.45,0.043333333333333335,5223,9186,4
phase_a_gpt,2wiki,summarize_before_score_plateau_s0,15,merge,"[11, 13]",0.47,0.48333333333333334,-0.013333333333333364,5528,9702,4
phase_a_gpt,2wiki,summarize_before_score_plateau_s0,16,reflect,[12],0.61,0.4766666666666667,0.1333333333333333,5858,10819,4
phase_a_gpt,2wiki,summarize_before_score_plateau_s0,17,reflect,[9],0.45,0.46,-0.010000000000000009,6182,10494,4
phase_a_gpt,2wiki,summarize_before_score_plateau_s0,18,reflect,[9],0.7466666666666667,0.46,0.2866666666666667,6533,8648,4
phase_a_gpt,hover,combine_all_budget_proportional_s0,0,seed,[None],0.46,,,0,290,4
phase_a_gpt,hover,combine_all_budget_proportional_s0,1,reflect,[0],0.46,0.46,0.0,327,3282,4
phase_a_gpt,hover,combine_all_budget_proportional_s0,2,reflect,[0],0.44,0.46,-0.020000000000000018,657,2326,4
phase_a_gpt,hover,combine_all_budget_proportional_s0,3,reflect,[0],0.49,0.46,0.02999999999999997,984,2764,4
phase_a_gpt,hover,combine_all_budget_proportional_s0,4,reflect,[2],0.46,0.44,0.020000000000000018,1293,4687,4
phase_a_gpt,hover,combine_all_budget_proportional_s0,5,reflect,[3],0.4766666666666667,0.49,-0.013333333333333308,1605,6173,4
phase_a_gpt,hover,combine_all_budget_proportional_s0,6,reflect,[2],0.48,0.44,0.03999999999999998,1917,3251,4
phase_a_gpt,hover,combine_all_budget_proportional_s0,7,reflect,[5],0.45666666666666667,0.4766666666666667,-0.020000000000000018,2262,8657,4
phase_a_gpt,hover,combine_all_budget_proportional_s0,8,merge,"[4, 6]",0.4766666666666667,0.48,-0.0033333333333332993,2567,7754,4
phase_a_gpt,hover,combine_all_budget_proportional_s0,9,reflect,[2],0.4633333333333333,0.44,0.023333333333333317,2879,4280,4
phase_a_gpt,hover,combine_all_budget_proportional_s0,10,reflect,[9],0.4633333333333333,0.4633333333333333,0.0,3226,4983,4
phase_a_gpt,hover,combine_all_budget_proportional_s0,11,merge,"[6, 10]",0.49666666666666665,0.48,0.016666666666666663,3531,8050,4
phase_a_gpt,hover,combine_all_budget_proportional_s0,12,reflect,[10],0.4766666666666667,0.4633333333333333,0.013333333333333364,3879,7595,4
phase_a_gpt,hover,combine_all_budget_proportional_s0,13,merge,"[3, 8]",0.5066666666666667,0.49,0.01666666666666672,4184,10228,4
phase_a_gpt,hover,combine_all_budget_proportional_s0,14,reflect,[3],0.4866666666666667,0.49,-0.0033333333333332993,4526,4920,4
phase_a_gpt,hover,combine_all_budget_proportional_s0,15,reflect,[5],0.49,0.4766666666666667,0.013333333333333308,4861,8149,4
phase_a_gpt,hover,combine_all_budget_proportional_s0,16,reflect,[2],0.4533333333333333,0.44,0.013333333333333308,5184,4657,4
phase_a_gpt,hover,combine_all_budget_proportional_s0,17,reflect,[4],0.47333333333333333,0.46,0.013333333333333308,5495,5786,4
phase_a_gpt,hover,combine_all_budget_proportional_s0,18,merge,"[4, 11]",0.51,0.49666666666666665,0.013333333333333364,5800,10411,4
phase_a_gpt,hover,combine_all_budget_proportional_s0,19,reflect,[13],0.47333333333333333,0.5066666666666667,-0.03333333333333338,6184,12598,4
phase_a_gpt,hover,combine_all_budget_proportional_s0,20,merge,"[4, 6]",0.48333333333333334,0.48,0.003333333333333355,6489,5612,4
phase_a_gpt,hover,combine_all_budget_proportional_s0,21,reflect,[6],0.44,0.48,-0.03999999999999998,6891,6277,4
phase_a_gpt,hover,combine_all_immediate_s0,0,seed,[None],0.46,,,0,290,4
phase_a_gpt,hover,combine_all_immediate_s0,1,reflect,[0],0.46,0.46,0.0,327,3282,4
phase_a_gpt,hover,combine_all_immediate_s0,2,reflect,[0],0.44,0.46,-0.020000000000000018,657,2326,4
phase_a_gpt,hover,combine_all_immediate_s0,3,reflect,[0],0.49,0.46,0.02999999999999997,987,2764,4
phase_a_gpt,hover,combine_all_immediate_s0,4,reflect,[0],0.43,0.46,-0.030000000000000027,1332,2250,4
phase_a_gpt,hover,combine_all_immediate_s0,5,reflect,[3],0.47333333333333333,0.49,-0.016666666666666663,1650,4671,4
phase_a_gpt,hover,combine_all_immediate_s0,6,reflect,[0],0.45666666666666667,0.46,-0.003333333333333355,2121,3372,4
phase_a_gpt,hover,combine_all_immediate_s0,7,reflect,[5],0.47333333333333333,0.47333333333333333,0.0,2445,6245,4
phase_a_gpt,hover,combine_all_immediate_s0,8,reflect,[2],0.49333333333333335,0.44,0.053333333333333344,2775,5564,4
phase_a_gpt,hover,combine_all_immediate_s0,9,merge,"[7, 8]",0.48,0.49333333333333335,-0.013333333333333364,3080,11626,4
phase_a_gpt,hover,combine_all_immediate_s0,10,reflect,[0],0.4633333333333333,0.46,0.0033333333333332993,3407,2969,4
phase_a_gpt,hover,combine_all_immediate_s0,11,reflect,[8],0.48333333333333334,0.49333333333333335,-0.010000000000000009,3737,7635,4
phase_a_gpt,hover,combine_all_immediate_s0,12,reflect,[0],0.4533333333333333,0.46,-0.00666666666666671,4048,2636,4
phase_a_gpt,hover,combine_all_immediate_s0,13,merge,"[7, 10]",0.47333333333333333,0.47333333333333333,0.0,4353,8924,4
phase_a_gpt,hover,combine_all_immediate_s0,14,reflect,[5],0.47,0.47333333333333333,-0.003333333333333355,4692,7453,4
phase_a_gpt,hover,combine_all_immediate_s0,15,merge,"[5, 8]",0.52,0.49333333333333335,0.026666666666666672,4997,10052,4
phase_a_gpt,hover,combine_all_immediate_s0,16,reflect,[3],0.4666666666666667,0.49,-0.023333333333333317,5345,5296,4
phase_a_gpt,hover,combine_all_immediate_s0,17,reflect,[12],0.43333333333333335,0.4533333333333333,-0.019999999999999962,5686,5447,4
phase_a_gpt,hover,combine_all_immediate_s0,18,merge,"[14, 15]",0.49666666666666665,0.52,-0.023333333333333373,5991,15415,4
phase_a_gpt,hover,combine_all_immediate_s0,19,reflect,[6],0.45,0.45666666666666667,-0.006666666666666654,6297,6299,4
phase_a_gpt,hover,combine_all_immediate_s0,20,merge,"[9, 18]",0.49,0.49666666666666665,-0.006666666666666654,6602,24916,4
phase_a_gpt,hover,combine_all_immediate_s0,21,reflect,[10],0.45,0.4633333333333333,-0.013333333333333308,6911,5461,4
phase_a_gpt,hover,combine_all_score_plateau_s0,0,seed,[None],0.46,,,0,290,4
phase_a_gpt,hover,combine_all_score_plateau_s0,1,reflect,[0],0.46,0.46,0.0,327,3282,4
phase_a_gpt,hover,combine_all_score_plateau_s0,2,reflect,[0],0.44,0.46,-0.020000000000000018,657,2326,4
phase_a_gpt,hover,combine_all_score_plateau_s0,3,reflect,[0],0.49,0.46,0.02999999999999997,984,2764,4
phase_a_gpt,hover,combine_all_score_plateau_s0,4,reflect,[2],0.46,0.44,0.020000000000000018,1293,4687,4
phase_a_gpt,hover,combine_all_score_plateau_s0,5,reflect,[3],0.4766666666666667,0.49,-0.013333333333333308,1605,6173,4
phase_a_gpt,hover,combine_all_score_plateau_s0,6,reflect,[2],0.48,0.44,0.03999999999999998,1917,3251,4
phase_a_gpt,hover,combine_all_score_plateau_s0,7,reflect,[2],0.4533333333333333,0.44,0.013333333333333308,2309,3450,4
phase_a_gpt,hover,combine_all_score_plateau_s0,8,merge,"[4, 5]",0.4866666666666667,0.4766666666666667,0.010000000000000009,2614,10665,4
phase_a_gpt,hover,combine_all_score_plateau_s0,9,reflect,[2],0.4666666666666667,0.44,0.026666666666666672,2974,4938,4
phase_a_gpt,hover,combine_all_score_plateau_s0,10,reflect,[4],0.47333333333333333,0.46,0.013333333333333308,3313,7164,4
phase_a_gpt,hover,combine_all_score_plateau_s0,11,merge,"[7, 8]",0.48,0.4866666666666667,-0.00666666666666671,3618,11789,4
phase_a_gpt,hover,combine_all_score_plateau_s0,12,reflect,[5],0.4866666666666667,0.4766666666666667,0.010000000000000009,4119,7107,4
phase_a_gpt,hover,combine_all_score_plateau_s0,13,reflect,[4],0.4533333333333333,0.46,-0.00666666666666671,4437,6252,4
phase_a_gpt,hover,combine_all_score_plateau_s0,14,reflect,[8],0.4766666666666667,0.4866666666666667,-0.010000000000000009,4773,8841,4
phase_a_gpt,hover,combine_all_score_plateau_s0,15,reflect,[3],0.49333333333333335,0.49,0.003333333333333355,5111,5403,4
phase_a_gpt,hover,combine_all_score_plateau_s0,16,merge,"[13, 14]",0.5133333333333333,0.4766666666666667,0.036666666666666625,5416,12862,4
phase_a_gpt,hover,combine_all_score_plateau_s0,17,reflect,[11],0.47,0.48,-0.010000000000000009,5770,12409,4
phase_a_gpt,hover,combine_all_score_plateau_s0,18,reflect,[4],0.4666666666666667,0.46,0.006666666666666654,6085,7436,4
phase_a_gpt,hover,combine_all_score_plateau_s0,19,reflect,[4],0.49666666666666665,0.46,0.036666666666666625,6391,7275,4
phase_a_gpt,hover,combine_all_score_plateau_s0,20,reflect,[11],0.47,0.48,-0.010000000000000009,6697,10704,4
phase_a_gpt,hover,combine_all_score_plateau_s0,21,merge,"[5, 10]",0.48333333333333334,0.4766666666666667,0.006666666666666654,7002,13249,4
phase_a_gpt,hover,nomerge_s0,0,seed,[None],0.4266666666666667,,,0,290,4
phase_a_gpt,hover,nomerge_s0,1,reflect,[0],0.48,0.4266666666666667,0.05333333333333329,318,3646,4
phase_a_gpt,hover,nomerge_s0,2,reflect,[1],0.4866666666666667,0.48,0.00666666666666671,711,5957,4
phase_a_gpt,hover,nomerge_s0,3,reflect,[1],0.4633333333333333,0.48,-0.016666666666666663,1023,6588,4
phase_a_gpt,hover,nomerge_s0,4,reflect,[3],0.4666666666666667,0.4633333333333333,0.003333333333333355,1347,9591,4
phase_a_gpt,hover,nomerge_s0,5,reflect,[4],0.44,0.4666666666666667,-0.026666666666666672,1659,10373,4
phase_a_gpt,hover,nomerge_s0,6,reflect,[0],0.43333333333333335,0.4266666666666667,0.006666666666666654,2019,2913,4
phase_a_gpt,hover,nomerge_s0,7,reflect,[0],0.4533333333333333,0.4266666666666667,0.026666666666666616,2361,3673,4
phase_a_gpt,hover,nomerge_s0,8,reflect,[4],0.49,0.4666666666666667,0.023333333333333317,2691,11481,4
phase_a_gpt,hover,nomerge_s0,9,reflect,[1],0.4666666666666667,0.48,-0.013333333333333308,3021,5966,4
phase_a_gpt,hover,nomerge_s0,10,reflect,[4],0.4766666666666667,0.4666666666666667,0.010000000000000009,3372,10692,4
phase_a_gpt,hover,nomerge_s0,11,reflect,[8],0.47,0.49,-0.020000000000000018,3678,13021,4
phase_a_gpt,hover,nomerge_s0,12,reflect,[0],0.47,0.4266666666666667,0.04333333333333328,3990,3593,4
phase_a_gpt,hover,nomerge_s0,13,reflect,[11],0.45666666666666667,0.47,-0.013333333333333308,4389,13485,4
phase_a_gpt,hover,nomerge_s0,14,reflect,[4],0.44666666666666666,0.4666666666666667,-0.020000000000000018,4695,12200,4
phase_a_gpt,hover,nomerge_s0,15,reflect,[11],0.44,0.47,-0.02999999999999997,5001,13512,4
phase_a_gpt,hover,nomerge_s0,16,reflect,[5],0.43666666666666665,0.44,-0.003333333333333355,5379,10685,4
phase_a_gpt,hover,nomerge_s0,17,reflect,[4],0.43666666666666665,0.4666666666666667,-0.030000000000000027,5706,10774,4
phase_a_gpt,hover,nomerge_s0,18,reflect,[16],0.45,0.43666666666666665,0.013333333333333364,6036,12590,4
phase_a_gpt,hover,nomerge_s0,19,reflect,[0],0.43,0.4266666666666667,0.0033333333333332993,6396,3584,4
phase_a_gpt,hover,nomerge_s0,20,reflect,[15],0.44,0.44,0.0,6735,13369,4
phase_a_gpt,hover,nomerge_s0,21,reflect,[16],0.43666666666666665,0.43666666666666665,0.0,7053,13982,4
phase_a_gpt,hover,original_budget_proportional_s0,0,seed,[None],0.46,,,0,290,4
phase_a_gpt,hover,original_budget_proportional_s0,1,reflect,[0],0.46,0.46,0.0,327,3282,4
phase_a_gpt,hover,original_budget_proportional_s0,2,reflect,[0],0.44,0.46,-0.020000000000000018,657,2326,4
phase_a_gpt,hover,original_budget_proportional_s0,3,reflect,[0],0.49,0.46,0.02999999999999997,984,2764,4
phase_a_gpt,hover,original_budget_proportional_s0,4,reflect,[2],0.46,0.44,0.020000000000000018,1293,4687,4
phase_a_gpt,hover,original_budget_proportional_s0,5,reflect,[3],0.4766666666666667,0.49,-0.013333333333333308,1605,6173,4
phase_a_gpt,hover,original_budget_proportional_s0,6,reflect,[2],0.48,0.44,0.03999999999999998,1917,3251,4
phase_a_gpt,hover,original_budget_proportional_s0,7,reflect,[5],0.45666666666666667,0.4766666666666667,-0.020000000000000018,2262,8657,4
phase_a_gpt,hover,original_budget_proportional_s0,8,merge,"[4, 6]",0.48333333333333334,0.48,0.003333333333333355,2567,5612,4
phase_a_gpt,hover,original_budget_proportional_s0,9,reflect,[7],0.49333333333333335,0.45666666666666667,0.03666666666666668,2960,10265,4
phase_a_gpt,hover,original_budget_proportional_s0,10,merge,"[5, 8]",0.49666666666666665,0.48333333333333334,0.013333333333333308,3265,8086,4
phase_a_gpt,hover,original_budget_proportional_s0,11,reflect,[8],0.48333333333333334,0.48333333333333334,0.0,3583,6062,4
phase_a_gpt,hover,original_budget_proportional_s0,12,merge,"[3, 8]",0.49666666666666665,0.49,0.006666666666666654,3888,8086,4
phase_a_gpt,hover,original_budget_proportional_s0,13,reflect,[4],0.48333333333333334,0.46,0.023333333333333317,4245,7351,4
phase_a_gpt,hover,original_budget_proportional_s0,14,merge,"[11, 12]",0.49666666666666665,0.49666666666666665,0.0,4550,8086,4
phase_a_gpt,hover,original_budget_proportional_s0,15,reflect,[14],0.5166666666666667,0.49666666666666665,0.020000000000000073,4916,8781,4
phase_a_gpt,hover,original_budget_proportional_s0,16,merge,"[8, 13]",0.4766666666666667,0.48333333333333334,-0.006666666666666654,5221,8276,4
phase_a_gpt,hover,original_budget_proportional_s0,17,reflect,[8],0.4866666666666667,0.48333333333333334,0.003333333333333355,5527,6124,4
phase_a_gpt,hover,original_budget_proportional_s0,18,reflect,[14],0.47,0.49666666666666665,-0.026666666666666672,5850,8306,4
phase_a_gpt,hover,original_budget_proportional_s0,19,merge,"[3, 6]",0.49,0.49,0.0,6155,5725,4
phase_a_gpt,hover,original_budget_proportional_s0,20,reflect,[15],0.49666666666666665,0.5166666666666667,-0.020000000000000073,6479,9425,4
phase_a_gpt,hover,original_budget_proportional_s0,21,merge,"[13, 20]",0.49666666666666665,0.49666666666666665,0.0,6784,9425,4
phase_a_gpt,hover,original_immediate_s0,0,seed,[None],0.4666666666666667,,,0,290,4
phase_a_gpt,hover,original_immediate_s0,1,reflect,[0],0.46,0.4666666666666667,-0.006666666666666654,327,3282,4
phase_a_gpt,hover,original_immediate_s0,2,reflect,[0],0.43333333333333335,0.4666666666666667,-0.033333333333333326,657,2326,4
phase_a_gpt,hover,original_immediate_s0,3,reflect,[0],0.48,0.4666666666666667,0.013333333333333308,987,2764,4
phase_a_gpt,hover,original_immediate_s0,4,reflect,[0],0.43,0.4666666666666667,-0.03666666666666668,1332,3088,4
phase_a_gpt,hover,original_immediate_s0,5,reflect,[2],0.43,0.43333333333333335,-0.003333333333333355,1644,4691,4
phase_a_gpt,hover,original_immediate_s0,6,reflect,[3],0.48,0.48,0.0,2034,5304,4
phase_a_gpt,hover,original_immediate_s0,7,reflect,[3],0.49333333333333335,0.48,0.013333333333333364,2340,4809,4
phase_a_gpt,hover,original_immediate_s0,8,merge,"[6, 7]",0.49666666666666665,0.49333333333333335,0.0033333333333332993,2645,7349,4
phase_a_gpt,hover,original_immediate_s0,9,reflect,[0],0.43333333333333335,0.4666666666666667,-0.033333333333333326,2951,2547,4
phase_a_gpt,hover,original_immediate_s0,10,reflect,[7],0.4633333333333333,0.49333333333333335,-0.030000000000000027,3299,7774,4
phase_a_gpt,hover,original_immediate_s0,11,reflect,[7],0.49333333333333335,0.49333333333333335,0.0,3611,6209,4
phase_a_gpt,hover,original_immediate_s0,12,merge,"[8, 11]",0.49666666666666665,0.49666666666666665,0.0,3916,7349,4
phase_a_gpt,hover,original_immediate_s0,13,reflect,[1],0.4633333333333333,0.46,0.0033333333333332993,4237,5285,4
phase_a_gpt,hover,original_immediate_s0,14,merge,"[6, 11]",0.4766666666666667,0.49333333333333335,-0.016666666666666663,4542,8749,4
phase_a_gpt,hover,original_immediate_s0,15,reflect,[6],0.4866666666666667,0.48,0.00666666666666671,4878,6196,4
phase_a_gpt,hover,original_immediate_s0,16,merge,"[12, 15]",0.49666666666666665,0.49666666666666665,0.0,5183,7349,4
phase_a_gpt,hover,original_immediate_s0,17,reflect,[15],0.4633333333333333,0.4866666666666667,-0.023333333333333373,5504,9060,4
phase_a_gpt,hover,original_immediate_s0,18,merge,"[7, 15]",0.5,0.49333333333333335,0.006666666666666654,5809,8241,4
phase_a_gpt,hover,original_immediate_s0,19,reflect,[13],0.43333333333333335,0.4633333333333333,-0.02999999999999997,6169,7132,4
phase_a_gpt,hover,original_immediate_s0,20,merge,"[11, 15]",0.48,0.49333333333333335,-0.013333333333333364,6474,9641,4
phase_a_gpt,hover,original_immediate_s0,21,reflect,[13],0.4633333333333333,0.4633333333333333,0.0,6798,5988,4
phase_a_gpt,hover,original_score_plateau_s0,0,seed,[None],0.46,,,0,290,4
phase_a_gpt,hover,original_score_plateau_s0,1,reflect,[0],0.46,0.46,0.0,327,3282,4
phase_a_gpt,hover,original_score_plateau_s0,2,reflect,[0],0.44,0.46,-0.020000000000000018,657,2326,4
phase_a_gpt,hover,original_score_plateau_s0,3,reflect,[0],0.49,0.46,0.02999999999999997,984,2764,4
phase_a_gpt,hover,original_score_plateau_s0,4,reflect,[2],0.46,0.44,0.020000000000000018,1293,4687,4
phase_a_gpt,hover,original_score_plateau_s0,5,reflect,[3],0.4766666666666667,0.49,-0.013333333333333308,1605,6173,4
phase_a_gpt,hover,original_score_plateau_s0,6,reflect,[2],0.48,0.44,0.03999999999999998,1917,3251,4
phase_a_gpt,hover,original_score_plateau_s0,7,reflect,[2],0.4533333333333333,0.44,0.013333333333333308,2309,3450,4
phase_a_gpt,hover,original_score_plateau_s0,8,reflect,[3],0.49666666666666665,0.49,0.006666666666666654,2632,3792,4
phase_a_gpt,hover,original_score_plateau_s0,9,merge,"[4, 6]",0.48333333333333334,0.48,0.003333333333333355,2937,5612,4
phase_a_gpt,hover,original_score_plateau_s0,10,reflect,[3],0.49333333333333335,0.49,0.003333333333333355,3279,5401,4
phase_a_gpt,hover,original_score_plateau_s0,11,reflect,[5],0.49,0.4766666666666667,0.013333333333333308,3591,6932,4
phase_a_gpt,hover,original_score_plateau_s0,12,reflect,[4],0.47,0.46,0.009999999999999953,3948,6691,4
phase_a_gpt,hover,original_score_plateau_s0,13,reflect,[4],0.47333333333333333,0.46,0.013333333333333308,4304,5730,4
phase_a_gpt,hover,original_score_plateau_s0,14,reflect,[11],0.47333333333333333,0.49,-0.016666666666666663,4615,6769,4
phase_a_gpt,hover,original_score_plateau_s0,15,reflect,[6],0.49,0.48,0.010000000000000009,4968,3464,4
phase_a_gpt,hover,original_score_plateau_s0,16,merge,"[4, 10]",0.48,0.49333333333333335,-0.013333333333333364,5273,7762,4
phase_a_gpt,hover,original_score_plateau_s0,17,reflect,[11],0.4633333333333333,0.49,-0.026666666666666672,5645,9679,4
phase_a_gpt,hover,original_score_plateau_s0,18,reflect,[3],0.49,0.49,0.0,6001,4344,4
phase_a_gpt,hover,original_score_plateau_s0,19,merge,"[12, 17]",0.4633333333333333,0.47,-0.006666666666666654,6306,11912,4
phase_a_gpt,hover,original_score_plateau_s0,20,reflect,[15],0.47,0.49,-0.020000000000000018,6612,6929,4
phase_a_gpt,hover,original_score_plateau_s0,21,merge,"[9, 11]",0.48333333333333334,0.49,-0.006666666666666654,6917,9893,4
phase_a_gpt,hover,summarize_before_budget_proportional_s0,0,seed,[None],0.4266666666666667,,,0,290,4
phase_a_gpt,hover,summarize_before_budget_proportional_s0,1,reflect,[0],0.48,0.4266666666666667,0.05333333333333329,318,3646,4
phase_a_gpt,hover,summarize_before_budget_proportional_s0,2,reflect,[1],0.4866666666666667,0.48,0.00666666666666671,711,5957,4
phase_a_gpt,hover,summarize_before_budget_proportional_s0,3,reflect,[1],0.4633333333333333,0.48,-0.016666666666666663,1023,6588,4
phase_a_gpt,hover,summarize_before_budget_proportional_s0,4,reflect,[3],0.4666666666666667,0.4633333333333333,0.003333333333333355,1347,9591,4
phase_a_gpt,hover,summarize_before_budget_proportional_s0,5,reflect,[4],0.44,0.4666666666666667,-0.026666666666666672,1659,10373,4
phase_a_gpt,hover,summarize_before_budget_proportional_s0,6,reflect,[0],0.43333333333333335,0.4266666666666667,0.006666666666666654,2019,2913,4
phase_a_gpt,hover,summarize_before_budget_proportional_s0,7,reflect,[0],0.4533333333333333,0.4266666666666667,0.026666666666666616,2361,3673,4
phase_a_gpt,hover,summarize_before_budget_proportional_s0,8,reflect,[5],0.43666666666666665,0.44,-0.003333333333333355,2693,11562,4
phase_a_gpt,hover,summarize_before_budget_proportional_s0,9,merge,"[4, 7]",0.47333333333333333,0.4666666666666667,0.006666666666666654,2998,9329,4
phase_a_gpt,hover,summarize_before_budget_proportional_s0,10,reflect,[4],0.4666666666666667,0.4666666666666667,0.0,3394,12823,4
phase_a_gpt,hover,summarize_before_budget_proportional_s0,11,merge,"[5, 6]",0.5033333333333333,0.44,0.0633333333333333,3699,8465,4
phase_a_gpt,hover,summarize_before_budget_proportional_s0,12,reflect,[0],0.43333333333333335,0.4266666666666667,0.006666666666666654,4023,2535,4
phase_a_gpt,hover,summarize_before_budget_proportional_s0,13,merge,"[1, 12]",0.47,0.48,-0.010000000000000009,4328,5891,4
phase_a_gpt,hover,summarize_before_budget_proportional_s0,14,reflect,[7],0.44333333333333336,0.4533333333333333,-0.009999999999999953,4646,6554,4
phase_a_gpt,hover,summarize_before_budget_proportional_s0,15,merge,"[13, 14]",0.43333333333333335,0.47,-0.036666666666666625,4951,8366,4
phase_a_gpt,hover,summarize_before_budget_proportional_s0,16,reflect,[0],0.48333333333333334,0.4266666666666667,0.05666666666666664,5359,3416,4
phase_a_gpt,hover,summarize_before_budget_proportional_s0,17,merge,"[2, 9]",0.49666666666666665,0.4866666666666667,0.009999999999999953,5664,8151,4
phase_a_gpt,hover,summarize_before_budget_proportional_s0,18,reflect,[17],0.4633333333333333,0.49666666666666665,-0.033333333333333326,6063,10782,4
phase_a_gpt,hover,summarize_before_budget_proportional_s0,19,merge,"[12, 16]",0.49666666666666665,0.48333333333333334,0.013333333333333308,6368,5661,4
phase_a_gpt,hover,summarize_before_budget_proportional_s0,20,reflect,[2],0.44666666666666666,0.4866666666666667,-0.040000000000000036,6680,8125,4
phase_a_gpt,hover,summarize_before_budget_proportional_s0,21,merge,"[2, 14]",0.43,0.4866666666666667,-0.0566666666666667,6985,12221,4
phase_a_gpt,hover,summarize_before_immediate_s0,0,seed,[None],0.46,,,0,290,4
phase_a_gpt,hover,summarize_before_immediate_s0,1,reflect,[0],0.46,0.46,0.0,327,3282,4
phase_a_gpt,hover,summarize_before_immediate_s0,2,reflect,[0],0.44,0.46,-0.020000000000000018,657,2326,4
phase_a_gpt,hover,summarize_before_immediate_s0,3,reflect,[0],0.49,0.46,0.02999999999999997,987,2764,4
phase_a_gpt,hover,summarize_before_immediate_s0,4,reflect,[0],0.43,0.46,-0.030000000000000027,1332,2250,4
phase_a_gpt,hover,summarize_before_immediate_s0,5,reflect,[3],0.47333333333333333,0.49,-0.016666666666666663,1650,4671,4
phase_a_gpt,hover,summarize_before_immediate_s0,6,reflect,[0],0.45666666666666667,0.46,-0.003333333333333355,2121,3372,4
phase_a_gpt,hover,summarize_before_immediate_s0,7,reflect,[5],0.47333333333333333,0.47333333333333333,0.0,2445,6245,4
phase_a_gpt,hover,summarize_before_immediate_s0,8,reflect,[2],0.49333333333333335,0.44,0.053333333333333344,2775,5564,4
phase_a_gpt,hover,summarize_before_immediate_s0,9,merge,"[7, 8]",0.48,0.49333333333333335,-0.013333333333333364,3080,7607,4
phase_a_gpt,hover,summarize_before_immediate_s0,10,reflect,[9],0.5033333333333333,0.48,0.023333333333333317,3386,10174,4
phase_a_gpt,hover,summarize_before_immediate_s0,11,merge,"[3, 8]",0.49,0.49333333333333335,-0.003333333333333355,3691,4126,4
phase_a_gpt,hover,summarize_before_immediate_s0,12,reflect,[0],0.4766666666666667,0.46,0.016666666666666663,4039,2800,4
phase_a_gpt,hover,summarize_before_immediate_s0,13,reflect,[11],0.46,0.49,-0.02999999999999997,4380,6178,4
phase_a_gpt,hover,summarize_before_immediate_s0,14,merge,"[10, 11]",0.5033333333333333,0.5033333333333333,0.0,4685,10174,4
phase_a_gpt,hover,summarize_before_immediate_s0,15,reflect,[7],0.47,0.47333333333333333,-0.003333333333333355,5003,7098,4
phase_a_gpt,hover,summarize_before_immediate_s0,16,merge,"[7, 13]",0.47333333333333333,0.47333333333333333,0.0,5308,5580,4
phase_a_gpt,hover,summarize_before_immediate_s0,17,reflect,[3],0.48333333333333334,0.49,-0.006666666666666654,5644,5941,4
phase_a_gpt,hover,summarize_before_immediate_s0,18,merge,"[5, 11]",0.5,0.49,0.010000000000000009,5949,5991,4
phase_a_gpt,hover,summarize_before_immediate_s0,19,reflect,[6],0.49,0.45666666666666667,0.033333333333333326,6288,5585,4
phase_a_gpt,hover,summarize_before_immediate_s0,20,merge,"[15, 17]",0.51,0.48333333333333334,0.026666666666666672,6593,10275,4
phase_a_gpt,hover,summarize_before_immediate_s0,21,reflect,[18],0.5466666666666666,0.5,0.046666666666666634,6911,8837,4
phase_a_gpt,hover,summarize_before_score_plateau_s0,0,seed,[None],0.46,,,0,290,4
phase_a_gpt,hover,summarize_before_score_plateau_s0,1,reflect,[0],0.46,0.46,0.0,327,3282,4
phase_a_gpt,hover,summarize_before_score_plateau_s0,2,reflect,[0],0.44,0.46,-0.020000000000000018,657,2326,4
phase_a_gpt,hover,summarize_before_score_plateau_s0,3,reflect,[0],0.49,0.46,0.02999999999999997,984,2764,4
phase_a_gpt,hover,summarize_before_score_plateau_s0,4,reflect,[2],0.46,0.44,0.020000000000000018,1293,4687,4
phase_a_gpt,hover,summarize_before_score_plateau_s0,5,reflect,[3],0.4766666666666667,0.49,-0.013333333333333308,1605,6173,4
phase_a_gpt,hover,summarize_before_score_plateau_s0,6,reflect,[2],0.48,0.44,0.03999999999999998,1917,3251,4
phase_a_gpt,hover,summarize_before_score_plateau_s0,7,reflect,[2],0.4533333333333333,0.44,0.013333333333333308,2309,3450,4
phase_a_gpt,hover,summarize_before_score_plateau_s0,8,merge,"[4, 5]",0.3333333333333333,0.4766666666666667,-0.14333333333333337,2614,6786,4
phase_a_gpt,hover,summarize_before_score_plateau_s0,9,reflect,[5],0.4633333333333333,0.4766666666666667,-0.013333333333333364,3058,7061,4
phase_a_gpt,hover,summarize_before_score_plateau_s0,10,reflect,[3],0.4666666666666667,0.49,-0.023333333333333317,3388,3892,4
phase_a_gpt,hover,summarize_before_score_plateau_s0,11,reflect,[4],0.44666666666666666,0.46,-0.013333333333333364,3739,5736,4
phase_a_gpt,hover,summarize_before_score_plateau_s0,12,reflect,[11],0.4633333333333333,0.44666666666666666,0.016666666666666663,4126,6782,4
phase_a_gpt,hover,summarize_before_score_plateau_s0,13,merge,"[4, 6]",0.41,0.48,-0.07,4431,5397,4
phase_a_gpt,hover,summarize_before_score_plateau_s0,14,reflect,[11],0.44666666666666666,0.44666666666666666,0.0,4806,7602,4
phase_a_gpt,hover,summarize_before_score_plateau_s0,15,reflect,[5],0.43,0.4766666666666667,-0.04666666666666669,5118,8886,4
phase_a_gpt,hover,summarize_before_score_plateau_s0,16,reflect,[13],0.4533333333333333,0.41,0.043333333333333335,5451,8534,4
phase_a_gpt,hover,summarize_before_score_plateau_s0,17,reflect,[4],0.47,0.46,0.009999999999999953,5804,8137,4
phase_a_gpt,hover,summarize_before_score_plateau_s0,18,merge,"[6, 12]",0.44333333333333336,0.48,-0.036666666666666625,6109,7707,4
phase_a_gpt,hover,summarize_before_score_plateau_s0,19,reflect,[4],0.43333333333333335,0.46,-0.026666666666666672,6478,7240,4
phase_a_gpt,hover,summarize_before_score_plateau_s0,20,reflect,[12],0.45,0.4633333333333333,-0.013333333333333308,6784,8743,4
phase_a_gpt,hotpotqa,combine_all_budget_proportional_s0,0,seed,[None],0.38,,,0,303,4
phase_a_gpt,hotpotqa,combine_all_budget_proportional_s0,1,reflect,[0],0.37666666666666665,0.38,-0.003333333333333355,369,2651,4
phase_a_gpt,hotpotqa,combine_all_budget_proportional_s0,2,reflect,[1],0.37,0.37666666666666665,-0.006666666666666654,675,5496,4
phase_a_gpt,hotpotqa,combine_all_budget_proportional_s0,3,reflect,[2],0.5966666666666667,0.37,0.22666666666666668,1083,7825,4
phase_a_gpt,hotpotqa,combine_all_budget_proportional_s0,4,reflect,[0],0.37333333333333335,0.38,-0.006666666666666654,1431,3001,4
phase_a_gpt,hotpotqa,combine_all_budget_proportional_s0,5,reflect,[4],0.5966666666666667,0.37333333333333335,0.22333333333333333,1848,5353,4
phase_a_gpt,hotpotqa,combine_all_budget_proportional_s0,6,reflect,[5],0.5733333333333334,0.5966666666666667,-0.023333333333333317,2202,5643,4
phase_a_gpt,hotpotqa,combine_all_budget_proportional_s0,7,merge,"[3, 6]",0.6166666666666667,0.5966666666666667,0.020000000000000018,2507,13385,4
phase_a_gpt,hotpotqa,combine_all_budget_proportional_s0,8,reflect,[3],0.5766666666666667,0.5966666666666667,-0.020000000000000018,2909,8996,4
phase_a_gpt,hotpotqa,combine_all_budget_proportional_s0,9,merge,"[3, 5]",0.6266666666666667,0.5966666666666667,0.030000000000000027,3214,13095,4
phase_a_gpt,hotpotqa,combine_all_budget_proportional_s0,10,reflect,[7],0.59,0.6166666666666667,-0.026666666666666727,3676,13687,4
phase_a_gpt,hotpotqa,combine_all_budget_proportional_s0,11,merge,"[9, 10]",0.5866666666666667,0.6266666666666667,-0.040000000000000036,3981,18590,4
phase_a_gpt,hotpotqa,combine_all_budget_proportional_s0,12,reflect,[10],0.6,0.59,0.010000000000000009,4467,14835,4
phase_a_gpt,hotpotqa,combine_all_budget_proportional_s0,13,reflect,[7],0.58,0.6166666666666667,-0.036666666666666736,4818,15416,4
phase_a_gpt,hotpotqa,combine_all_budget_proportional_s0,14,reflect,[7],0.6,0.6166666666666667,-0.01666666666666672,5169,16092,4
phase_a_gpt,hotpotqa,combine_all_budget_proportional_s0,15,reflect,[12],0.58,0.6,-0.020000000000000018,5493,12678,4
phase_a_gpt,hotpotqa,combine_all_budget_proportional_s0,16,merge,"[9, 12]",0.5933333333333334,0.6266666666666667,-0.033333333333333326,5798,19738,4
phase_a_gpt,hotpotqa,combine_all_budget_proportional_s0,17,reflect,[11],0.5666666666666667,0.5866666666666667,-0.020000000000000018,6104,12315,4
phase_a_gpt,hotpotqa,combine_all_budget_proportional_s0,18,merge,"[9, 15]",0.62,0.6266666666666667,-0.00666666666666671,6409,17581,4
phase_a_gpt,hotpotqa,combine_all_budget_proportional_s0,19,reflect,[15],0.55,0.58,-0.029999999999999916,6730,13187,4
phase_a_gpt,hotpotqa,combine_all_immediate_s0,0,seed,[None],0.38,,,0,303,4
phase_a_gpt,hotpotqa,combine_all_immediate_s0,1,reflect,[0],0.37666666666666665,0.38,-0.003333333333333355,369,2651,4
phase_a_gpt,hotpotqa,combine_all_immediate_s0,2,reflect,[1],0.37,0.37666666666666665,-0.006666666666666654,675,5496,4
phase_a_gpt,hotpotqa,combine_all_immediate_s0,3,reflect,[2],0.36666666666666664,0.37,-0.003333333333333355,993,7381,4
phase_a_gpt,hotpotqa,combine_all_immediate_s0,4,reflect,[3],0.36666666666666664,0.36666666666666664,0.0,1347,8278,4
phase_a_gpt,hotpotqa,combine_all_immediate_s0,5,reflect,[2],0.35,0.37,-0.020000000000000018,1686,6849,4
phase_a_gpt,hotpotqa,combine_all_immediate_s0,6,reflect,[5],0.34,0.35,-0.009999999999999953,1992,8201,4
phase_a_gpt,hotpotqa,combine_all_immediate_s0,7,reflect,[6],0.32666666666666666,0.34,-0.013333333333333364,2367,8348,4
phase_a_gpt,hotpotqa,combine_all_immediate_s0,8,reflect,[0],0.38,0.38,0.0,2691,2678,4
phase_a_gpt,hotpotqa,combine_all_immediate_s0,9,reflect,[0],0.41,0.38,0.02999999999999997,3039,2732,4
phase_a_gpt,hotpotqa,combine_all_immediate_s0,10,merge,"[8, 9]",0.4033333333333333,0.41,-0.006666666666666654,3344,5107,4
phase_a_gpt,hotpotqa,combine_all_immediate_s0,11,reflect,[4],0.34,0.36666666666666664,-0.026666666666666616,3698,9842,4
phase_a_gpt,hotpotqa,combine_all_immediate_s0,12,reflect,[2],0.6,0.37,0.22999999999999998,4061,7546,4
phase_a_gpt,hotpotqa,combine_all_immediate_s0,13,reflect,[12],0.56,0.6,-0.039999999999999925,4372,8283,4
phase_a_gpt,hotpotqa,combine_all_immediate_s0,14,merge,"[9, 12]",0.5766666666666667,0.6,-0.023333333333333317,4677,10073,4
phase_a_gpt,hotpotqa,combine_all_immediate_s0,15,reflect,[9],0.39,0.41,-0.019999999999999962,4995,4935,4
phase_a_gpt,hotpotqa,combine_all_immediate_s0,16,merge,"[8, 14]",0.5833333333333334,0.5766666666666667,0.00666666666666671,5300,12448,4
phase_a_gpt,hotpotqa,combine_all_immediate_s0,17,reflect,[13],0.5633333333333334,0.56,0.0033333333333332993,5765,9404,4
phase_a_gpt,hotpotqa,combine_all_immediate_s0,18,merge,"[14, 17]",0.5866666666666667,0.5766666666666667,0.010000000000000009,6070,14377,4
phase_a_gpt,hotpotqa,combine_all_immediate_s0,19,reflect,[8],0.38333333333333336,0.38,0.003333333333333355,6388,5532,4
phase_a_gpt,hotpotqa,combine_all_immediate_s0,20,merge,"[9, 13]",0.5733333333333334,0.56,0.013333333333333308,6693,10810,4
phase_a_gpt,hotpotqa,combine_all_score_plateau_s0,0,seed,[None],0.38,,,0,303,4
phase_a_gpt,hotpotqa,combine_all_score_plateau_s0,1,reflect,[0],0.37666666666666665,0.38,-0.003333333333333355,369,2651,4
phase_a_gpt,hotpotqa,combine_all_score_plateau_s0,2,reflect,[1],0.37,0.37666666666666665,-0.006666666666666654,675,5496,4
phase_a_gpt,hotpotqa,combine_all_score_plateau_s0,3,reflect,[2],0.5966666666666667,0.37,0.22666666666666668,1083,7825,4
phase_a_gpt,hotpotqa,combine_all_score_plateau_s0,4,reflect,[0],0.37333333333333335,0.38,-0.006666666666666654,1431,3001,4
phase_a_gpt,hotpotqa,combine_all_score_plateau_s0,5,reflect,[4],0.5966666666666667,0.37333333333333335,0.22333333333333333,1848,5353,4
phase_a_gpt,hotpotqa,combine_all_score_plateau_s0,6,reflect,[5],0.5733333333333334,0.5966666666666667,-0.023333333333333317,2202,5643,4
phase_a_gpt,hotpotqa,combine_all_score_plateau_s0,7,merge,"[3, 6]",0.6166666666666667,0.5966666666666667,0.020000000000000018,2507,13385,4
phase_a_gpt,hotpotqa,combine_all_score_plateau_s0,8,reflect,[3],0.5766666666666667,0.5966666666666667,-0.020000000000000018,2909,8996,4
phase_a_gpt,hotpotqa,combine_all_score_plateau_s0,9,reflect,[7],0.58,0.6166666666666667,-0.036666666666666736,3461,14918,4
phase_a_gpt,hotpotqa,combine_all_score_plateau_s0,10,reflect,[7],0.6166666666666667,0.6166666666666667,0.0,3863,12191,4
phase_a_gpt,hotpotqa,combine_all_score_plateau_s0,11,reflect,[5],0.6,0.5966666666666667,0.0033333333333332993,4262,5414,4
phase_a_gpt,hotpotqa,combine_all_score_plateau_s0,12,merge,"[9, 11]",0.5833333333333334,0.6,-0.016666666666666607,4567,20249,4
phase_a_gpt,hotpotqa,combine_all_score_plateau_s0,13,reflect,[9],0.57,0.58,-0.010000000000000009,4879,15781,4
phase_a_gpt,hotpotqa,combine_all_score_plateau_s0,14,reflect,[12],0.59,0.5833333333333334,0.006666666666666599,5308,15669,4
phase_a_gpt,hotpotqa,combine_all_score_plateau_s0,15,reflect,[13],0.58,0.57,0.010000000000000009,5656,15807,4
phase_a_gpt,hotpotqa,combine_all_score_plateau_s0,16,reflect,[12],0.5933333333333334,0.5833333333333334,0.010000000000000009,6309,16117,4
phase_a_gpt,hotpotqa,combine_all_score_plateau_s0,17,merge,"[15, 16]",0.58,0.5933333333333334,-0.01333333333333342,6614,17006,4
phase_a_gpt,hotpotqa,nomerge_s0,0,seed,[None],0.38,,,0,303,4
phase_a_gpt,hotpotqa,nomerge_s0,1,reflect,[0],0.37666666666666665,0.38,-0.003333333333333355,369,2651,4
phase_a_gpt,hotpotqa,nomerge_s0,2,reflect,[1],0.37,0.37666666666666665,-0.006666666666666654,675,5496,4
phase_a_gpt,hotpotqa,nomerge_s0,3,reflect,[2],0.5966666666666667,0.37,0.22666666666666668,1083,7825,4
phase_a_gpt,hotpotqa,nomerge_s0,4,reflect,[0],0.37333333333333335,0.38,-0.006666666666666654,1431,3001,4
phase_a_gpt,hotpotqa,nomerge_s0,5,reflect,[4],0.5966666666666667,0.37333333333333335,0.22333333333333333,1848,5353,4
phase_a_gpt,hotpotqa,nomerge_s0,6,reflect,[5],0.5733333333333334,0.5966666666666667,-0.023333333333333317,2202,5643,4
phase_a_gpt,hotpotqa,nomerge_s0,7,reflect,[6],0.5333333333333333,0.5733333333333334,-0.040000000000000036,2508,8216,4
phase_a_gpt,hotpotqa,nomerge_s0,8,reflect,[6],0.5466666666666666,0.5733333333333334,-0.026666666666666727,2943,8077,4
phase_a_gpt,hotpotqa,nomerge_s0,9,reflect,[5],0.5733333333333334,0.5966666666666667,-0.023333333333333317,3261,8485,4
phase_a_gpt,hotpotqa,nomerge_s0,10,reflect,[6],0.5733333333333334,0.5733333333333334,0.0,3570,7294,4
phase_a_gpt,hotpotqa,nomerge_s0,11,reflect,[7],0.5433333333333333,0.5333333333333333,0.010000000000000009,3948,8533,4
phase_a_gpt,hotpotqa,nomerge_s0,12,reflect,[7],0.52,0.5333333333333333,-0.013333333333333308,4344,8998,4
phase_a_gpt,hotpotqa,nomerge_s0,13,reflect,[8],0.56,0.5466666666666666,0.01333333333333342,4662,8154,4
phase_a_gpt,hotpotqa,nomerge_s0,14,reflect,[7],0.52,0.5333333333333333,-0.013333333333333308,5025,9187,4
phase_a_gpt,hotpotqa,nomerge_s0,15,reflect,[8],0.5633333333333334,0.5466666666666666,0.01666666666666672,5427,8466,4
phase_a_gpt,hotpotqa,nomerge_s0,16,reflect,[9],0.6066666666666667,0.5733333333333334,0.033333333333333326,5739,8688,4
phase_a_gpt,hotpotqa,nomerge_s0,17,reflect,[13],0.5366666666666666,0.56,-0.023333333333333428,6057,8612,4
phase_a_gpt,hotpotqa,nomerge_s0,18,reflect,[8],0.53,0.5466666666666666,-0.016666666666666607,6363,9031,4
phase_a_gpt,hotpotqa,nomerge_s0,19,reflect,[8],0.5466666666666666,0.5466666666666666,0.0,6747,11045,4
phase_a_gpt,hotpotqa,original_budget_proportional_s0,0,seed,[None],0.38,,,0,303,4
phase_a_gpt,hotpotqa,original_budget_proportional_s0,1,reflect,[0],0.37666666666666665,0.38,-0.003333333333333355,369,2651,4
phase_a_gpt,hotpotqa,original_budget_proportional_s0,2,reflect,[1],0.37,0.37666666666666665,-0.006666666666666654,675,5496,4
phase_a_gpt,hotpotqa,original_budget_proportional_s0,3,reflect,[2],0.5966666666666667,0.37,0.22666666666666668,1083,7825,4
phase_a_gpt,hotpotqa,original_budget_proportional_s0,4,reflect,[0],0.37333333333333335,0.38,-0.006666666666666654,1431,3001,4
phase_a_gpt,hotpotqa,original_budget_proportional_s0,5,reflect,[4],0.5966666666666667,0.37333333333333335,0.22333333333333333,1848,5353,4
phase_a_gpt,hotpotqa,original_budget_proportional_s0,6,reflect,[5],0.5733333333333334,0.5966666666666667,-0.023333333333333317,2202,5643,4
phase_a_gpt,hotpotqa,original_budget_proportional_s0,7,merge,"[3, 6]",0.5966666666666667,0.5966666666666667,0.0,2507,7825,4
phase_a_gpt,hotpotqa,original_budget_proportional_s0,8,reflect,[7],0.56,0.5966666666666667,-0.036666666666666625,2816,8084,4
phase_a_gpt,hotpotqa,original_budget_proportional_s0,9,reflect,[6],0.5733333333333334,0.5733333333333334,0.0,3140,8531,4
phase_a_gpt,hotpotqa,original_budget_proportional_s0,10,reflect,[5],0.5933333333333334,0.5966666666666667,-0.0033333333333332993,3496,5807,4
phase_a_gpt,hotpotqa,original_budget_proportional_s0,11,merge,"[7, 10]",0.5966666666666667,0.5966666666666667,0.0,3801,7825,4
phase_a_gpt,hotpotqa,original_budget_proportional_s0,12,reflect,[8],0.57,0.56,0.009999999999999898,4122,8670,4
phase_a_gpt,hotpotqa,original_budget_proportional_s0,13,merge,"[8, 10]",0.58,0.5933333333333334,-0.01333333333333342,4427,8414,4
phase_a_gpt,hotpotqa,original_budget_proportional_s0,14,reflect,[10],0.5966666666666667,0.5933333333333334,0.0033333333333332993,4799,8326,4
phase_a_gpt,hotpotqa,original_budget_proportional_s0,15,merge,"[9, 11]",0.5966666666666667,0.5966666666666667,0.0,5104,7825,4
phase_a_gpt,hotpotqa,original_budget_proportional_s0,16,reflect,[9],0.59,0.5733333333333334,0.016666666666666607,5443,11662,4
phase_a_gpt,hotpotqa,original_budget_proportional_s0,17,merge,"[12, 15]",0.57,0.5966666666666667,-0.026666666666666727,5748,8670,4
phase_a_gpt,hotpotqa,original_budget_proportional_s0,18,reflect,[16],0.58,0.59,-0.010000000000000009,6219,12832,4
phase_a_gpt,hotpotqa,original_budget_proportional_s0,19,merge,"[13, 18]",0.5933333333333334,0.58,0.01333333333333342,6524,12996,4
phase_a_gpt,hotpotqa,original_immediate_s0,0,seed,[None],0.38,,,0,303,4
phase_a_gpt,hotpotqa,original_immediate_s0,1,reflect,[0],0.37666666666666665,0.38,-0.003333333333333355,369,2651,4
phase_a_gpt,hotpotqa,original_immediate_s0,2,reflect,[1],0.37,0.37666666666666665,-0.006666666666666654,675,5496,4
phase_a_gpt,hotpotqa,original_immediate_s0,3,reflect,[2],0.36666666666666664,0.37,-0.003333333333333355,993,7381,4
phase_a_gpt,hotpotqa,original_immediate_s0,4,reflect,[3],0.36666666666666664,0.36666666666666664,0.0,1347,8278,4
phase_a_gpt,hotpotqa,original_immediate_s0,5,reflect,[2],0.35,0.37,-0.020000000000000018,1686,6849,4
phase_a_gpt,hotpotqa,original_immediate_s0,6,reflect,[5],0.34,0.35,-0.009999999999999953,1992,8201,4
phase_a_gpt,hotpotqa,original_immediate_s0,7,reflect,[6],0.32666666666666666,0.34,-0.013333333333333364,2367,8348,4
phase_a_gpt,hotpotqa,original_immediate_s0,8,reflect,[0],0.38,0.38,0.0,2691,2678,4
phase_a_gpt,hotpotqa,original_immediate_s0,9,reflect,[0],0.41,0.38,0.02999999999999997,3039,2732,4
phase_a_gpt,hotpotqa,original_immediate_s0,10,merge,"[8, 9]",0.4033333333333333,0.41,-0.006666666666666654,3344,5107,4
phase_a_gpt,hotpotqa,original_immediate_s0,11,reflect,[4],0.34,0.36666666666666664,-0.026666666666666616,3698,9842,4
phase_a_gpt,hotpotqa,original_immediate_s0,12,reflect,[2],0.6,0.37,0.22999999999999998,4061,7546,4
phase_a_gpt,hotpotqa,original_immediate_s0,13,reflect,[12],0.56,0.6,-0.039999999999999925,4372,8283,4
phase_a_gpt,hotpotqa,original_immediate_s0,14,merge,"[9, 12]",0.6,0.6,0.0,4677,7546,4
phase_a_gpt,hotpotqa,original_immediate_s0,15,reflect,[9],0.39,0.41,-0.019999999999999962,4995,4935,4
phase_a_gpt,hotpotqa,original_immediate_s0,16,merge,"[8, 13]",0.5466666666666666,0.56,-0.01333333333333342,5300,10658,4
phase_a_gpt,hotpotqa,original_immediate_s0,17,reflect,[8],0.36333333333333334,0.38,-0.016666666666666663,5636,5029,4
phase_a_gpt,hotpotqa,original_immediate_s0,18,merge,"[9, 13]",0.56,0.56,0.0,5941,8283,4
phase_a_gpt,hotpotqa,original_immediate_s0,19,reflect,[17],0.3566666666666667,0.36333333333333334,-0.006666666666666654,6433,6896,4
phase_a_gpt,hotpotqa,original_immediate_s0,20,merge,"[8, 18]",0.5466666666666666,0.56,-0.01333333333333342,6738,10658,4
phase_a_gpt,hotpotqa,original_score_plateau_s0,0,seed,[None],0.38,,,0,303,4
phase_a_gpt,hotpotqa,original_score_plateau_s0,1,reflect,[0],0.37666666666666665,0.38,-0.003333333333333355,369,2651,4
phase_a_gpt,hotpotqa,original_score_plateau_s0,2,reflect,[1],0.37,0.37666666666666665,-0.006666666666666654,675,5496,4
phase_a_gpt,hotpotqa,original_score_plateau_s0,3,reflect,[2],0.5966666666666667,0.37,0.22666666666666668,1083,7825,4
phase_a_gpt,hotpotqa,original_score_plateau_s0,4,reflect,[0],0.37333333333333335,0.38,-0.006666666666666654,1431,3001,4
phase_a_gpt,hotpotqa,original_score_plateau_s0,5,reflect,[4],0.5966666666666667,0.37333333333333335,0.22333333333333333,1848,5353,4
phase_a_gpt,hotpotqa,original_score_plateau_s0,6,reflect,[5],0.5733333333333334,0.5966666666666667,-0.023333333333333317,2202,5643,4
phase_a_gpt,hotpotqa,original_score_plateau_s0,7,merge,"[3, 6]",0.5966666666666667,0.5966666666666667,0.0,2507,7825,4
phase_a_gpt,hotpotqa,original_score_plateau_s0,8,reflect,[7],0.56,0.5966666666666667,-0.036666666666666625,2816,8084,4
phase_a_gpt,hotpotqa,original_score_plateau_s0,9,reflect,[8],0.5633333333333334,0.56,0.0033333333333332993,3158,11037,4
phase_a_gpt,hotpotqa,original_score_plateau_s0,10,reflect,[8],0.5566666666666666,0.56,-0.0033333333333334103,3506,9588,4
phase_a_gpt,hotpotqa,original_score_plateau_s0,11,reflect,[6],0.5466666666666666,0.5733333333333334,-0.026666666666666727,3842,8077,4
phase_a_gpt,hotpotqa,original_score_plateau_s0,12,merge,"[7, 11]",0.5966666666666667,0.5966666666666667,0.0,4147,7825,4
phase_a_gpt,hotpotqa,original_score_plateau_s0,13,reflect,[11],0.56,0.5466666666666666,0.01333333333333342,4564,8813,4
phase_a_gpt,hotpotqa,original_score_plateau_s0,14,reflect,[13],0.5566666666666666,0.56,-0.0033333333333334103,4909,10059,4
phase_a_gpt,hotpotqa,original_score_plateau_s0,15,merge,"[9, 11]",0.5633333333333334,0.5633333333333334,0.0,5214,11037,4
phase_a_gpt,hotpotqa,original_score_plateau_s0,16,reflect,[15],0.5466666666666666,0.5633333333333334,-0.01666666666666672,5559,12053,4
phase_a_gpt,hotpotqa,original_score_plateau_s0,17,reflect,[6],0.5766666666666667,0.5733333333333334,0.0033333333333332993,5895,8057,4
phase_a_gpt,hotpotqa,original_score_plateau_s0,18,reflect,[5],0.5966666666666667,0.5966666666666667,0.0,6384,5746,4
phase_a_gpt,hotpotqa,original_score_plateau_s0,19,merge,"[14, 15]",0.5633333333333334,0.5633333333333334,0.0,6689,11037,4
phase_a_gpt,hotpotqa,summarize_before_budget_proportional_s0,0,seed,[None],0.38,,,0,303,4
phase_a_gpt,hotpotqa,summarize_before_budget_proportional_s0,1,reflect,[0],0.37666666666666665,0.38,-0.003333333333333355,369,2651,4
phase_a_gpt,hotpotqa,summarize_before_budget_proportional_s0,2,reflect,[1],0.37,0.37666666666666665,-0.006666666666666654,675,5496,4
phase_a_gpt,hotpotqa,summarize_before_budget_proportional_s0,3,reflect,[2],0.5966666666666667,0.37,0.22666666666666668,1083,7825,4
phase_a_gpt,hotpotqa,summarize_before_budget_proportional_s0,4,reflect,[0],0.37333333333333335,0.38,-0.006666666666666654,1431,3001,4
phase_a_gpt,hotpotqa,summarize_before_budget_proportional_s0,5,reflect,[4],0.5966666666666667,0.37333333333333335,0.22333333333333333,1848,5353,4
phase_a_gpt,hotpotqa,summarize_before_budget_proportional_s0,6,reflect,[5],0.5733333333333334,0.5966666666666667,-0.023333333333333317,2202,5643,4
phase_a_gpt,hotpotqa,summarize_before_budget_proportional_s0,7,merge,"[3, 6]",0.5966666666666667,0.5966666666666667,0.0,2507,6345,4
phase_a_gpt,hotpotqa,summarize_before_budget_proportional_s0,8,reflect,[3],0.5766666666666667,0.5966666666666667,-0.020000000000000018,2912,8996,4
phase_a_gpt,hotpotqa,summarize_before_budget_proportional_s0,9,merge,"[3, 5]",0.5966666666666667,0.5966666666666667,0.0,3217,6234,4
phase_a_gpt,hotpotqa,summarize_before_budget_proportional_s0,10,reflect,[6],0.58,0.5733333333333334,0.006666666666666599,3688,6131,4
phase_a_gpt,hotpotqa,summarize_before_budget_proportional_s0,11,reflect,[10],0.5866666666666667,0.58,0.00666666666666671,4050,7029,4
phase_a_gpt,hotpotqa,summarize_before_budget_proportional_s0,12,merge,"[3, 11]",0.6333333333333333,0.5966666666666667,0.036666666666666625,4355,6412,4
phase_a_gpt,hotpotqa,summarize_before_budget_proportional_s0,13,reflect,[11],0.5966666666666667,0.5866666666666667,0.010000000000000009,4730,9493,4
phase_a_gpt,hotpotqa,summarize_before_budget_proportional_s0,14,reflect,[7],0.6033333333333334,0.5966666666666667,0.00666666666666671,5128,7760,4
phase_a_gpt,hotpotqa,summarize_before_budget_proportional_s0,15,reflect,[11],0.5466666666666666,0.5866666666666667,-0.040000000000000036,5533,8897,4
phase_a_gpt,hotpotqa,summarize_before_budget_proportional_s0,16,reflect,[14],0.6066666666666667,0.6033333333333334,0.0033333333333332993,5947,9880,4
phase_a_gpt,hotpotqa,summarize_before_budget_proportional_s0,17,merge,"[11, 16]",0.5933333333333334,0.6066666666666667,-0.013333333333333308,6252,8886,4
phase_a_gpt,hotpotqa,summarize_before_budget_proportional_s0,18,reflect,[11],0.58,0.5866666666666667,-0.00666666666666671,6582,7982,4
phase_a_gpt,hotpotqa,summarize_before_immediate_s0,0,seed,[None],0.38,,,0,303,4
phase_a_gpt,hotpotqa,summarize_before_immediate_s0,1,reflect,[0],0.37666666666666665,0.38,-0.003333333333333355,369,2651,4
phase_a_gpt,hotpotqa,summarize_before_immediate_s0,2,reflect,[1],0.37,0.37666666666666665,-0.006666666666666654,675,5496,4
phase_a_gpt,hotpotqa,summarize_before_immediate_s0,3,reflect,[2],0.36666666666666664,0.37,-0.003333333333333355,993,7381,4
phase_a_gpt,hotpotqa,summarize_before_immediate_s0,4,reflect,[3],0.36666666666666664,0.36666666666666664,0.0,1347,8278,4
phase_a_gpt,hotpotqa,summarize_before_immediate_s0,5,reflect,[2],0.35,0.37,-0.020000000000000018,1686,6849,4
phase_a_gpt,hotpotqa,summarize_before_immediate_s0,6,reflect,[5],0.34,0.35,-0.009999999999999953,1992,8201,4
phase_a_gpt,hotpotqa,summarize_before_immediate_s0,7,reflect,[6],0.32666666666666666,0.34,-0.013333333333333364,2367,8348,4
phase_a_gpt,hotpotqa,summarize_before_immediate_s0,8,reflect,[0],0.38,0.38,0.0,2691,2678,4
phase_a_gpt,hotpotqa,summarize_before_immediate_s0,9,reflect,[0],0.41,0.38,0.02999999999999997,3039,2732,4
phase_a_gpt,hotpotqa,summarize_before_immediate_s0,10,merge,"[8, 9]",0.4033333333333333,0.41,-0.006666666666666654,3344,5107,4
phase_a_gpt,hotpotqa,summarize_before_immediate_s0,11,reflect,[4],0.34,0.36666666666666664,-0.026666666666666616,3698,9842,4
phase_a_gpt,hotpotqa,summarize_before_immediate_s0,12,reflect,[2],0.6,0.37,0.22999999999999998,4061,7546,4
phase_a_gpt,hotpotqa,summarize_before_immediate_s0,13,reflect,[12],0.56,0.6,-0.039999999999999925,4372,8283,4
phase_a_gpt,hotpotqa,summarize_before_immediate_s0,14,merge,"[9, 12]",0.58,0.6,-0.020000000000000018,4677,7032,4
phase_a_gpt,hotpotqa,summarize_before_immediate_s0,15,reflect,[9],0.39,0.41,-0.019999999999999962,4995,4935,4
phase_a_gpt,hotpotqa,summarize_before_immediate_s0,16,merge,"[8, 14]",0.5666666666666667,0.58,-0.013333333333333308,5300,9407,4
phase_a_gpt,hotpotqa,summarize_before_immediate_s0,17,reflect,[13],0.5666666666666667,0.56,0.006666666666666599,5867,8774,4
phase_a_gpt,hotpotqa,summarize_before_immediate_s0,18,merge,"[8, 17]",0.5433333333333333,0.5666666666666667,-0.023333333333333317,6172,11149,4
phase_a_gpt,hotpotqa,summarize_before_immediate_s0,19,reflect,[14],0.56,0.58,-0.019999999999999907,6484,7629,4
phase_a_gpt,hotpotqa,summarize_before_immediate_s0,20,merge,"[14, 18]",0.5433333333333333,0.58,-0.036666666666666625,6789,10003,4
phase_a_gpt,hotpotqa,summarize_before_score_plateau_s0,0,seed,[None],0.38,,,0,303,4
phase_a_gpt,hotpotqa,summarize_before_score_plateau_s0,1,reflect,[0],0.37666666666666665,0.38,-0.003333333333333355,369,2651,4
phase_a_gpt,hotpotqa,summarize_before_score_plateau_s0,2,reflect,[1],0.37,0.37666666666666665,-0.006666666666666654,675,5496,4
phase_a_gpt,hotpotqa,summarize_before_score_plateau_s0,3,reflect,[2],0.5966666666666667,0.37,0.22666666666666668,1083,7825,4
phase_a_gpt,hotpotqa,summarize_before_score_plateau_s0,4,reflect,[0],0.37333333333333335,0.38,-0.006666666666666654,1431,3001,4
phase_a_gpt,hotpotqa,summarize_before_score_plateau_s0,5,reflect,[4],0.5966666666666667,0.37333333333333335,0.22333333333333333,1848,5353,4
phase_a_gpt,hotpotqa,summarize_before_score_plateau_s0,6,reflect,[5],0.5733333333333334,0.5966666666666667,-0.023333333333333317,2202,5643,4
phase_a_gpt,hotpotqa,summarize_before_score_plateau_s0,7,merge,"[3, 6]",0.5966666666666667,0.5966666666666667,0.0,2507,6345,4
phase_a_gpt,hotpotqa,summarize_before_score_plateau_s0,8,reflect,[3],0.5766666666666667,0.5966666666666667,-0.020000000000000018,2912,8996,4
phase_a_gpt,hotpotqa,summarize_before_score_plateau_s0,9,reflect,[3],0.5666666666666667,0.5966666666666667,-0.030000000000000027,3593,9358,4
phase_a_gpt,hotpotqa,summarize_before_score_plateau_s0,10,reflect,[3],0.5666666666666667,0.5966666666666667,-0.030000000000000027,3965,7914,4
phase_a_gpt,hotpotqa,summarize_before_score_plateau_s0,11,merge,"[6, 9]",0.5833333333333334,0.5733333333333334,0.010000000000000009,4270,7205,4
phase_a_gpt,hotpotqa,summarize_before_score_plateau_s0,12,reflect,[7],0.58,0.5966666666666667,-0.01666666666666672,4606,7257,4
phase_a_gpt,hotpotqa,summarize_before_score_plateau_s0,13,reflect,[12],0.56,0.58,-0.019999999999999907,4933,9591,4
phase_a_gpt,hotpotqa,summarize_before_score_plateau_s0,14,reflect,[11],0.58,0.5833333333333334,-0.0033333333333334103,5338,8657,4
phase_a_gpt,hotpotqa,summarize_before_score_plateau_s0,15,merge,"[9, 12]",0.5266666666666666,0.58,-0.053333333333333344,5643,5509,4
phase_a_gpt,hotpotqa,summarize_before_score_plateau_s0,16,reflect,[15],0.52,0.5266666666666666,-0.006666666666666599,5949,6083,4
phase_a_gpt,hotpotqa,summarize_before_score_plateau_s0,17,reflect,[11],0.5633333333333334,0.5833333333333334,-0.020000000000000018,6258,10587,4
phase_a_gpt,hotpotqa,summarize_before_score_plateau_s0,18,reflect,[11],0.5933333333333334,0.5833333333333334,0.010000000000000009,6672,7873,4
phase_a_gpt,ifbench,combine_all_budget_proportional_s0,0,seed,[None],0.8255555555555555,,,0,138,2
phase_a_gpt,ifbench,combine_all_budget_proportional_s0,1,reflect,[0],0.8455555555555555,0.8255555555555555,0.020000000000000018,309,2454,2
phase_a_gpt,ifbench,combine_all_budget_proportional_s0,2,reflect,[0],0.805,0.8255555555555555,-0.020555555555555438,630,3305,2
phase_a_gpt,ifbench,combine_all_budget_proportional_s0,3,reflect,[2],0.8080555555555555,0.805,0.003055555555555478,954,5679,2
phase_a_gpt,ifbench,combine_all_budget_proportional_s0,4,reflect,[3],0.8386111111111112,0.8080555555555555,0.03055555555555567,1263,6143,2
phase_a_gpt,ifbench,combine_all_budget_proportional_s0,5,reflect,[0],0.8488888888888888,0.8255555555555555,0.023333333333333317,1589,2283,2
phase_a_gpt,ifbench,combine_all_budget_proportional_s0,6,merge,"[4, 5]",0.8419444444444445,0.8488888888888888,-0.006944444444444309,1894,8336,2
phase_a_gpt,ifbench,combine_all_budget_proportional_s0,7,reflect,[6],0.8791666666666667,0.8419444444444445,0.03722222222222216,2236,9125,2
phase_a_gpt,ifbench,combine_all_budget_proportional_s0,8,merge,"[1, 7]",0.8802777777777777,0.8791666666666667,0.0011111111111110628,2541,11489,2
phase_a_gpt,ifbench,combine_all_budget_proportional_s0,9,reflect,[1],0.8472222222222222,0.8455555555555555,0.0016666666666667052,2880,4367,2
phase_a_gpt,ifbench,combine_all_budget_proportional_s0,10,merge,"[5, 9]",0.8744444444444444,0.8488888888888888,0.025555555555555554,3185,6560,2
phase_a_gpt,ifbench,combine_all_budget_proportional_s0,11,reflect,[6],0.8461111111111111,0.8419444444444445,0.004166666666666652,3497,7420,2
phase_a_gpt,ifbench,combine_all_immediate_s0,0,seed,[None],0.8255555555555555,,,0,138,2
phase_a_gpt,ifbench,combine_all_immediate_s0,1,reflect,[0],0.8455555555555555,0.8255555555555555,0.020000000000000018,309,2454,2
phase_a_gpt,ifbench,combine_all_immediate_s0,2,reflect,[0],0.805,0.8255555555555555,-0.020555555555555438,630,3305,2
phase_a_gpt,ifbench,combine_all_immediate_s0,3,reflect,[2],0.8288888888888889,0.805,0.02388888888888885,942,5325,2
phase_a_gpt,ifbench,combine_all_immediate_s0,4,merge,"[1, 3]",0.8408333333333333,0.8455555555555555,-0.004722222222222183,1247,7689,2
phase_a_gpt,ifbench,combine_all_immediate_s0,5,reflect,[4],0.8447222222222222,0.8408333333333333,0.0038888888888888307,1601,8423,2
phase_a_gpt,ifbench,combine_all_immediate_s0,6,reflect,[3],0.8436111111111111,0.8288888888888889,0.014722222222222192,1916,6510,2
phase_a_gpt,ifbench,combine_all_immediate_s0,7,reflect,[3],0.881388888888889,0.8288888888888889,0.0525000000000001,2227,6003,2
phase_a_gpt,ifbench,combine_all_immediate_s0,8,merge,"[5, 6]",0.8555555555555556,0.8447222222222222,0.010833333333333472,2532,11676,2
phase_a_gpt,ifbench,combine_all_immediate_s0,9,reflect,[7],0.9041666666666667,0.881388888888889,0.022777777777777675,2841,8063,2
phase_a_gpt,ifbench,combine_all_immediate_s0,10,merge,"[6, 9]",0.8977777777777777,0.9041666666666667,-0.006388888888888999,3146,11316,2
phase_a_gpt,ifbench,combine_all_immediate_s0,11,reflect,[5],0.8552777777777777,0.8447222222222222,0.01055555555555554,3503,8205,2
phase_a_gpt,ifbench,combine_all_score_plateau_s0,0,seed,[None],0.8255555555555555,,,0,138,2
phase_a_gpt,ifbench,combine_all_score_plateau_s0,1,reflect,[0],0.8455555555555555,0.8255555555555555,0.020000000000000018,309,2454,2
phase_a_gpt,ifbench,combine_all_score_plateau_s0,2,reflect,[0],0.8058333333333333,0.8255555555555555,-0.019722222222222197,630,3305,2
phase_a_gpt,ifbench,combine_all_score_plateau_s0,3,reflect,[2],0.8097222222222222,0.8058333333333333,0.0038888888888889417,954,5679,2
phase_a_gpt,ifbench,combine_all_score_plateau_s0,4,reflect,[2],0.8511111111111112,0.8058333333333333,0.04527777777777786,1260,3779,2
phase_a_gpt,ifbench,combine_all_score_plateau_s0,5,reflect,[4],0.8816666666666667,0.8511111111111112,0.030555555555555558,1572,6541,2
phase_a_gpt,ifbench,combine_all_score_plateau_s0,6,reflect,[0],0.8494444444444444,0.8255555555555555,0.02388888888888896,1902,2631,2
phase_a_gpt,ifbench,combine_all_score_plateau_s0,7,reflect,[1],0.8572222222222223,0.8455555555555555,0.011666666666666825,2208,3063,2
phase_a_gpt,ifbench,combine_all_score_plateau_s0,8,reflect,[3],0.8080555555555555,0.8097222222222222,-0.0016666666666667052,2550,6203,2
phase_a_gpt,ifbench,combine_all_score_plateau_s0,9,merge,"[5, 7]",0.8872222222222222,0.8816666666666667,0.005555555555555536,2855,9514,2
phase_a_gpt,ifbench,combine_all_score_plateau_s0,10,reflect,[9],0.8891666666666667,0.8872222222222222,0.0019444444444444153,3173,9111,2
phase_a_gpt,ifbench,combine_all_score_plateau_s0,11,reflect,[3],0.8086111111111112,0.8097222222222222,-0.0011111111111110628,3548,7159,2
phase_a_gpt,ifbench,nomerge_s0,0,seed,[None],0.8238888888888889,,,0,138,2
phase_a_gpt,ifbench,nomerge_s0,1,reflect,[0],0.8455555555555555,0.8238888888888889,0.021666666666666612,309,2454,2
phase_a_gpt,ifbench,nomerge_s0,2,reflect,[0],0.805,0.8238888888888889,-0.018888888888888844,630,3305,2
phase_a_gpt,ifbench,nomerge_s0,3,reflect,[2],0.8097222222222222,0.805,0.004722222222222183,954,5679,2
phase_a_gpt,ifbench,nomerge_s0,4,reflect,[2],0.8511111111111112,0.805,0.0461111111111111,1260,3779,2
phase_a_gpt,ifbench,nomerge_s0,5,reflect,[4],0.8816666666666667,0.8511111111111112,0.030555555555555558,1572,6541,2
phase_a_gpt,ifbench,nomerge_s0,6,reflect,[0],0.8494444444444444,0.8238888888888889,0.025555555555555554,1902,2631,2
phase_a_gpt,ifbench,nomerge_s0,7,reflect,[1],0.8572222222222223,0.8455555555555555,0.011666666666666825,2208,3063,2
phase_a_gpt,ifbench,nomerge_s0,8,reflect,[3],0.8072222222222222,0.8097222222222222,-0.0025000000000000577,2550,6203,2
phase_a_gpt,ifbench,nomerge_s0,9,reflect,[5],0.8994444444444444,0.8816666666666667,0.01777777777777767,2862,7938,2
phase_a_gpt,ifbench,nomerge_s0,10,reflect,[7],0.8505555555555555,0.8572222222222223,-0.006666666666666821,3177,5196,2
phase_a_gpt,ifbench,nomerge_s0,11,reflect,[1],0.8580555555555556,0.8455555555555555,0.012500000000000067,3483,3526,2
phase_a_gpt,ifbench,original_budget_proportional_s0,0,seed,[None],0.8255555555555555,,,0,138,2
phase_a_gpt,ifbench,original_budget_proportional_s0,1,reflect,[0],0.8455555555555555,0.8255555555555555,0.020000000000000018,309,2454,2
phase_a_gpt,ifbench,original_budget_proportional_s0,2,reflect,[0],0.805,0.8255555555555555,-0.020555555555555438,630,3305,2
phase_a_gpt,ifbench,original_budget_proportional_s0,3,reflect,[2],0.8080555555555555,0.805,0.003055555555555478,954,5679,2
phase_a_gpt,ifbench,original_budget_proportional_s0,4,reflect,[3],0.8377777777777778,0.8080555555555555,0.029722222222222316,1263,6143,2
phase_a_gpt,ifbench,original_budget_proportional_s0,5,merge,"[1, 4]",0.8505555555555555,0.8455555555555555,0.0050000000000000044,1568,6085,2
phase_a_gpt,ifbench,original_budget_proportional_s0,6,reflect,[0],0.8455555555555555,0.8255555555555555,0.020000000000000018,1889,2283,2
phase_a_gpt,ifbench,original_budget_proportional_s0,7,merge,"[5, 6]",0.8505555555555555,0.8505555555555555,0.0,2194,6085,2
phase_a_gpt,ifbench,original_budget_proportional_s0,8,reflect,[1],0.84,0.8455555555555555,-0.005555555555555536,2536,4319,2
phase_a_gpt,ifbench,original_budget_proportional_s0,9,merge,"[7, 8]",0.8505555555555555,0.8505555555555555,0.0,2841,6085,2
phase_a_gpt,ifbench,original_budget_proportional_s0,10,reflect,[1],0.7938888888888889,0.8455555555555555,-0.05166666666666664,3153,4538,2
phase_a_gpt,ifbench,original_budget_proportional_s0,11,reflect,[1],0.8880555555555556,0.8455555555555555,0.04250000000000009,3459,3924,2
phase_a_gpt,ifbench,original_immediate_s0,0,seed,[None],0.8255555555555555,,,0,138,2
phase_a_gpt,ifbench,original_immediate_s0,1,reflect,[0],0.8455555555555555,0.8255555555555555,0.020000000000000018,309,2454,2
phase_a_gpt,ifbench,original_immediate_s0,2,reflect,[0],0.805,0.8255555555555555,-0.020555555555555438,630,3305,2
phase_a_gpt,ifbench,original_immediate_s0,3,reflect,[2],0.8280555555555555,0.805,0.023055555555555496,942,5325,2
phase_a_gpt,ifbench,original_immediate_s0,4,merge,"[1, 3]",0.8438888888888889,0.8455555555555555,-0.0016666666666665941,1247,5621,2
phase_a_gpt,ifbench,original_immediate_s0,5,reflect,[0],0.8180555555555555,0.8255555555555555,-0.007499999999999951,1643,2285,2
phase_a_gpt,ifbench,original_immediate_s0,6,reflect,[0],0.8486111111111111,0.8255555555555555,0.023055555555555607,1949,2179,2
phase_a_gpt,ifbench,original_immediate_s0,7,merge,"[3, 6]",0.8302777777777778,0.8486111111111111,-0.018333333333333313,2254,5346,2
phase_a_gpt,ifbench,original_immediate_s0,8,reflect,[7],0.8902777777777777,0.8302777777777778,0.05999999999999994,2572,6397,2
phase_a_gpt,ifbench,original_immediate_s0,9,merge,"[1, 8]",0.8902777777777777,0.8902777777777777,0.0,2877,6397,2
phase_a_gpt,ifbench,original_immediate_s0,10,reflect,[9],0.871388888888889,0.8902777777777777,-0.018888888888888733,3216,7764,2
phase_a_gpt,ifbench,original_immediate_s0,11,reflect,[3],0.8391666666666666,0.8280555555555555,0.011111111111111072,3527,6800,2
phase_a_gpt,ifbench,original_score_plateau_s0,0,seed,[None],0.8255555555555555,,,0,138,2
phase_a_gpt,ifbench,original_score_plateau_s0,1,reflect,[0],0.8455555555555555,0.8255555555555555,0.020000000000000018,309,2454,2
phase_a_gpt,ifbench,original_score_plateau_s0,2,reflect,[0],0.805,0.8255555555555555,-0.020555555555555438,630,3305,2
phase_a_gpt,ifbench,original_score_plateau_s0,3,reflect,[2],0.8080555555555555,0.805,0.003055555555555478,954,5679,2
phase_a_gpt,ifbench,original_score_plateau_s0,4,reflect,[2],0.8511111111111112,0.805,0.0461111111111111,1260,3779,2
phase_a_gpt,ifbench,original_score_plateau_s0,5,reflect,[4],0.8816666666666667,0.8511111111111112,0.030555555555555558,1572,6541,2
phase_a_gpt,ifbench,original_score_plateau_s0,6,reflect,[0],0.8502777777777778,0.8255555555555555,0.024722222222222312,1902,2631,2
phase_a_gpt,ifbench,original_score_plateau_s0,7,reflect,[4],0.8688888888888889,0.8511111111111112,0.01777777777777778,2274,6082,2
phase_a_gpt,ifbench,original_score_plateau_s0,8,reflect,[0],0.8761111111111111,0.8255555555555555,0.050555555555555576,2631,2447,2
phase_a_gpt,ifbench,original_score_plateau_s0,9,reflect,[5],0.8980555555555556,0.8816666666666667,0.016388888888888897,2951,7600,2
phase_a_gpt,ifbench,original_score_plateau_s0,10,merge,"[1, 7]",0.8688888888888889,0.8688888888888889,0.0,3256,6082,2
phase_a_gpt,ifbench,original_score_plateau_s0,11,reflect,[1],0.8372222222222222,0.8455555555555555,-0.008333333333333304,3562,4921,2
phase_a_gpt,ifbench,summarize_before_budget_proportional_s0,0,seed,[None],0.8255555555555555,,,0,138,2
phase_a_gpt,ifbench,summarize_before_budget_proportional_s0,1,reflect,[0],0.8455555555555555,0.8255555555555555,0.020000000000000018,309,2454,2
phase_a_gpt,ifbench,summarize_before_budget_proportional_s0,2,reflect,[0],0.805,0.8255555555555555,-0.020555555555555438,630,3305,2
phase_a_gpt,ifbench,summarize_before_budget_proportional_s0,3,reflect,[2],0.8080555555555555,0.805,0.003055555555555478,954,5679,2
phase_a_gpt,ifbench,summarize_before_budget_proportional_s0,4,reflect,[3],0.8377777777777778,0.8080555555555555,0.029722222222222316,1263,6143,2
phase_a_gpt,ifbench,summarize_before_budget_proportional_s0,5,reflect,[0],0.8488888888888888,0.8255555555555555,0.023333333333333317,1589,2283,2
phase_a_gpt,ifbench,summarize_before_budget_proportional_s0,6,merge,"[4, 5]",0.8227777777777778,0.8488888888888888,-0.026111111111110974,1894,6442,2
phase_a_gpt,ifbench,summarize_before_budget_proportional_s0,7,reflect,[3],0.888888888888889,0.8080555555555555,0.08083333333333342,2305,6357,2
phase_a_gpt,ifbench,summarize_before_budget_proportional_s0,8,merge,"[5, 7]",0.8844444444444444,0.888888888888889,-0.004444444444444584,2610,6544,2
phase_a_gpt,ifbench,summarize_before_budget_proportional_s0,9,reflect,[6],0.7822222222222222,0.8227777777777778,-0.04055555555555568,2919,6573,2
phase_a_gpt,ifbench,summarize_before_budget_proportional_s0,10,reflect,[1],0.8805555555555556,0.8455555555555555,0.03500000000000014,3239,5697,2
phase_a_gpt,ifbench,summarize_before_budget_proportional_s0,11,reflect,[9],0.7852777777777779,0.7822222222222222,0.0030555555555557,3556,7420,2
phase_a_gpt,ifbench,summarize_before_immediate_s0,0,seed,[None],0.8255555555555555,,,0,138,2
phase_a_gpt,ifbench,summarize_before_immediate_s0,1,reflect,[0],0.8455555555555555,0.8255555555555555,0.020000000000000018,309,2454,2
phase_a_gpt,ifbench,summarize_before_immediate_s0,2,reflect,[0],0.805,0.8255555555555555,-0.020555555555555438,630,3305,2
phase_a_gpt,ifbench,summarize_before_immediate_s0,3,reflect,[2],0.8280555555555555,0.805,0.023055555555555496,942,5325,2
phase_a_gpt,ifbench,summarize_before_immediate_s0,4,reflect,[1],0.8572222222222223,0.8455555555555555,0.011666666666666825,1301,3063,2
phase_a_gpt,ifbench,summarize_before_immediate_s0,5,merge,"[3, 4]",0.8633333333333333,0.8572222222222223,0.006111111111110956,1606,5743,2
phase_a_gpt,ifbench,summarize_before_immediate_s0,6,reflect,[1],0.8283333333333334,0.8455555555555555,-0.01722222222222214,1918,5938,2
phase_a_gpt,ifbench,summarize_before_immediate_s0,7,reflect,[5],0.8883333333333333,0.8633333333333333,0.025000000000000022,2253,7994,2
phase_a_gpt,ifbench,summarize_before_immediate_s0,8,reflect,[7],0.888888888888889,0.8883333333333333,0.0005555555555556424,2577,8453,2
phase_a_gpt,ifbench,summarize_before_immediate_s0,9,reflect,[1],0.8461111111111111,0.8455555555555555,0.0005555555555556424,2964,3403,2
phase_a_gpt,ifbench,summarize_before_immediate_s0,10,reflect,[3],0.8288888888888889,0.8280555555555555,0.0008333333333333526,3294,5639,2
phase_a_gpt,ifbench,summarize_before_score_plateau_s0,0,seed,[None],0.8255555555555555,,,0,138,2
phase_a_gpt,ifbench,summarize_before_score_plateau_s0,1,reflect,[0],0.8455555555555555,0.8255555555555555,0.020000000000000018,309,2454,2
phase_a_gpt,ifbench,summarize_before_score_plateau_s0,2,reflect,[0],0.805,0.8255555555555555,-0.020555555555555438,630,3305,2
phase_a_gpt,ifbench,summarize_before_score_plateau_s0,3,reflect,[2],0.8080555555555555,0.805,0.003055555555555478,954,5679,2
phase_a_gpt,ifbench,summarize_before_score_plateau_s0,4,reflect,[2],0.8511111111111112,0.805,0.0461111111111111,1260,3779,2
phase_a_gpt,ifbench,summarize_before_score_plateau_s0,5,reflect,[4],0.8825,0.8511111111111112,0.0313888888888888,1572,6541,2
phase_a_gpt,ifbench,summarize_before_score_plateau_s0,6,reflect,[0],0.8502777777777778,0.8255555555555555,0.024722222222222312,1902,2631,2
phase_a_gpt,ifbench,summarize_before_score_plateau_s0,7,reflect,[4],0.8688888888888889,0.8511111111111112,0.01777777777777778,2274,6082,2
phase_a_gpt,ifbench,summarize_before_score_plateau_s0,8,reflect,[5],0.8675,0.8825,-0.014999999999999902,2598,7464,2
phase_a_gpt,ifbench,summarize_before_score_plateau_s0,9,merge,"[1, 5]",0.8872222222222222,0.8825,0.004722222222222294,2903,6435,2
phase_a_gpt,ifbench,summarize_before_score_plateau_s0,10,reflect,[7],0.8802777777777777,0.8688888888888889,0.011388888888888782,3236,6669,2
phase_a_gpt,ifbench,summarize_before_score_plateau_s0,11,reflect,[0],0.8541666666666666,0.8255555555555555,0.028611111111111143,3557,1743,2
phase_a_gpt,musique,combine_all_budget_proportional_s0,0,seed,[None],0.32666666666666666,,,0,307,4
phase_a_gpt,musique,combine_all_budget_proportional_s0,1,reflect,[0],0.33,0.32666666666666666,0.003333333333333355,306,3281,4
phase_a_gpt,musique,combine_all_budget_proportional_s0,2,reflect,[0],0.5466666666666666,0.32666666666666666,0.21999999999999997,630,3000,4
phase_a_gpt,musique,combine_all_budget_proportional_s0,3,reflect,[1],0.52,0.33,0.19,1041,5005,4
phase_a_gpt,musique,combine_all_budget_proportional_s0,4,reflect,[2],0.5133333333333333,0.5466666666666666,-0.033333333333333326,1398,4861,4
phase_a_gpt,musique,combine_all_budget_proportional_s0,5,reflect,[2],0.5466666666666666,0.5466666666666666,0.0,2001,5321,4
phase_a_gpt,musique,combine_all_budget_proportional_s0,6,merge,"[3, 5]",0.5366666666666666,0.5466666666666666,-0.010000000000000009,2306,10130,4
phase_a_gpt,musique,combine_all_budget_proportional_s0,7,reflect,[5],0.5466666666666666,0.5466666666666666,0.0,2810,7936,4
phase_a_gpt,musique,combine_all_budget_proportional_s0,8,reflect,[2],0.5333333333333333,0.5466666666666666,-0.013333333333333308,3139,6084,4
phase_a_gpt,musique,combine_all_budget_proportional_s0,9,merge,"[5, 8]",0.5366666666666666,0.5466666666666666,-0.010000000000000009,3444,8405,4
phase_a_gpt,musique,combine_all_budget_proportional_s0,10,reflect,[9],0.52,0.5366666666666666,-0.016666666666666607,3912,8716,4
phase_a_gpt,musique,combine_all_budget_proportional_s0,11,merge,"[3, 10]",0.5466666666666666,0.52,0.026666666666666616,4217,13625,4
phase_a_gpt,musique,combine_all_budget_proportional_s0,12,reflect,[11],0.5433333333333333,0.5466666666666666,-0.0033333333333332993,4535,12825,4
phase_a_gpt,musique,combine_all_budget_proportional_s0,13,merge,"[7, 11]",0.5333333333333333,0.5466666666666666,-0.013333333333333308,4840,16340,4
phase_a_gpt,musique,combine_all_budget_proportional_s0,14,reflect,[11],0.5233333333333333,0.5466666666666666,-0.023333333333333317,5152,11581,4
phase_a_gpt,musique,combine_all_budget_proportional_s0,15,reflect,[7],0.5366666666666666,0.5466666666666666,-0.010000000000000009,5514,7961,4
phase_a_gpt,musique,combine_all_budget_proportional_s0,16,merge,"[6, 11]",0.5333333333333333,0.5466666666666666,-0.013333333333333308,5819,20696,4
phase_a_gpt,musique,combine_all_budget_proportional_s0,17,reflect,[15],0.5366666666666666,0.5366666666666666,0.0,6146,8549,4
phase_a_gpt,musique,combine_all_budget_proportional_s0,18,merge,"[6, 8]",0.5433333333333333,0.5366666666666666,0.00666666666666671,6451,16118,4
phase_a_gpt,musique,combine_all_budget_proportional_s0,19,reflect,[9],0.53,0.5366666666666666,-0.006666666666666599,6874,9128,4
phase_a_gpt,musique,combine_all_immediate_s0,0,seed,[None],0.27666666666666667,,,0,307,4
phase_a_gpt,musique,combine_all_immediate_s0,1,reflect,[0],0.31,0.27666666666666667,0.033333333333333326,354,3128,4
phase_a_gpt,musique,combine_all_immediate_s0,2,reflect,[1],0.2866666666666667,0.31,-0.023333333333333317,750,5579,4
phase_a_gpt,musique,combine_all_immediate_s0,3,reflect,[1],0.3,0.31,-0.010000000000000009,1140,4511,4
phase_a_gpt,musique,combine_all_immediate_s0,4,merge,"[2, 3]",0.2833333333333333,0.3,-0.016666666666666663,1445,9883,4
phase_a_gpt,musique,combine_all_immediate_s0,5,reflect,[2],0.2833333333333333,0.2866666666666667,-0.003333333333333355,1763,6871,4
phase_a_gpt,musique,combine_all_immediate_s0,6,merge,"[3, 5]",0.2866666666666667,0.3,-0.013333333333333308,2068,11175,4
phase_a_gpt,musique,combine_all_immediate_s0,7,reflect,[4],0.29333333333333333,0.2833333333333333,0.010000000000000009,2380,10504,4
phase_a_gpt,musique,combine_all_immediate_s0,8,merge,"[6, 7]",0.30666666666666664,0.29333333333333333,0.013333333333333308,2685,19021,4
phase_a_gpt,musique,combine_all_immediate_s0,9,reflect,[2],0.30666666666666664,0.2866666666666667,0.019999999999999962,3057,8929,4
phase_a_gpt,musique,combine_all_immediate_s0,10,reflect,[6],0.3233333333333333,0.2866666666666667,0.036666666666666625,3455,8440,4
phase_a_gpt,musique,combine_all_immediate_s0,11,reflect,[5],0.55,0.2833333333333333,0.2666666666666667,3826,9462,4
phase_a_gpt,musique,combine_all_immediate_s0,12,merge,"[7, 11]",0.5433333333333333,0.55,-0.00666666666666671,4131,17308,4
phase_a_gpt,musique,combine_all_immediate_s0,13,reflect,[1],0.2866666666666667,0.31,-0.023333333333333317,4464,4966,4
phase_a_gpt,musique,combine_all_immediate_s0,14,merge,"[7, 11]",0.55,0.55,0.0,4769,19870,4
phase_a_gpt,musique,combine_all_immediate_s0,15,reflect,[0],0.27666666666666667,0.27666666666666667,0.0,5153,3335,4
phase_a_gpt,musique,combine_all_immediate_s0,16,merge,"[14, 15]",0.5633333333333334,0.55,0.013333333333333308,5458,22998,4
phase_a_gpt,musique,combine_all_immediate_s0,17,reflect,[16],0.5633333333333334,0.5633333333333334,0.0,5848,22044,4
phase_a_gpt,musique,combine_all_immediate_s0,18,merge,"[11, 15]",0.56,0.55,0.010000000000000009,6153,12590,4
phase_a_gpt,musique,combine_all_immediate_s0,19,reflect,[15],0.31333333333333335,0.27666666666666667,0.03666666666666668,6552,4302,4
phase_a_gpt,musique,combine_all_immediate_s0,20,merge,"[14, 18]",0.55,0.56,-0.010000000000000009,6857,27211,4
phase_a_gpt,musique,combine_all_score_plateau_s0,0,seed,[None],0.31666666666666665,,,0,307,4
phase_a_gpt,musique,combine_all_score_plateau_s0,1,reflect,[0],0.31333333333333335,0.31666666666666665,-0.0033333333333332993,306,3281,4
phase_a_gpt,musique,combine_all_score_plateau_s0,2,reflect,[0],0.3333333333333333,0.31666666666666665,0.016666666666666663,654,2960,4
phase_a_gpt,musique,combine_all_score_plateau_s0,3,reflect,[0],0.34,0.31666666666666665,0.023333333333333373,1128,3095,4
phase_a_gpt,musique,combine_all_score_plateau_s0,4,reflect,[2],0.32,0.3333333333333333,-0.013333333333333308,1470,4504,4
phase_a_gpt,musique,combine_all_score_plateau_s0,5,reflect,[2],0.32,0.3333333333333333,-0.013333333333333308,1818,5633,4
phase_a_gpt,musique,combine_all_score_plateau_s0,6,reflect,[1],0.3233333333333333,0.31333333333333335,0.009999999999999953,2136,5601,4
phase_a_gpt,musique,combine_all_score_plateau_s0,7,reflect,[1],0.30666666666666664,0.31333333333333335,-0.00666666666666671,2459,6040,4
phase_a_gpt,musique,combine_all_score_plateau_s0,8,merge,"[3, 4]",0.31666666666666665,0.34,-0.023333333333333373,2764,7292,4
phase_a_gpt,musique,combine_all_score_plateau_s0,9,reflect,[1],0.32,0.31333333333333335,0.006666666666666654,3202,4226,4
phase_a_gpt,musique,combine_all_score_plateau_s0,10,reflect,[3],0.53,0.34,0.19,3574,5204,4
phase_a_gpt,musique,combine_all_score_plateau_s0,11,reflect,[9],0.31666666666666665,0.32,-0.003333333333333355,4054,7273,4
phase_a_gpt,musique,combine_all_score_plateau_s0,12,reflect,[2],0.55,0.3333333333333333,0.21666666666666673,4492,5323,4
phase_a_gpt,musique,combine_all_score_plateau_s0,13,reflect,[12],0.5533333333333333,0.55,0.0033333333333332993,4801,8888,4
phase_a_gpt,musique,combine_all_score_plateau_s0,14,reflect,[11],0.24666666666666667,0.31666666666666665,-0.06999999999999998,5278,10533,4
phase_a_gpt,musique,combine_all_score_plateau_s0,15,reflect,[11],0.31,0.31666666666666665,-0.006666666666666654,5620,7169,4
phase_a_gpt,musique,combine_all_score_plateau_s0,16,reflect,[12],0.54,0.55,-0.010000000000000009,5941,8107,4
phase_a_gpt,musique,combine_all_score_plateau_s0,17,merge,"[10, 16]",0.56,0.54,0.020000000000000018,6246,13115,4
phase_a_gpt,musique,combine_all_score_plateau_s0,18,reflect,[13],0.54,0.5533333333333333,-0.013333333333333308,6639,9862,4
phase_a_gpt,musique,nomerge_s0,0,seed,[None],0.31666666666666665,,,0,307,4
phase_a_gpt,musique,nomerge_s0,1,reflect,[0],0.31333333333333335,0.31666666666666665,-0.0033333333333332993,306,3281,4
phase_a_gpt,musique,nomerge_s0,2,reflect,[0],0.3333333333333333,0.31666666666666665,0.016666666666666663,654,2960,4
phase_a_gpt,musique,nomerge_s0,3,reflect,[0],0.34,0.31666666666666665,0.023333333333333373,1128,3095,4
phase_a_gpt,musique,nomerge_s0,4,reflect,[2],0.32,0.3333333333333333,-0.013333333333333308,1470,4504,4
phase_a_gpt,musique,nomerge_s0,5,reflect,[2],0.32,0.3333333333333333,-0.013333333333333308,1818,5633,4
phase_a_gpt,musique,nomerge_s0,6,reflect,[1],0.3233333333333333,0.31333333333333335,0.009999999999999953,2136,5601,4
phase_a_gpt,musique,nomerge_s0,7,reflect,[2],0.32,0.3333333333333333,-0.013333333333333308,2562,3705,4
phase_a_gpt,musique,nomerge_s0,8,reflect,[3],0.4166666666666667,0.34,0.07666666666666666,2868,5536,4
phase_a_gpt,musique,nomerge_s0,9,reflect,[8],0.4166666666666667,0.4166666666666667,0.0,3282,6627,4
phase_a_gpt,musique,nomerge_s0,10,reflect,[6],0.32666666666666666,0.3233333333333333,0.003333333333333355,3630,6912,4
phase_a_gpt,musique,nomerge_s0,11,reflect,[8],0.39,0.4166666666666667,-0.026666666666666672,3960,8740,4
phase_a_gpt,musique,nomerge_s0,12,reflect,[3],0.5233333333333333,0.34,0.1833333333333333,4383,5419,4
phase_a_gpt,musique,nomerge_s0,13,reflect,[11],0.38333333333333336,0.39,-0.006666666666666654,4725,11671,4
phase_a_gpt,musique,nomerge_s0,14,reflect,[11],0.4,0.39,0.010000000000000009,5061,9231,4
phase_a_gpt,musique,nomerge_s0,15,reflect,[12],0.5266666666666666,0.5233333333333333,0.0033333333333332993,5421,6275,4
phase_a_gpt,musique,nomerge_s0,16,reflect,[12],0.49333333333333335,0.5233333333333333,-0.02999999999999997,5790,8511,4
phase_a_gpt,musique,nomerge_s0,17,reflect,[14],0.37666666666666665,0.4,-0.023333333333333373,6357,11736,4
phase_a_gpt,musique,nomerge_s0,18,reflect,[5],0.29,0.32,-0.030000000000000027,6669,7037,4
phase_a_gpt,musique,original_budget_proportional_s0,0,seed,[None],0.31666666666666665,,,0,307,4
phase_a_gpt,musique,original_budget_proportional_s0,1,reflect,[0],0.31333333333333335,0.31666666666666665,-0.0033333333333332993,306,3281,4
phase_a_gpt,musique,original_budget_proportional_s0,2,reflect,[0],0.3333333333333333,0.31666666666666665,0.016666666666666663,654,2960,4
phase_a_gpt,musique,original_budget_proportional_s0,3,reflect,[0],0.34,0.31666666666666665,0.023333333333333373,1128,3095,4
phase_a_gpt,musique,original_budget_proportional_s0,4,reflect,[2],0.32,0.3333333333333333,-0.013333333333333308,1470,4504,4
phase_a_gpt,musique,original_budget_proportional_s0,5,reflect,[2],0.32,0.3333333333333333,-0.013333333333333308,1818,5633,4
phase_a_gpt,musique,original_budget_proportional_s0,6,reflect,[1],0.3233333333333333,0.31333333333333335,0.009999999999999953,2136,5601,4
phase_a_gpt,musique,original_budget_proportional_s0,7,reflect,[1],0.30666666666666664,0.31333333333333335,-0.00666666666666671,2459,6040,4
phase_a_gpt,musique,original_budget_proportional_s0,8,merge,"[3, 4]",0.31666666666666665,0.34,-0.023333333333333373,2764,7292,4
phase_a_gpt,musique,original_budget_proportional_s0,9,reflect,[1],0.32,0.31333333333333335,0.006666666666666654,3202,4226,4
phase_a_gpt,musique,original_budget_proportional_s0,10,merge,"[3, 9]",0.30666666666666664,0.34,-0.03333333333333338,3507,7014,4
phase_a_gpt,musique,original_budget_proportional_s0,11,reflect,[4],0.31333333333333335,0.32,-0.006666666666666654,3885,6891,4
phase_a_gpt,musique,original_budget_proportional_s0,12,merge,"[3, 5]",0.32,0.34,-0.020000000000000018,4190,8421,4
phase_a_gpt,musique,original_budget_proportional_s0,13,reflect,[3],0.5533333333333333,0.34,0.21333333333333332,4601,6067,4
phase_a_gpt,musique,original_budget_proportional_s0,14,merge,"[2, 6]",0.3333333333333333,0.3333333333333333,0.0,4906,8254,4
phase_a_gpt,musique,original_budget_proportional_s0,15,reflect,[14],0.31666666666666665,0.3333333333333333,-0.016666666666666663,5275,8663,4
phase_a_gpt,musique,original_budget_proportional_s0,16,merge,"[9, 14]",0.3333333333333333,0.3333333333333333,0.0,5580,8254,4
phase_a_gpt,musique,original_budget_proportional_s0,17,reflect,[9],0.30333333333333334,0.32,-0.016666666666666663,5898,6682,4
phase_a_gpt,musique,original_budget_proportional_s0,18,merge,"[2, 9]",0.31333333333333335,0.3333333333333333,-0.019999999999999962,6203,6879,4
phase_a_gpt,musique,original_budget_proportional_s0,19,reflect,[5],0.28,0.32,-0.03999999999999998,6758,7017,4
phase_a_gpt,musique,original_immediate_s0,0,seed,[None],0.31333333333333335,,,0,307,4
phase_a_gpt,musique,original_immediate_s0,1,reflect,[0],0.3433333333333333,0.31333333333333335,0.02999999999999997,306,3281,4
phase_a_gpt,musique,original_immediate_s0,2,reflect,[0],0.33666666666666667,0.31333333333333335,0.023333333333333317,654,2960,4
phase_a_gpt,musique,original_immediate_s0,3,reflect,[2],0.5466666666666666,0.33666666666666667,0.20999999999999996,1073,4664,4
phase_a_gpt,musique,original_immediate_s0,4,merge,"[1, 3]",0.5466666666666666,0.5466666666666666,0.0,1378,7638,4
phase_a_gpt,musique,original_immediate_s0,5,reflect,[2],0.34,0.33666666666666667,0.003333333333333355,1768,5667,4
phase_a_gpt,musique,original_immediate_s0,6,merge,"[3, 5]",0.5433333333333333,0.5466666666666666,-0.0033333333333332993,2073,7371,4
phase_a_gpt,musique,original_immediate_s0,7,reflect,[4],0.5366666666666666,0.5466666666666666,-0.010000000000000009,2427,8553,4
phase_a_gpt,musique,original_immediate_s0,8,reflect,[4],0.5466666666666666,0.5466666666666666,0.0,2843,8391,4
phase_a_gpt,musique,original_immediate_s0,9,merge,"[4, 6]",0.55,0.5466666666666666,0.0033333333333334103,3148,10345,4
phase_a_gpt,musique,original_immediate_s0,10,reflect,[7],0.5366666666666666,0.5366666666666666,0.0,3556,11559,4
phase_a_gpt,musique,original_immediate_s0,11,merge,"[6, 8]",0.5533333333333333,0.5466666666666666,0.00666666666666671,3861,11098,4
phase_a_gpt,musique,original_immediate_s0,12,reflect,[3],0.5433333333333333,0.5466666666666666,-0.0033333333333332993,4392,5786,4
phase_a_gpt,musique,original_immediate_s0,13,merge,"[9, 12]",0.55,0.55,0.0,4697,10345,4
phase_a_gpt,musique,original_immediate_s0,14,reflect,[10],0.5533333333333333,0.5366666666666666,0.01666666666666672,5105,11428,4
phase_a_gpt,musique,original_immediate_s0,15,merge,"[6, 14]",0.5533333333333333,0.5533333333333333,0.0,5410,11428,4
phase_a_gpt,musique,original_immediate_s0,16,reflect,[11],0.5433333333333333,0.5533333333333333,-0.010000000000000009,5899,11211,4
phase_a_gpt,musique,original_immediate_s0,17,merge,"[10, 12]",0.5566666666666666,0.5433333333333333,0.013333333333333308,6204,12681,4
phase_a_gpt,musique,original_immediate_s0,18,reflect,[13],0.54,0.55,-0.010000000000000009,6516,10643,4
phase_a_gpt,musique,original_immediate_s0,19,merge,"[15, 16]",0.5533333333333333,0.5533333333333333,0.0,6821,11428,4
phase_a_gpt,musique,original_score_plateau_s0,0,seed,[None],0.27666666666666667,,,0,307,4
phase_a_gpt,musique,original_score_plateau_s0,1,reflect,[0],0.31,0.27666666666666667,0.033333333333333326,354,3128,4
phase_a_gpt,musique,original_score_plateau_s0,2,reflect,[1],0.2866666666666667,0.31,-0.023333333333333317,750,5579,4
phase_a_gpt,musique,original_score_plateau_s0,3,reflect,[2],0.2966666666666667,0.2866666666666667,0.010000000000000009,1134,6827,4
phase_a_gpt,musique,original_score_plateau_s0,4,reflect,[0],0.31,0.27666666666666667,0.033333333333333326,1476,3782,4
phase_a_gpt,musique,original_score_plateau_s0,5,merge,"[3, 4]",0.3,0.31,-0.010000000000000009,1781,6233,4
phase_a_gpt,musique,original_score_plateau_s0,6,reflect,[2],0.3,0.2866666666666667,0.013333333333333308,2297,7072,4
phase_a_gpt,musique,original_score_plateau_s0,7,reflect,[0],0.29,0.27666666666666667,0.013333333333333308,2903,2275,4
phase_a_gpt,musique,original_score_plateau_s0,8,reflect,[5],0.29,0.3,-0.010000000000000009,3209,7226,4
phase_a_gpt,musique,original_score_plateau_s0,9,reflect,[7],0.31,0.29,0.020000000000000018,3604,5854,4
phase_a_gpt,musique,original_score_plateau_s0,10,merge,"[7, 8]",0.29,0.29,0.0,3909,7226,4
phase_a_gpt,musique,original_score_plateau_s0,11,reflect,[1],0.5433333333333333,0.31,0.23333333333333334,4227,5339,4
phase_a_gpt,musique,original_score_plateau_s0,12,reflect,[10],0.5566666666666666,0.29,0.26666666666666666,4608,10200,4
phase_a_gpt,musique,original_score_plateau_s0,13,reflect,[7],0.29,0.29,0.0,4962,5664,4
phase_a_gpt,musique,original_score_plateau_s0,14,reflect,[12],0.5633333333333334,0.5566666666666666,0.00666666666666671,5487,10021,4
phase_a_gpt,musique,original_score_plateau_s0,15,reflect,[11],0.5366666666666666,0.5433333333333333,-0.00666666666666671,5811,6957,4
phase_a_gpt,musique,original_score_plateau_s0,16,reflect,[11],0.5466666666666666,0.5433333333333333,0.0033333333333332993,6198,7103,4
phase_a_gpt,musique,original_score_plateau_s0,17,reflect,[12],0.5433333333333333,0.5566666666666666,-0.013333333333333308,6516,12592,4
phase_a_gpt,musique,original_score_plateau_s0,18,merge,"[11, 14]",0.5633333333333334,0.5633333333333334,0.0,6821,10021,4
phase_a_gpt,musique,summarize_before_budget_proportional_s0,0,seed,[None],0.31666666666666665,,,0,307,4
phase_a_gpt,musique,summarize_before_budget_proportional_s0,1,reflect,[0],0.31333333333333335,0.31666666666666665,-0.0033333333333332993,306,3281,4
phase_a_gpt,musique,summarize_before_budget_proportional_s0,2,reflect,[0],0.3333333333333333,0.31666666666666665,0.016666666666666663,654,2960,4
phase_a_gpt,musique,summarize_before_budget_proportional_s0,3,reflect,[0],0.34,0.31666666666666665,0.023333333333333373,1128,3095,4
phase_a_gpt,musique,summarize_before_budget_proportional_s0,4,reflect,[2],0.32,0.3333333333333333,-0.013333333333333308,1470,4504,4
phase_a_gpt,musique,summarize_before_budget_proportional_s0,5,reflect,[2],0.32,0.3333333333333333,-0.013333333333333308,1818,5633,4
phase_a_gpt,musique,summarize_before_budget_proportional_s0,6,reflect,[1],0.3233333333333333,0.31333333333333335,0.009999999999999953,2136,5601,4
phase_a_gpt,musique,summarize_before_budget_proportional_s0,7,reflect,[1],0.30666666666666664,0.31333333333333335,-0.00666666666666671,2459,6040,4
phase_a_gpt,musique,summarize_before_budget_proportional_s0,8,merge,"[3, 4]",0.31666666666666665,0.34,-0.023333333333333373,2764,7292,4
phase_a_gpt,musique,summarize_before_budget_proportional_s0,9,reflect,[1],0.32,0.31333333333333335,0.006666666666666654,3202,4226,4
phase_a_gpt,musique,summarize_before_budget_proportional_s0,10,merge,"[3, 9]",0.30666666666666664,0.34,-0.03333333333333338,3507,7014,4
phase_a_gpt,musique,summarize_before_budget_proportional_s0,11,reflect,[4],0.31333333333333335,0.32,-0.006666666666666654,3885,6891,4
phase_a_gpt,musique,summarize_before_budget_proportional_s0,12,merge,"[3, 5]",0.32,0.34,-0.020000000000000018,4190,8421,4
phase_a_gpt,musique,summarize_before_budget_proportional_s0,13,reflect,[3],0.5533333333333333,0.34,0.21333333333333332,4601,6067,4
phase_a_gpt,musique,summarize_before_budget_proportional_s0,14,merge,"[2, 6]",0.3333333333333333,0.3333333333333333,0.0,4906,8254,4
phase_a_gpt,musique,summarize_before_budget_proportional_s0,15,reflect,[14],0.31666666666666665,0.3333333333333333,-0.016666666666666663,5275,8663,4
phase_a_gpt,musique,summarize_before_budget_proportional_s0,16,reflect,[14],0.30666666666666664,0.3333333333333333,-0.026666666666666672,5733,8447,4
phase_a_gpt,musique,summarize_before_budget_proportional_s0,17,merge,"[9, 14]",0.32666666666666666,0.3333333333333333,-0.006666666666666654,6038,9199,4
phase_a_gpt,musique,summarize_before_budget_proportional_s0,18,reflect,[17],0.31333333333333335,0.32666666666666666,-0.013333333333333308,6452,10260,4
phase_a_gpt,musique,summarize_before_budget_proportional_s0,19,merge,"[5, 13]",0.54,0.5533333333333333,-0.013333333333333308,6757,11393,4
phase_a_gpt,musique,summarize_before_immediate_s0,0,seed,[None],0.31666666666666665,,,0,307,4
phase_a_gpt,musique,summarize_before_immediate_s0,1,reflect,[0],0.31333333333333335,0.31666666666666665,-0.0033333333333332993,306,3281,4
phase_a_gpt,musique,summarize_before_immediate_s0,2,reflect,[0],0.3333333333333333,0.31666666666666665,0.016666666666666663,654,2960,4
phase_a_gpt,musique,summarize_before_immediate_s0,3,reflect,[0],0.3333333333333333,0.31666666666666665,0.016666666666666663,1077,2360,4
phase_a_gpt,musique,summarize_before_immediate_s0,4,reflect,[1],0.5466666666666666,0.31333333333333335,0.23333333333333328,1424,5949,4
phase_a_gpt,musique,summarize_before_immediate_s0,5,merge,"[2, 4]",0.54,0.5466666666666666,-0.006666666666666599,1729,8602,4
phase_a_gpt,musique,summarize_before_immediate_s0,6,reflect,[5],0.5366666666666666,0.54,-0.0033333333333334103,2059,10682,4
phase_a_gpt,musique,summarize_before_immediate_s0,7,reflect,[4],0.5166666666666667,0.5466666666666666,-0.029999999999999916,2410,6119,4
phase_a_gpt,musique,summarize_before_immediate_s0,8,merge,"[2, 7]",0.53,0.5166666666666667,0.013333333333333308,2715,8772,4
phase_a_gpt,musique,summarize_before_immediate_s0,9,reflect,[7],0.5033333333333333,0.5166666666666667,-0.01333333333333342,3150,6216,4
phase_a_gpt,musique,summarize_before_immediate_s0,10,merge,"[6, 8]",0.54,0.5366666666666666,0.0033333333333334103,3455,10297,4
phase_a_gpt,musique,summarize_before_immediate_s0,11,reflect,[10],0.52,0.54,-0.020000000000000018,3767,11235,4
phase_a_gpt,musique,summarize_before_immediate_s0,12,merge,"[3, 5]",0.54,0.54,0.0,4072,10655,4
phase_a_gpt,musique,summarize_before_immediate_s0,13,reflect,[8],0.5133333333333333,0.53,-0.01666666666666672,4507,9447,4
phase_a_gpt,musique,summarize_before_immediate_s0,14,merge,"[8, 12]",0.5333333333333333,0.54,-0.00666666666666671,4812,10825,4
phase_a_gpt,musique,summarize_before_immediate_s0,15,reflect,[13],0.5133333333333333,0.5133333333333333,0.0,5124,12290,4
phase_a_gpt,musique,summarize_before_immediate_s0,16,merge,"[9, 14]",0.5233333333333333,0.5333333333333333,-0.010000000000000009,5429,9670,4
phase_a_gpt,musique,summarize_before_immediate_s0,17,reflect,[3],0.3233333333333333,0.3333333333333333,-0.010000000000000009,5804,5638,4
phase_a_gpt,musique,summarize_before_immediate_s0,18,merge,"[12, 15]",0.52,0.54,-0.020000000000000018,6109,10767,4
phase_a_gpt,musique,summarize_before_immediate_s0,19,reflect,[12],0.5466666666666666,0.54,0.006666666666666599,6490,10958,4
phase_a_gpt,musique,summarize_before_immediate_s0,20,merge,"[16, 19]",0.5333333333333333,0.5466666666666666,-0.013333333333333308,6795,9395,4
phase_a_gpt,musique,summarize_before_score_plateau_s0,0,seed,[None],0.31666666666666665,,,0,307,4
phase_a_gpt,musique,summarize_before_score_plateau_s0,1,reflect,[0],0.31333333333333335,0.31666666666666665,-0.0033333333333332993,306,3281,4
phase_a_gpt,musique,summarize_before_score_plateau_s0,2,reflect,[0],0.3333333333333333,0.31666666666666665,0.016666666666666663,654,2960,4
phase_a_gpt,musique,summarize_before_score_plateau_s0,3,reflect,[0],0.34,0.31666666666666665,0.023333333333333373,1128,3095,4
phase_a_gpt,musique,summarize_before_score_plateau_s0,4,reflect,[2],0.32,0.3333333333333333,-0.013333333333333308,1470,4504,4
phase_a_gpt,musique,summarize_before_score_plateau_s0,5,reflect,[2],0.32,0.3333333333333333,-0.013333333333333308,1818,5633,4
phase_a_gpt,musique,summarize_before_score_plateau_s0,6,reflect,[1],0.3233333333333333,0.31333333333333335,0.009999999999999953,2136,5601,4
phase_a_gpt,musique,summarize_before_score_plateau_s0,7,reflect,[1],0.30666666666666664,0.31333333333333335,-0.00666666666666671,2459,6040,4
phase_a_gpt,musique,summarize_before_score_plateau_s0,8,merge,"[3, 4]",0.31666666666666665,0.34,-0.023333333333333373,2764,7292,4
phase_a_gpt,musique,summarize_before_score_plateau_s0,9,reflect,[1],0.32,0.31333333333333335,0.006666666666666654,3202,4226,4
phase_a_gpt,musique,summarize_before_score_plateau_s0,10,reflect,[3],0.53,0.34,0.19,3574,5204,4
phase_a_gpt,musique,summarize_before_score_plateau_s0,11,reflect,[9],0.31666666666666665,0.32,-0.003333333333333355,4054,7273,4
phase_a_gpt,musique,summarize_before_score_plateau_s0,12,reflect,[2],0.55,0.3333333333333333,0.21666666666666673,4492,5323,4
phase_a_gpt,musique,summarize_before_score_plateau_s0,13,reflect,[12],0.5266666666666666,0.55,-0.023333333333333428,4801,8888,4
phase_a_gpt,musique,summarize_before_score_plateau_s0,14,reflect,[6],0.31333333333333335,0.3233333333333333,-0.009999999999999953,5197,6331,4
phase_a_gpt,musique,summarize_before_score_plateau_s0,15,reflect,[13],0.53,0.5266666666666666,0.0033333333333334103,5548,11596,4
phase_a_gpt,musique,summarize_before_score_plateau_s0,16,reflect,[6],0.31666666666666665,0.3233333333333333,-0.006666666666666654,6216,8457,4
phase_a_gpt,musique,summarize_before_score_plateau_s0,17,merge,"[6, 15]",0.5433333333333333,0.53,0.013333333333333308,6521,8200,4
phase_a_gpt,2wiki,combine_all_budget_proportional_s0,0,seed,[None],0.22,,,0,307,4
phase_a_gpt,2wiki,combine_all_budget_proportional_s0,1,reflect,[0],0.20333333333333334,0.22,-0.016666666666666663,342,2568,4
phase_a_gpt,2wiki,combine_all_budget_proportional_s0,2,reflect,[0],0.21333333333333335,0.22,-0.006666666666666654,666,2978,4
phase_a_gpt,2wiki,combine_all_budget_proportional_s0,3,reflect,[2],0.46,0.21333333333333335,0.24666666666666667,996,5379,4
phase_a_gpt,2wiki,combine_all_budget_proportional_s0,4,reflect,[0],0.20666666666666667,0.22,-0.013333333333333336,1353,2724,4
phase_a_gpt,2wiki,combine_all_budget_proportional_s0,5,reflect,[3],0.47333333333333333,0.46,0.013333333333333308,1659,6200,4
phase_a_gpt,2wiki,combine_all_budget_proportional_s0,6,reflect,[3],0.71,0.46,0.24999999999999994,2004,6492,4
phase_a_gpt,2wiki,combine_all_budget_proportional_s0,7,reflect,[3],0.48,0.46,0.019999999999999962,2316,7536,4
phase_a_gpt,2wiki,combine_all_budget_proportional_s0,8,merge,"[6, 7]",0.7133333333333334,0.71,0.0033333333333334103,2621,8649,4
phase_a_gpt,2wiki,combine_all_budget_proportional_s0,9,reflect,[3],0.46,0.46,0.0,2957,5834,4
phase_a_gpt,2wiki,combine_all_budget_proportional_s0,10,reflect,[3],0.47,0.46,0.009999999999999953,3340,8232,4
phase_a_gpt,2wiki,combine_all_budget_proportional_s0,11,merge,"[6, 7]",0.5266666666666666,0.71,-0.18333333333333335,3645,11161,4
phase_a_gpt,2wiki,combine_all_budget_proportional_s0,12,reflect,[11],0.5,0.5266666666666666,-0.026666666666666616,3963,13756,4
phase_a_gpt,2wiki,combine_all_budget_proportional_s0,13,merge,"[8, 10]",0.7366666666666667,0.7133333333333334,0.023333333333333317,4268,11602,4
phase_a_gpt,2wiki,combine_all_budget_proportional_s0,14,reflect,[6],0.72,0.71,0.010000000000000009,4574,6751,4
phase_a_gpt,2wiki,combine_all_budget_proportional_s0,15,reflect,[10],0.48333333333333334,0.47,0.013333333333333364,4885,8455,4
phase_a_gpt,2wiki,combine_all_budget_proportional_s0,16,reflect,[13],0.72,0.7366666666666667,-0.01666666666666672,5217,9746,4
phase_a_gpt,2wiki,combine_all_budget_proportional_s0,17,merge,"[11, 15]",0.53,0.5266666666666666,0.0033333333333334103,5522,16849,4
phase_a_gpt,2wiki,combine_all_budget_proportional_s0,18,reflect,[15],0.4766666666666667,0.48333333333333334,-0.006666666666666654,6044,8924,4
phase_a_gpt,2wiki,combine_all_budget_proportional_s0,19,merge,"[13, 15]",0.74,0.7366666666666667,0.0033333333333332993,6349,11825,4
phase_a_gpt,2wiki,combine_all_budget_proportional_s0,20,reflect,[11],0.5,0.5266666666666666,-0.026666666666666616,6676,13676,4
phase_a_gpt,2wiki,combine_all_immediate_s0,0,seed,[None],0.21666666666666667,,,0,307,4
phase_a_gpt,2wiki,combine_all_immediate_s0,1,reflect,[0],0.21,0.21666666666666667,-0.006666666666666682,366,3216,4
phase_a_gpt,2wiki,combine_all_immediate_s0,2,reflect,[0],0.46,0.21666666666666667,0.24333333333333335,876,2250,4
phase_a_gpt,2wiki,combine_all_immediate_s0,3,reflect,[2],0.6833333333333333,0.46,0.22333333333333333,1302,2257,4
phase_a_gpt,2wiki,combine_all_immediate_s0,4,reflect,[3],0.6866666666666666,0.6833333333333333,0.0033333333333332993,1674,4629,4
phase_a_gpt,2wiki,combine_all_immediate_s0,5,reflect,[2],0.45,0.46,-0.010000000000000009,2046,5128,4
phase_a_gpt,2wiki,combine_all_immediate_s0,6,merge,"[4, 5]",0.6933333333333334,0.6866666666666666,0.00666666666666671,2351,9561,4
phase_a_gpt,2wiki,combine_all_immediate_s0,7,reflect,[4],0.7466666666666667,0.6866666666666666,0.06000000000000005,2816,5064,4
phase_a_gpt,2wiki,combine_all_immediate_s0,8,merge,"[6, 7]",0.8033333333333333,0.7466666666666667,0.05666666666666664,3121,12057,4
phase_a_gpt,2wiki,combine_all_immediate_s0,9,reflect,[4],0.66,0.6866666666666666,-0.026666666666666616,3439,6683,4
phase_a_gpt,2wiki,combine_all_immediate_s0,10,merge,"[8, 9]",0.7966666666666666,0.8033333333333333,-0.00666666666666671,3744,16172,4
phase_a_gpt,2wiki,combine_all_immediate_s0,11,reflect,[4],0.6766666666666666,0.6866666666666666,-0.010000000000000009,4053,5533,4
phase_a_gpt,2wiki,combine_all_immediate_s0,12,reflect,[10],0.8033333333333333,0.7966666666666666,0.00666666666666671,4383,16058,4
phase_a_gpt,2wiki,combine_all_immediate_s0,13,reflect,[8],0.79,0.8033333333333333,-0.013333333333333308,4761,14958,4
phase_a_gpt,2wiki,combine_all_immediate_s0,14,reflect,[13],0.8033333333333333,0.79,0.013333333333333308,5214,15192,4
phase_a_gpt,2wiki,combine_all_immediate_s0,15,reflect,[13],0.8066666666666666,0.79,0.016666666666666607,5520,15989,4
phase_a_gpt,2wiki,combine_all_immediate_s0,16,merge,"[14, 15]",0.8033333333333333,0.8066666666666666,-0.0033333333333332993,5825,19224,4
phase_a_gpt,2wiki,combine_all_immediate_s0,17,reflect,[15],0.7933333333333333,0.8066666666666666,-0.013333333333333308,6365,16197,4
phase_a_gpt,2wiki,combine_all_immediate_s0,18,merge,"[14, 15]",0.8066666666666666,0.8066666666666666,0.0,6670,16223,4
phase_a_gpt,2wiki,combine_all_score_plateau_s0,0,seed,[None],0.22333333333333333,,,0,307,4
phase_a_gpt,2wiki,combine_all_score_plateau_s0,1,reflect,[0],0.4166666666666667,0.22333333333333333,0.19333333333333336,324,2946,4
phase_a_gpt,2wiki,combine_all_score_plateau_s0,2,reflect,[0],0.20333333333333334,0.22333333333333333,-0.01999999999999999,642,2568,4
phase_a_gpt,2wiki,combine_all_score_plateau_s0,3,reflect,[0],0.59,0.22333333333333333,0.36666666666666664,1074,2258,4
phase_a_gpt,2wiki,combine_all_score_plateau_s0,4,reflect,[1],0.4033333333333333,0.4166666666666667,-0.013333333333333364,1419,5103,4
phase_a_gpt,2wiki,combine_all_score_plateau_s0,5,reflect,[3],0.8,0.59,0.21000000000000008,1944,3560,4
phase_a_gpt,2wiki,combine_all_score_plateau_s0,6,reflect,[4],0.41,0.4033333333333333,0.006666666666666654,2250,5645,4
phase_a_gpt,2wiki,combine_all_score_plateau_s0,7,reflect,[4],0.5166666666666667,0.4033333333333333,0.1133333333333334,2619,5010,4
phase_a_gpt,2wiki,combine_all_score_plateau_s0,8,reflect,[5],0.8,0.8,0.0,2955,4591,4
phase_a_gpt,2wiki,combine_all_score_plateau_s0,9,merge,"[7, 8]",0.8066666666666666,0.8,0.006666666666666599,3260,9405,4
phase_a_gpt,2wiki,combine_all_score_plateau_s0,10,reflect,[8],0.8066666666666666,0.8,0.006666666666666599,3833,6417,4
phase_a_gpt,2wiki,combine_all_score_plateau_s0,11,reflect,[10],0.8,0.8066666666666666,-0.006666666666666599,4235,9693,4
phase_a_gpt,2wiki,combine_all_score_plateau_s0,12,reflect,[11],0.81,0.8,0.010000000000000009,4856,12676,4
phase_a_gpt,2wiki,combine_all_score_plateau_s0,13,reflect,[12],0.8,0.81,-0.010000000000000009,5519,12667,4
phase_a_gpt,2wiki,nomerge_s0,0,seed,[None],0.22,,,0,307,4
phase_a_gpt,2wiki,nomerge_s0,1,reflect,[0],0.35333333333333333,0.22,0.13333333333333333,324,2306,4
phase_a_gpt,2wiki,nomerge_s0,2,reflect,[1],0.33,0.35333333333333333,-0.023333333333333317,642,4567,4
phase_a_gpt,2wiki,nomerge_s0,3,reflect,[1],0.36666666666666664,0.35333333333333333,0.013333333333333308,1035,3140,4
phase_a_gpt,2wiki,nomerge_s0,4,reflect,[1],0.3333333333333333,0.35333333333333333,-0.020000000000000018,1341,4838,4
phase_a_gpt,2wiki,nomerge_s0,5,reflect,[3],0.38,0.36666666666666664,0.013333333333333364,1815,5598,4
phase_a_gpt,2wiki,nomerge_s0,6,reflect,[1],0.35333333333333333,0.35333333333333333,0.0,2133,4472,4
phase_a_gpt,2wiki,nomerge_s0,7,reflect,[5],0.8,0.38,0.42000000000000004,2598,6139,4
phase_a_gpt,2wiki,nomerge_s0,8,reflect,[6],0.7066666666666667,0.35333333333333333,0.35333333333333333,2925,4875,4
phase_a_gpt,2wiki,nomerge_s0,9,reflect,[8],0.6733333333333333,0.7066666666666667,-0.033333333333333326,3249,5622,4
phase_a_gpt,2wiki,nomerge_s0,10,reflect,[7],0.8066666666666666,0.8,0.006666666666666599,3639,5705,4
phase_a_gpt,2wiki,nomerge_s0,11,reflect,[8],0.6566666666666666,0.7066666666666667,-0.050000000000000044,3963,5235,4
phase_a_gpt,2wiki,nomerge_s0,12,reflect,[8],0.6966666666666667,0.7066666666666667,-0.010000000000000009,4557,4697,4
phase_a_gpt,2wiki,nomerge_s0,13,reflect,[8],0.7033333333333334,0.7066666666666667,-0.0033333333333332993,4956,7224,4
phase_a_gpt,2wiki,nomerge_s0,14,reflect,[12],0.69,0.6966666666666667,-0.00666666666666671,5283,7145,4
phase_a_gpt,2wiki,nomerge_s0,15,reflect,[12],0.6833333333333333,0.6966666666666667,-0.013333333333333308,5643,7336,4
phase_a_gpt,2wiki,nomerge_s0,16,reflect,[13],0.7066666666666667,0.7033333333333334,0.0033333333333332993,5955,8414,4
phase_a_gpt,2wiki,nomerge_s0,17,reflect,[13],0.6566666666666666,0.7033333333333334,-0.046666666666666745,6285,8046,4
phase_a_gpt,2wiki,nomerge_s0,18,reflect,[13],0.7033333333333334,0.7033333333333334,0.0,6612,9416,4
phase_a_gpt,2wiki,original_budget_proportional_s0,0,seed,[None],0.21666666666666667,,,0,307,4
phase_a_gpt,2wiki,original_budget_proportional_s0,1,reflect,[0],0.18666666666666668,0.21666666666666667,-0.03,402,2888,4
phase_a_gpt,2wiki,original_budget_proportional_s0,2,reflect,[1],0.7566666666666667,0.18666666666666668,0.5700000000000001,792,5481,4
phase_a_gpt,2wiki,original_budget_proportional_s0,3,reflect,[2],0.76,0.7566666666666667,0.0033333333333332993,1098,6411,4
phase_a_gpt,2wiki,original_budget_proportional_s0,4,reflect,[2],0.77,0.7566666666666667,0.013333333333333308,1446,5710,4
phase_a_gpt,2wiki,original_budget_proportional_s0,5,reflect,[4],0.8133333333333334,0.77,0.043333333333333335,1854,6195,4
phase_a_gpt,2wiki,original_budget_proportional_s0,6,reflect,[3],0.75,0.76,-0.010000000000000009,2376,6460,4
phase_a_gpt,2wiki,original_budget_proportional_s0,7,reflect,[6],0.7666666666666667,0.75,0.01666666666666672,2733,6392,4
phase_a_gpt,2wiki,original_budget_proportional_s0,8,merge,"[5, 7]",0.8133333333333334,0.8133333333333334,0.0,3038,6195,4
phase_a_gpt,2wiki,original_budget_proportional_s0,9,reflect,[7],0.7733333333333333,0.7666666666666667,0.006666666666666599,3395,8728,4
phase_a_gpt,2wiki,original_budget_proportional_s0,10,merge,"[8, 9]",0.8166666666666667,0.8133333333333334,0.0033333333333332993,3700,8531,4
phase_a_gpt,2wiki,original_budget_proportional_s0,11,reflect,[10],0.8133333333333334,0.8166666666666667,-0.0033333333333332993,4027,9616,4
phase_a_gpt,2wiki,original_budget_proportional_s0,12,reflect,[9],0.81,0.7733333333333333,0.036666666666666736,4378,9205,4
phase_a_gpt,2wiki,original_budget_proportional_s0,13,merge,"[10, 12]",0.8166666666666667,0.8166666666666667,0.0,4683,8531,4
phase_a_gpt,2wiki,original_budget_proportional_s0,14,reflect,[13],0.8033333333333333,0.8166666666666667,-0.013333333333333308,5055,8954,4
phase_a_gpt,2wiki,original_budget_proportional_s0,15,reflect,[13],0.8166666666666667,0.8166666666666667,0.0,5814,9734,4
phase_a_gpt,2wiki,original_budget_proportional_s0,16,reflect,[12],0.81,0.81,0.0,6129,11754,4
phase_a_gpt,2wiki,original_immediate_s0,0,seed,[None],0.22333333333333333,,,0,307,4
phase_a_gpt,2wiki,original_immediate_s0,1,reflect,[0],0.3433333333333333,0.22333333333333333,0.12,324,2017,4
phase_a_gpt,2wiki,original_immediate_s0,2,reflect,[0],0.21333333333333335,0.22333333333333333,-0.009999999999999981,642,2568,4
phase_a_gpt,2wiki,original_immediate_s0,3,reflect,[1],0.7466666666666667,0.3433333333333333,0.4033333333333334,981,2781,4
phase_a_gpt,2wiki,original_immediate_s0,4,reflect,[3],0.74,0.7466666666666667,-0.00666666666666671,1398,5400,4
phase_a_gpt,2wiki,original_immediate_s0,5,reflect,[3],0.7533333333333333,0.7466666666666667,0.006666666666666599,1725,5286,4
phase_a_gpt,2wiki,original_immediate_s0,6,merge,"[4, 5]",0.7233333333333334,0.7533333333333333,-0.029999999999999916,2030,7905,4
phase_a_gpt,2wiki,original_immediate_s0,7,reflect,[5],0.79,0.7533333333333333,0.036666666666666736,2399,5194,4
phase_a_gpt,2wiki,original_immediate_s0,8,merge,"[4, 7]",0.79,0.79,0.0,2704,7813,4
phase_a_gpt,2wiki,original_immediate_s0,9,reflect,[3],0.7733333333333333,0.7466666666666667,0.026666666666666616,3010,2736,4
phase_a_gpt,2wiki,original_immediate_s0,10,merge,"[8, 9]",0.79,0.79,0.0,3315,7813,4
phase_a_gpt,2wiki,original_immediate_s0,11,reflect,[5],0.71,0.7533333333333333,-0.043333333333333335,3642,7388,4
phase_a_gpt,2wiki,original_immediate_s0,12,merge,"[10, 11]",0.8033333333333333,0.79,0.013333333333333308,3947,9915,4
phase_a_gpt,2wiki,original_immediate_s0,13,reflect,[12],0.7933333333333333,0.8033333333333333,-0.010000000000000009,4286,10342,4
phase_a_gpt,2wiki,original_immediate_s0,14,reflect,[12],0.78,0.8033333333333333,-0.023333333333333317,4703,10814,4
phase_a_gpt,2wiki,original_immediate_s0,15,merge,"[13, 14]",0.7933333333333333,0.7933333333333333,0.0,5008,11241,4
phase_a_gpt,2wiki,original_immediate_s0,16,reflect,[12],0.7833333333333333,0.8033333333333333,-0.020000000000000018,5452,11316,4
phase_a_gpt,2wiki,original_immediate_s0,17,reflect,[15],0.8066666666666666,0.7933333333333333,0.013333333333333308,5914,14273,4
phase_a_gpt,2wiki,original_immediate_s0,18,reflect,[10],0.7666666666666667,0.79,-0.023333333333333317,6241,8833,4
phase_a_gpt,2wiki,original_immediate_s0,19,reflect,[10],0.7933333333333333,0.79,0.0033333333333332993,6577,9925,4
phase_a_gpt,2wiki,original_score_plateau_s0,0,seed,[None],0.22,,,0,307,4
phase_a_gpt,2wiki,original_score_plateau_s0,1,reflect,[0],0.35333333333333333,0.22,0.13333333333333333,324,2306,4
phase_a_gpt,2wiki,original_score_plateau_s0,2,reflect,[1],0.33,0.35333333333333333,-0.023333333333333317,642,4567,4
phase_a_gpt,2wiki,original_score_plateau_s0,3,reflect,[1],0.36666666666666664,0.35333333333333333,0.013333333333333308,1035,3140,4
phase_a_gpt,2wiki,original_score_plateau_s0,4,reflect,[1],0.3333333333333333,0.35333333333333333,-0.020000000000000018,1341,4838,4
phase_a_gpt,2wiki,original_score_plateau_s0,5,reflect,[4],0.45666666666666667,0.3333333333333333,0.12333333333333335,1911,5551,4
phase_a_gpt,2wiki,original_score_plateau_s0,6,reflect,[3],0.38333333333333336,0.36666666666666664,0.01666666666666672,2232,5208,4
phase_a_gpt,2wiki,original_score_plateau_s0,7,reflect,[1],0.3433333333333333,0.35333333333333333,-0.010000000000000009,2538,4628,4
phase_a_gpt,2wiki,original_score_plateau_s0,8,reflect,[3],0.3933333333333333,0.36666666666666664,0.026666666666666672,2874,5345,4
phase_a_gpt,2wiki,original_score_plateau_s0,9,merge,"[3, 5]",0.45666666666666667,0.45666666666666667,0.0,3179,5551,4
phase_a_gpt,2wiki,original_score_plateau_s0,10,reflect,[6],0.37333333333333335,0.38333333333333336,-0.010000000000000009,3530,8192,4
phase_a_gpt,2wiki,original_score_plateau_s0,11,reflect,[9],0.47,0.45666666666666667,0.013333333333333308,3869,8713,4
phase_a_gpt,2wiki,original_score_plateau_s0,12,reflect,[9],0.44666666666666666,0.45666666666666667,-0.010000000000000009,4187,6648,4
phase_a_gpt,2wiki,original_score_plateau_s0,13,reflect,[8],0.37333333333333335,0.3933333333333333,-0.019999999999999962,4550,8146,4
phase_a_gpt,2wiki,original_score_plateau_s0,14,reflect,[12],0.45,0.44666666666666666,0.003333333333333355,5033,8603,4
phase_a_gpt,2wiki,original_score_plateau_s0,15,merge,"[8, 14]",0.45,0.45,0.0,5338,8603,4
phase_a_gpt,2wiki,original_score_plateau_s0,16,reflect,[11],0.45666666666666667,0.47,-0.013333333333333308,5944,9995,4
phase_a_gpt,2wiki,original_score_plateau_s0,17,reflect,[15],0.41333333333333333,0.45,-0.03666666666666668,6304,9180,4
phase_a_gpt,2wiki,original_score_plateau_s0,18,reflect,[9],0.47333333333333333,0.45666666666666667,0.016666666666666663,6634,6318,4
phase_a_gpt,2wiki,summarize_before_budget_proportional_s0,0,seed,[None],0.22,,,0,307,4
phase_a_gpt,2wiki,summarize_before_budget_proportional_s0,1,reflect,[0],0.35333333333333333,0.22,0.13333333333333333,324,2306,4
phase_a_gpt,2wiki,summarize_before_budget_proportional_s0,2,reflect,[1],0.33,0.35333333333333333,-0.023333333333333317,642,4567,4
phase_a_gpt,2wiki,summarize_before_budget_proportional_s0,3,reflect,[1],0.36666666666666664,0.35333333333333333,0.013333333333333308,1035,3140,4
phase_a_gpt,2wiki,summarize_before_budget_proportional_s0,4,reflect,[1],0.3333333333333333,0.35333333333333333,-0.020000000000000018,1341,4838,4
phase_a_gpt,2wiki,summarize_before_budget_proportional_s0,5,reflect,[4],0.45666666666666667,0.3333333333333333,0.12333333333333335,1911,5551,4
phase_a_gpt,2wiki,summarize_before_budget_proportional_s0,6,reflect,[3],0.38333333333333336,0.36666666666666664,0.01666666666666672,2232,5208,4
phase_a_gpt,2wiki,summarize_before_budget_proportional_s0,7,reflect,[3],0.7,0.36666666666666664,0.3333333333333333,2612,3766,4
phase_a_gpt,2wiki,summarize_before_budget_proportional_s0,8,reflect,[5],0.56,0.45666666666666667,0.10333333333333339,2956,5945,4
phase_a_gpt,2wiki,summarize_before_budget_proportional_s0,9,reflect,[7],0.7833333333333333,0.7,0.08333333333333337,3312,3828,4
phase_a_gpt,2wiki,summarize_before_budget_proportional_s0,10,merge,"[8, 9]",0.8,0.7833333333333333,0.01666666666666672,3617,5122,4
phase_a_gpt,2wiki,summarize_before_budget_proportional_s0,11,reflect,[10],0.81,0.8,0.010000000000000009,4130,6878,4
phase_a_gpt,2wiki,summarize_before_budget_proportional_s0,12,reflect,[10],0.8033333333333333,0.8,0.0033333333333332993,4691,5913,4
phase_a_gpt,2wiki,summarize_before_budget_proportional_s0,13,merge,"[11, 12]",0.8,0.81,-0.010000000000000009,4996,6637,4
phase_a_gpt,2wiki,summarize_before_budget_proportional_s0,14,reflect,[12],0.8066666666666666,0.8033333333333333,0.0033333333333332993,5365,8593,4
phase_a_gpt,2wiki,summarize_before_budget_proportional_s0,15,reflect,[14],0.81,0.8066666666666666,0.0033333333333334103,6651,9686,4
phase_a_gpt,2wiki,summarize_before_immediate_s0,0,seed,[None],0.22,,,0,307,4
phase_a_gpt,2wiki,summarize_before_immediate_s0,1,reflect,[0],0.35333333333333333,0.22,0.13333333333333333,324,2306,4
phase_a_gpt,2wiki,summarize_before_immediate_s0,2,reflect,[1],0.33,0.35333333333333333,-0.023333333333333317,642,4567,4
phase_a_gpt,2wiki,summarize_before_immediate_s0,3,reflect,[1],0.36666666666666664,0.35333333333333333,0.013333333333333308,1035,3140,4
phase_a_gpt,2wiki,summarize_before_immediate_s0,4,reflect,[2],0.3233333333333333,0.33,-0.00666666666666671,1352,6716,4
phase_a_gpt,2wiki,summarize_before_immediate_s0,5,reflect,[3],0.7133333333333334,0.36666666666666664,0.34666666666666673,1832,2928,4
phase_a_gpt,2wiki,summarize_before_immediate_s0,6,reflect,[5],0.74,0.7133333333333334,0.026666666666666616,2246,6590,4
phase_a_gpt,2wiki,summarize_before_immediate_s0,7,reflect,[6],0.73,0.74,-0.010000000000000009,2615,8663,4
phase_a_gpt,2wiki,summarize_before_immediate_s0,8,reflect,[7],0.72,0.73,-0.010000000000000009,2921,11014,4
phase_a_gpt,2wiki,summarize_before_immediate_s0,9,reflect,[5],0.7133333333333334,0.7133333333333334,0.0,3257,4516,4
phase_a_gpt,2wiki,summarize_before_immediate_s0,10,reflect,[6],0.7866666666666666,0.74,0.046666666666666634,3626,6938,4
phase_a_gpt,2wiki,summarize_before_immediate_s0,11,reflect,[5],0.71,0.7133333333333334,-0.0033333333333334103,4013,4710,4
phase_a_gpt,2wiki,summarize_before_immediate_s0,12,merge,"[10, 11]",0.7866666666666666,0.7866666666666666,0.0,4318,8534,4
phase_a_gpt,2wiki,summarize_before_immediate_s0,13,reflect,[10],0.8,0.7866666666666666,0.01333333333333342,4636,6886,4
phase_a_gpt,2wiki,summarize_before_immediate_s0,14,merge,"[11, 13]",0.6966666666666667,0.8,-0.10333333333333339,4941,8006,4
phase_a_gpt,2wiki,summarize_before_immediate_s0,15,reflect,[11],0.73,0.71,0.020000000000000018,5400,5921,4
phase_a_gpt,2wiki,summarize_before_immediate_s0,16,reflect,[11],0.75,0.71,0.040000000000000036,5721,6685,4
phase_a_gpt,2wiki,summarize_before_immediate_s0,17,merge,"[13, 16]",0.8066666666666666,0.8,0.006666666666666599,6026,10327,4
phase_a_gpt,2wiki,summarize_before_immediate_s0,18,reflect,[16],0.81,0.75,0.06000000000000005,6392,6532,4
phase_a_gpt,2wiki,summarize_before_immediate_s0,19,reflect,[16],0.6466666666666666,0.75,-0.10333333333333339,6791,6437,4
phase_a_gpt,2wiki,summarize_before_score_plateau_s0,0,seed,[None],0.22,,,0,307,4
phase_a_gpt,2wiki,summarize_before_score_plateau_s0,1,reflect,[0],0.35333333333333333,0.22,0.13333333333333333,324,2306,4
phase_a_gpt,2wiki,summarize_before_score_plateau_s0,2,reflect,[1],0.33,0.35333333333333333,-0.023333333333333317,642,4567,4
phase_a_gpt,2wiki,summarize_before_score_plateau_s0,3,reflect,[1],0.36666666666666664,0.35333333333333333,0.013333333333333308,1035,3140,4
phase_a_gpt,2wiki,summarize_before_score_plateau_s0,4,reflect,[1],0.3333333333333333,0.35333333333333333,-0.020000000000000018,1341,4838,4
phase_a_gpt,2wiki,summarize_before_score_plateau_s0,5,reflect,[4],0.45666666666666667,0.3333333333333333,0.12333333333333335,1911,5551,4
phase_a_gpt,2wiki,summarize_before_score_plateau_s0,6,reflect,[3],0.38333333333333336,0.36666666666666664,0.01666666666666672,2232,5208,4
phase_a_gpt,2wiki,summarize_before_score_plateau_s0,7,reflect,[1],0.3433333333333333,0.35333333333333333,-0.010000000000000009,2538,4628,4
phase_a_gpt,2wiki,summarize_before_score_plateau_s0,8,reflect,[3],0.3933333333333333,0.36666666666666664,0.026666666666666672,2874,5345,4
phase_a_gpt,2wiki,summarize_before_score_plateau_s0,9,reflect,[5],0.46,0.45666666666666667,0.003333333333333355,3251,8657,4
phase_a_gpt,2wiki,summarize_before_score_plateau_s0,10,reflect,[5],0.45,0.45666666666666667,-0.006666666666666654,3634,6782,4
phase_a_gpt,2wiki,summarize_before_score_plateau_s0,11,reflect,[9],0.4633333333333333,0.46,0.0033333333333332993,4023,10201,4
phase_a_gpt,2wiki,summarize_before_score_plateau_s0,12,reflect,[11],0.4766666666666667,0.4633333333333333,0.013333333333333364,4541,10451,4
phase_a_gpt,2wiki,summarize_before_score_plateau_s0,13,reflect,[10],0.48333333333333334,0.45,0.033333333333333326,4894,7356,4
phase_a_gpt,2wiki,summarize_before_score_plateau_s0,14,reflect,[10],0.49333333333333335,0.45,0.043333333333333335,5223,9186,4
phase_a_gpt,2wiki,summarize_before_score_plateau_s0,15,merge,"[11, 13]",0.47,0.48333333333333334,-0.013333333333333364,5528,9702,4
phase_a_gpt,2wiki,summarize_before_score_plateau_s0,16,reflect,[12],0.61,0.4766666666666667,0.1333333333333333,5858,10819,4
phase_a_gpt,2wiki,summarize_before_score_plateau_s0,17,reflect,[9],0.45,0.46,-0.010000000000000009,6182,10494,4
phase_a_gpt,2wiki,summarize_before_score_plateau_s0,18,reflect,[9],0.7466666666666667,0.46,0.2866666666666667,6533,8648,4
