run_dir,run_id,iteration,event,p1_idx,p2_idx,anc_idx,new_idx,lift_full_val,sentence_entropy,predictor_entropy,coverage_p1,coverage_p2,coverage_min,novelty_fraction,behavioral_delta_rate,length_delta_vs_anc_total,subsample_win,subsample_tie,subsample_loss,parent_gen_depth_p1,parent_gen_depth_p2,parent_gen_depth_max,is_merge_of_merge,noop_predictor_rate,snr_semantic_novelty_rate,slc_lost_count_p1,slc_lost_count_p2,slc_lost_count_max,n_merged_sentences,n_p1_sentences,n_p2_sentences,judge_clarity,judge_specificity,judge_internal_consistency,judge_coverage_vs_parents,judge_contradiction_present,judge_contradiction_span
P1_result/phase_a_main/hover/combine_all_budget_proportional_s0,combine_all_budget_proportional_s0,30,accepted,4,6,0,8,-0.0033333333333332993,0.8281291170623973,0.946394630357186,0.996875,0.7638888888888888,0.7638888888888888,0.004158004158004158,0.0,1081,0,5,0,2,2,2,False,0.5,0.0,0,0,0,62,39,28,5,5,5,5,False,
P1_result/phase_a_main/hover/combine_all_budget_proportional_s0,combine_all_budget_proportional_s0,33,rejected,4,9,2,,,0.9992411509393779,0.946394630357186,0.775,0.7638888888888888,0.7638888888888888,0.0,0.0,622,0,2,3,2,2,2,False,0.5,,,,,,,,,,,,,
P1_result/phase_a_main/hover/combine_all_budget_proportional_s0,combine_all_budget_proportional_s0,41,accepted,6,10,2,11,0.016666666666666663,0.8005229322499945,0.946394630357186,0.775,0.9978571428571429,0.775,0.005671077504725898,0.0,820,0,3,2,2,3,3,False,0.5,0.0,0,0,0,68,28,45,5,5,5,5,False,
P1_result/phase_a_main/hover/combine_all_budget_proportional_s0,combine_all_budget_proportional_s0,51,accepted,3,8,0,13,0.01666666666666672,0.6020286267840592,0.946394630357186,0.5295138888888888,0.7916666666666667,0.5295138888888888,0.0,0.2,1450,0,3,2,1,3,3,True,0.25,0.0,0,0,0,85,30,62,5,5,5,5,False,
P1_result/phase_a_main/hover/combine_all_budget_proportional_s0,combine_all_budget_proportional_s0,59,rejected,6,12,0,,,0.6740259453680312,0.946394630357186,0.5464285714285715,0.9978571428571429,0.5464285714285715,0.004709576138147566,0.0,1534,0,2,3,2,4,4,False,0.25,,,,,,,,,,,,,
P1_result/phase_a_main/hover/combine_all_budget_proportional_s0,combine_all_budget_proportional_s0,65,rejected,11,12,10,,,0.9526725081084443,0.946394630357186,0.7714285714285714,0.9978571428571429,0.7714285714285714,0.0,0.0,849,0,2,3,4,4,4,True,0.5,,,,,,,,,,,,,
P1_result/phase_a_main/hover/combine_all_budget_proportional_s0,combine_all_budget_proportional_s0,69,rejected,5,13,0,,,0.9577805281091832,0.946394630357186,0.7645356753812635,0.987390350877193,0.7645356753812635,0.0,0.0,1947,0,2,3,2,4,4,True,0.5,,,,,,,,,,,,,
P1_result/phase_a_main/hover/combine_all_budget_proportional_s0,combine_all_budget_proportional_s0,71,accepted,4,11,2,18,0.013333333333333364,0.6520764407838282,0.946394630357186,0.6391185592100557,0.7638888888888888,0.6391185592100557,0.0,0.0,1160,0,3,2,2,4,4,True,0.25,0.0,0,0,0,83,39,68,5,5,5,5,False,
P1_result/phase_a_main/hover/combine_all_budget_proportional_s0,combine_all_budget_proportional_s0,87,accepted,4,6,2,20,0.003333333333333355,0.8412118131443582,0.946394630357186,0.8573843050566838,0.7638888888888888,0.7638888888888888,0.0,0.0,462,0,4,1,2,2,2,False,0.5,0.0,0,0,0,44,39,28,5,5,5,5,False,
P1_result/phase_a_main/hover/combine_all_immediate_s0,combine_all_immediate_s0,76,rejected,3,10,0,,,0.7486426615339566,0.946394630357186,0.7666666666666667,0.7916666666666667,0.7666666666666667,0.0,0.0,775,0,2,3,1,1,1,False,0.5,,,,,,,,,,,,,
P1_result/phase_a_main/hover/combine_all_immediate_s0,combine_all_immediate_s0,78,accepted,7,10,0,13,0.0,0.5961573195232226,0.946394630357186,0.7666666666666667,0.575,0.575,0.0,0.0,1262,0,3,2,3,1,3,False,0.25,0.0,0,0,0,84,64,30,5,5,5,5,False,
P1_result/phase_a_main/hover/combine_all_immediate_s0,combine_all_immediate_s0,86,accepted,5,8,0,15,0.026666666666666672,0.6836910800668647,1.0,0.7638888888888888,0.7685185185185185,0.7638888888888888,0.003115264797507788,0.0,1416,0,4,1,2,2,2,False,0.25,0.0,0,0,0,79,42,42,5,5,5,5,False,
P1_result/phase_a_main/hover/combine_all_immediate_s0,combine_all_immediate_s0,97,rejected,3,11,0,,,0.604990321412571,0.946394630357186,0.5513392857142857,0.99765625,0.5513392857142857,0.0031746031746031746,0.0,1450,0,1,4,1,3,3,False,0.25,,,,,,,,,,,,,
P1_result/phase_a_main/hover/combine_all_immediate_s0,combine_all_immediate_s0,104,accepted,14,15,0,18,-0.023333333333333373,0.9751428125903143,1.0,0.7638888888888888,0.7672413793103449,0.7638888888888888,0.0,0.2,2202,1,2,2,3,3,3,True,0.25,0.0,0,0,0,108,71,79,5,5,5,5,False,
P1_result/phase_a_main/hover/combine_all_immediate_s0,combine_all_immediate_s0,106,accepted,9,18,2,20,-0.006666666666666654,0.8534448034629721,0.946394630357186,0.7666003536693192,1.0,0.7666003536693192,0.0,0.0,3244,0,4,1,4,4,4,True,0.5,0.0,0,0,0,144,101,108,5,5,5,5,False,
P1_result/phase_a_main/hover/combine_all_score_plateau_s0,combine_all_score_plateau_s0,22,rejected,3,4,0,,,0.6772167064445875,0.946394630357186,0.5295138888888888,0.7916666666666667,0.5295138888888888,0.0,0.0,1012,0,1,4,1,2,2,False,0.25,,,,,,,,,,,,,
P1_result/phase_a_main/hover/combine_all_score_plateau_s0,combine_all_score_plateau_s0,38,accepted,4,5,0,8,0.010000000000000009,0.7930204643873782,1.0,0.7907268170426065,0.765625,0.765625,0.0030120481927710845,0.0,1509,0,3,2,2,2,2,False,0.25,0.0,0,0,0,92,39,59,5,5,5,5,False,
P1_result/phase_a_main/hover/combine_all_score_plateau_s0,combine_all_score_plateau_s0,58,accepted,7,8,2,11,-0.00666666666666671,0.586934355814731,0.946394630357186,0.5616666666666668,0.8389759981151592,0.5616666666666668,0.0,0.0,1333,0,4,1,2,3,3,True,0.25,0.0,0,0,0,97,28,92,5,5,5,5,False,
P1_result/phase_a_main/hover/combine_all_score_plateau_s0,combine_all_score_plateau_s0,103,rejected,3,6,0,,,0.7511050212929523,0.946394630357186,0.7651515151515151,0.7916666666666667,0.7651515151515151,0.0,0.0,794,0,2,3,1,2,2,False,0.5,,,,,,,,,,,,,
P1_result/phase_a_main/hover/combine_all_score_plateau_s0,combine_all_score_plateau_s0,110,accepted,13,14,2,16,0.036666666666666625,0.9507967581999703,0.946394630357186,0.7896505376344086,1.0,0.7896505376344086,0.0013386880856760374,0.0,1508,0,4,1,3,4,4,False,0.5,0.0,0,0,0,99,50,73,5,5,5,5,False,
P1_result/phase_a_main/hover/combine_all_score_plateau_s0,combine_all_score_plateau_s0,125,accepted,5,10,0,21,0.006666666666666654,0.9173030469840292,0.946394630357186,0.765625,0.9979887218045113,0.765625,0.002617801047120419,0.0,1891,0,3,2,2,3,3,False,0.25,0.0,0,0,0,114,59,63,5,5,5,5,False,
P1_result/phase_a_main/hover/original_budget_proportional_s0,original_budget_proportional_s0,30,accepted,4,6,0,8,0.003333333333333355,0.8412118131443582,0.946394630357186,0.8573843050566838,0.7638888888888888,0.7638888888888888,0.0,0.0,765,0,4,1,2,2,2,False,0.5,0.0,0,0,0,44,39,28,5,5,5,5,False,
P1_result/phase_a_main/hover/original_budget_proportional_s0,original_budget_proportional_s0,47,accepted,5,8,0,10,0.013333333333333308,0.7728276546672913,0.946394630357186,0.5711258564201125,0.7916666666666667,0.5711258564201125,0.0,0.0,1134,0,3,2,2,3,3,True,0.25,0.0,3,0,3,67,59,44,5,5,5,5,False,
P1_result/phase_a_main/hover/original_budget_proportional_s0,original_budget_proportional_s0,51,accepted,3,8,0,12,0.006666666666666654,0.6628061327333954,0.946394630357186,0.529040404040404,0.7916666666666667,0.529040404040404,0.0,0.0,1134,0,3,2,1,3,3,True,0.25,0.0,0,0,0,67,30,44,5,5,5,5,False,
P1_result/phase_a_main/hover/original_budget_proportional_s0,original_budget_proportional_s0,62,accepted,11,12,0,14,0.0,0.887976319515135,1.0,0.6122517864796295,1.0,0.6122517864796295,0.0,0.0,1134,0,3,2,4,4,4,True,0.5,0.0,3,0,3,67,47,67,5,5,5,5,False,
P1_result/phase_a_main/hover/original_budget_proportional_s0,original_budget_proportional_s0,74,accepted,8,13,4,16,-0.006666666666666654,0.9963714256678535,0.946394630357186,0.7894736842105263,0.8573843050566838,0.7894736842105263,0.0,0.0,520,0,3,2,3,3,3,True,0.5,0.0,0,0,0,67,44,62,5,5,5,5,False,
P1_result/phase_a_main/hover/original_budget_proportional_s0,original_budget_proportional_s0,76,rejected,5,17,0,,,0.7470409262400355,0.946394630357186,0.5732157205789422,0.7916666666666667,0.5732157205789422,0.0,0.0,1197,0,1,4,2,4,4,False,0.25,,,,,,,,,,,,,
P1_result/phase_a_main/hover/original_budget_proportional_s0,original_budget_proportional_s0,80,accepted,3,6,0,19,0.0,0.7511050212929523,0.946394630357186,0.7651515151515151,0.7916666666666667,0.7651515151515151,0.0,0.0,794,0,3,2,1,2,2,False,0.5,0.0,0,0,0,52,30,28,5,5,5,5,False,
P1_result/phase_a_main/hover/original_budget_proportional_s0,original_budget_proportional_s0,85,accepted,13,20,4,21,0.0,0.587311608997759,0.8112781244591328,0.5251686518296581,1.0,0.5251686518296581,0.0,0.0,669,0,3,2,3,7,7,False,0.25,0.0,3,0,3,78,62,78,5,5,5,5,False,
P1_result/phase_a_main/hover/original_immediate_s0,original_immediate_s0,42,accepted,6,7,0,8,0.0033333333333332993,0.981014714075629,0.946394630357186,0.7692307692307693,0.7727272727272727,0.7692307692307693,0.0,0.0,1021,0,4,1,2,2,2,False,0.5,0.0,0,0,0,67,54,43,5,5,5,5,False,
P1_result/phase_a_main/hover/original_immediate_s0,original_immediate_s0,55,accepted,8,11,0,12,0.0,0.9310558233850329,1.0,1.0,0.6167520495876191,0.6167520495876191,0.0,0.0,1021,0,3,2,3,3,3,True,0.5,0.0,0,5,5,67,67,50,5,5,5,5,False,
P1_result/phase_a_main/hover/original_immediate_s0,original_immediate_s0,60,accepted,6,11,0,14,-0.016666666666666663,0.8410172521617674,0.946394630357186,0.6296952810103925,0.7727272727272727,0.6296952810103925,0.0,0.0,1214,0,4,1,2,3,3,False,0.25,0.0,1,0,1,74,54,50,5,5,5,5,False,
P1_result/phase_a_main/hover/original_immediate_s0,original_immediate_s0,68,accepted,12,15,3,16,0.0,0.9844268978000115,1.0,1.0,0.5987610537805677,0.5987610537805677,0.0,0.0,652,0,3,2,4,3,4,True,0.5,0.0,0,4,4,67,67,62,5,5,5,5,False,
P1_result/phase_a_main/hover/original_immediate_s0,original_immediate_s0,73,accepted,7,15,3,18,0.006666666666666654,0.9632238106222109,0.946394630357186,0.7692307692307693,0.7692307692307693,0.7692307692307693,0.0,0.0,781,0,4,1,2,3,3,False,0.5,0.0,0,0,0,75,43,62,5,5,5,5,False,
P1_result/phase_a_main/hover/original_immediate_s0,original_immediate_s0,85,accepted,11,15,0,20,-0.013333333333333364,0.8439289380438535,0.946394630357186,0.7692307692307693,0.6296952810103925,0.6296952810103925,0.0,0.0,1343,0,4,1,3,3,3,False,0.25,0.0,0,0,0,82,50,62,5,5,5,5,False,
P1_result/phase_a_main/hover/original_score_plateau_s0,original_score_plateau_s0,22,rejected,3,4,0,,,0.6772167064445875,0.946394630357186,0.5295138888888888,0.7916666666666667,0.5295138888888888,0.0,0.0,1012,0,1,4,1,2,2,False,0.25,,,,,,,,,,,,,
P1_result/phase_a_main/hover/original_score_plateau_s0,original_score_plateau_s0,38,rejected,4,5,0,,,0.6703075011115167,0.946394630357186,0.6173886766830756,0.765625,0.6173886766830756,0.0,0.0,1157,0,2,3,2,2,2,False,0.25,,,,,,,,,,,,,
P1_result/phase_a_main/hover/original_score_plateau_s0,original_score_plateau_s0,42,accepted,4,6,2,9,0.003333333333333355,0.8412118131443582,0.946394630357186,0.8573843050566838,0.7638888888888888,0.7638888888888888,0.0,0.0,462,0,3,2,2,2,2,False,0.5,0.0,0,0,0,44,39,28,5,5,5,5,False,
P1_result/phase_a_main/hover/original_score_plateau_s0,original_score_plateau_s0,63,rejected,9,10,0,,,0.6285417682855349,0.946394630357186,0.5874078965488838,0.7638888888888888,0.5874078965488838,0.0,0.0,1077,0,2,3,3,2,3,True,0.25,,,,,,,,,,,,,
P1_result/phase_a_main/hover/original_score_plateau_s0,original_score_plateau_s0,73,rejected,3,9,0,,,0.6628061327333954,0.946394630357186,0.529040404040404,0.7916666666666667,0.529040404040404,0.0,0.0,1134,0,1,4,1,3,3,True,0.25,,,,,,,,,,,,,
P1_result/phase_a_main/hover/original_score_plateau_s0,original_score_plateau_s0,75,rejected,4,8,0,,,0.6852013686017301,0.946394630357186,0.7777777777777778,0.5295138888888888,0.5295138888888888,0.0,0.2,1147,0,2,3,2,2,2,False,0.25,,,,,,,,,,,,,
P1_result/phase_a_main/hover/original_score_plateau_s0,original_score_plateau_s0,84,accepted,4,10,0,16,-0.013333333333333364,0.6285417682855349,0.946394630357186,0.5915614126241131,0.7638888888888888,0.5915614126241131,0.0,0.0,1077,0,5,0,2,2,2,False,0.25,0.0,0,0,0,69,39,54,5,5,5,5,False,
P1_result/phase_a_main/hover/original_score_plateau_s0,original_score_plateau_s0,97,rejected,5,12,0,,,0.7214413200951841,0.946394630357186,0.7678571428571429,0.6173886766830756,0.6173886766830756,0.0,0.0,1434,0,1,4,2,3,3,False,0.25,,,,,,,,,,,,,
P1_result/phase_a_main/hover/original_score_plateau_s0,original_score_plateau_s0,107,accepted,12,17,0,19,-0.006666666666666654,0.7322393118460072,1.0,0.5608974358974359,0.5711589456648477,0.5608974358974359,0.0,0.0,1688,0,3,2,3,4,4,False,0.0,0.0,0,3,3,92,49,80,5,5,5,5,False,
P1_result/phase_a_main/hover/original_score_plateau_s0,original_score_plateau_s0,109,accepted,9,11,0,21,-0.006666666666666654,0.6973038345409183,0.946394630357186,0.6174862796477969,0.7651515151515151,0.6174862796477969,0.0,0.0,1375,0,3,2,3,3,3,True,0.25,0.0,2,0,2,82,44,60,5,5,5,5,False,
P1_result/phase_a_main/hover/summarize_before_budget_proportional_s0,summarize_before_budget_proportional_s0,45,rejected,4,6,0,,,0.39866184999253024,0.946394630357186,0.7959059430006087,0.32431753675889935,0.32431753675889935,0.11879432624113476,0.0,1180,0,1,4,3,1,3,False,0.25,,,,,,,,,,,,,
P1_result/phase_a_main/hover/summarize_before_budget_proportional_s0,summarize_before_budget_proportional_s0,51,accepted,4,7,0,9,0.006666666666666654,0.4518565881954044,0.946394630357186,0.8658720495775591,0.353547224824284,0.353547224824284,0.09166666666666666,0.0,1271,0,4,1,3,1,3,False,0.25,0.046875,1,5,5,64,68,35,5,5,5,5,False,
P1_result/phase_a_main/hover/summarize_before_budget_proportional_s0,summarize_before_budget_proportional_s0,68,accepted,5,6,0,11,0.0633333333333333,0.3253220415323265,0.946394630357186,0.8031979609084479,0.32745316976626615,0.32745316976626615,0.08960573476702509,0.0,1185,0,4,1,4,1,4,False,0.25,0.05084745762711865,3,0,3,59,73,27,5,5,5,5,False,
P1_result/phase_a_main/hover/summarize_before_budget_proportional_s0,summarize_before_budget_proportional_s0,73,accepted,1,12,0,13,-0.010000000000000009,0.7442939471117122,0.946394630357186,0.765625,0.7692307692307693,0.765625,0.0,0.0,813,0,3,2,1,1,1,False,0.5,0.0,0,0,0,47,31,22,5,5,5,5,False,
P1_result/phase_a_main/hover/summarize_before_budget_proportional_s0,summarize_before_budget_proportional_s0,77,accepted,13,14,0,15,-0.036666666666666625,0.7316558270093222,1.0,0.5986661729619231,0.5490616492335246,0.5490616492335246,0.0687732342007435,0.0,1173,0,4,1,2,2,2,True,0.25,0.0,1,5,5,63,47,58,5,5,5,5,False,
P1_result/phase_a_main/hover/summarize_before_budget_proportional_s0,summarize_before_budget_proportional_s0,96,accepted,2,9,0,17,0.009999999999999953,0.8868595071429147,0.946394630357186,0.5764741899904245,0.8230876439173636,0.5764741899904245,0.10681399631675875,0.0,1090,0,3,2,2,4,4,True,0.5,0.03571428571428571,4,1,4,56,52,64,5,5,5,5,False,
P1_result/phase_a_main/hover/summarize_before_budget_proportional_s0,summarize_before_budget_proportional_s0,115,accepted,12,16,0,19,0.013333333333333308,0.709529487043629,0.946394630357186,0.78125,0.765625,0.765625,0.0,0.0,819,0,4,1,1,1,1,False,0.5,0.0,0,0,0,54,22,38,5,5,5,5,False,
P1_result/phase_a_main/hover/summarize_before_budget_proportional_s0,summarize_before_budget_proportional_s0,118,accepted,2,14,0,21,-0.0566666666666667,0.9972301143765978,1.0,0.562200956937799,0.5623342175066313,0.562200956937799,0.0,0.0,1715,0,4,1,2,2,2,False,0.0,0.0,0,0,0,102,52,58,5,5,5,5,False,
P1_result/phase_a_main/hover/summarize_before_immediate_s0,summarize_before_immediate_s0,65,accepted,7,8,0,9,-0.013333333333333364,0.6478505850300689,1.0,0.5628966100902006,0.5827680000959946,0.5628966100902006,0.07889908256880734,0.0,1043,0,3,2,3,2,3,False,0.25,0.0,2,2,2,68,64,42,5,5,5,5,False,
P1_result/phase_a_main/hover/summarize_before_immediate_s0,summarize_before_immediate_s0,67,accepted,3,8,0,11,-0.003333333333333355,0.6398243839286435,0.946394630357186,0.5628966100902006,0.7994346667626613,0.5628966100902006,0.13846153846153847,0.0,556,0,4,1,1,2,2,False,0.5,0.0,3,2,3,32,30,42,5,5,5,5,False,
P1_result/phase_a_main/hover/summarize_before_immediate_s0,summarize_before_immediate_s0,77,rejected,3,12,0,,,0.7486426615339566,0.946394630357186,0.775,0.7916666666666667,0.775,0.0,0.0,748,0,1,4,1,1,1,False,0.5,,,,,,,,,,,,,
P1_result/phase_a_main/hover/summarize_before_immediate_s0,summarize_before_immediate_s0,85,accepted,10,11,0,14,0.0,0.8997437586982626,1.0,1.0,0.556060606060606,0.556060606060606,0.0,0.0,1432,0,3,2,5,3,5,True,0.5,0.0,0,0,0,89,89,32,5,5,5,5,False,
P1_result/phase_a_main/hover/summarize_before_immediate_s0,summarize_before_immediate_s0,89,accepted,7,13,0,16,0.0,0.4797546847910397,0.946394630357186,0.3399646538732807,0.7182373292850321,0.3399646538732807,0.13253012048192772,0.0,757,0,4,1,3,4,4,False,0.25,0.07317073170731707,9,2,9,41,64,48,5,5,5,5,False,
P1_result/phase_a_main/hover/summarize_before_immediate_s0,summarize_before_immediate_s0,96,accepted,5,11,0,18,0.010000000000000009,0.643871800745511,1.0,0.5586937492190244,0.7017170847989813,0.5586937492190244,0.045871559633027525,0.0,827,0,3,2,2,3,3,True,0.25,0.0,3,0,3,44,42,32,5,5,5,5,False,
P1_result/phase_a_main/hover/summarize_before_immediate_s0,summarize_before_immediate_s0,104,accepted,15,17,0,20,0.026666666666666672,0.9891350694937823,0.946394630357186,0.7708333333333334,0.7708333333333333,0.7708333333333333,0.0,0.0,1419,0,4,1,4,2,4,False,0.5,0.0,0,0,0,95,65,60,5,5,5,5,False,
P1_result/phase_a_main/hover/summarize_before_score_plateau_s0,summarize_before_score_plateau_s0,108,accepted,4,6,0,13,-0.07,0.7728111651912001,0.946394630357186,0.8806302608973229,0.6330053792729211,0.6330053792729211,0.10050251256281408,0.2,723,1,2,2,2,2,2,False,0.5,0.04878048780487805,0,0,0,41,39,28,5,5,5,5,False,
P1_result/phase_a_main/hover/summarize_before_score_plateau_s0,summarize_before_score_plateau_s0,130,rejected,5,12,0,,,0.6967278852894773,1.0,0.5515562629359388,0.5890628873975237,0.5515562629359388,0.08,0.0,937,0,2,3,2,4,4,False,0.25,,,,,,,,,,,,,
P1_result/phase_a_main/hover/summarize_before_score_plateau_s0,summarize_before_score_plateau_s0,139,accepted,6,12,2,18,-0.036666666666666625,0.7720037379335225,0.946394630357186,0.7678571428571429,0.8573843050566838,0.7678571428571429,0.0,0.0,738,0,3,2,2,4,4,False,0.5,0.0,0,0,0,64,28,59,5,5,5,5,False,
P1_result/phase_a_main/pupa/original_immediate_s0,original_immediate_s0,26,rejected,5,6,0,,,0.28998604703320907,0.0,1.0,0.19647927306260413,0.19647927306260413,0.0,0.0,1050,0,3,2,4,1,4,False,0.0,,,,,,,,,,,,,
P1_result/phase_a_main/pupa/original_score_plateau_s0,original_score_plateau_s0,37,rejected,2,4,0,,,0.4138168503036338,0.0,1.0,0.25416756823160486,0.25416756823160486,0.0,0.0,872,0,3,2,2,2,2,False,0.0,,,,,,,,,,,,,
P1_result/phase_a_main/pupa/original_score_plateau_s0,original_score_plateau_s0,48,rejected,6,9,0,,,0.42622865699814483,0.0,0.21207977381910376,1.0,0.21207977381910376,0.0,0.0,956,0,3,2,3,3,3,False,0.0,,,,,,,,,,,,,
P1_result/phase_a_main/pupa/original_score_plateau_s0,original_score_plateau_s0,59,rejected,6,7,0,,,0.4288109647301171,0.0,0.23590230066176376,1.0,0.23590230066176376,0.0,0.0,933,0,3,2,3,3,3,False,0.0,,,,,,,,,,,,,
P1_result/phase_a_main/pupa/original_score_plateau_s0,original_score_plateau_s0,63,rejected,9,11,1,,,0.4959690720618337,0.0,1.0,0.2785952615934585,0.2785952615934585,0.0,0.0,471,0,3,2,3,3,3,False,0.0,,,,,,,,,,,,,
P1_result/phase_a_main/pupa/original_score_plateau_s0,original_score_plateau_s0,68,rejected,5,6,1,,,0.3999380474390278,0.0,1.0,0.22909210043594425,0.22909210043594425,0.0,0.0,644,0,3,2,4,3,4,False,0.0,,,,,,,,,,,,,
P1_result/phase_a_main/pupa/original_score_plateau_s0,original_score_plateau_s0,72,accepted,6,11,0,14,0.0,0.2351933818192415,0.0,0.18718612283216202,1.0,0.18718612283216202,0.0,0.0,976,0,3,2,3,3,3,False,0.0,0.0,10,0,10,51,44,51,5,5,5,5,False,
P1_result/phase_a_main/pupa/original_score_plateau_s0,original_score_plateau_s0,75,accepted,3,14,1,16,-0.022522522522522515,0.823029340354178,1.0,0.6455698853970413,0.6903855928401414,0.6455698853970413,0.0,0.0,777,0,3,2,3,4,4,True,0.0,0.0,2,0,2,67,62,51,5,5,5,5,False,
P1_result/phase_a_main/pupa/original_score_plateau_s0,original_score_plateau_s0,79,rejected,5,14,2,,,0.8095879284725996,1.0,0.6455698853970413,0.6290870972200074,0.6290870972200074,0.0,0.0,361,0,2,3,4,4,4,True,0.0,,,,,,,,,,,,,
P2_result/phase_a_main/hotpotqa/combine_all_budget_proportional_s0,combine_all_budget_proportional_s0,74,accepted,3,6,0,7,0.020000000000000018,0.9195770035933354,0.946394630357186,1.0,0.7664734320184821,0.7664734320184821,0.0026455026455026454,0.0,1909,0,3,2,3,3,3,False,0.25,0.0,0,0,0,116,70,55,5,5,5,5,False,
P2_result/phase_a_main/hotpotqa/combine_all_budget_proportional_s0,combine_all_budget_proportional_s0,95,accepted,3,5,0,9,0.030000000000000027,0.9280489369364429,0.946394630357186,1.0,0.7661775740303164,0.7661775740303164,0.0026917900403768506,0.0,1889,0,3,2,3,2,3,False,0.25,0.0,0,0,0,111,70,50,5,5,5,5,False,
P2_result/phase_a_main/hotpotqa/combine_all_budget_proportional_s0,combine_all_budget_proportional_s0,128,accepted,9,10,2,11,-0.040000000000000036,0.7182567740118172,0.946394630357186,0.8826567931010221,1.0,0.8826567931010221,0.0,0.0,1933,0,3,2,4,5,5,True,0.5,0.0,0,0,0,137,111,119,5,5,5,5,False,
P2_result/phase_a_main/hotpotqa/combine_all_budget_proportional_s0,combine_all_budget_proportional_s0,189,accepted,9,12,3,16,-0.033333333333333326,0.745127141139808,0.946394630357186,0.8514308326546217,1.0,0.8514308326546217,0.0,0.0,1751,0,3,2,4,6,6,True,0.5,0.0,0,0,0,147,111,129,5,5,5,5,False,
P2_result/phase_a_main/hotpotqa/combine_all_budget_proportional_s0,combine_all_budget_proportional_s0,191,accepted,9,15,1,18,-0.00666666666666671,0.9738369130206977,0.946394630357186,0.8514308326546217,0.9985795454545454,0.8514308326546217,0.0,0.0,2176,0,3,2,4,7,7,True,0.5,0.0,0,0,0,151,111,108,5,5,5,5,False,
P2_result/phase_a_main/hotpotqa/combine_all_immediate_s0,combine_all_immediate_s0,60,accepted,8,9,0,10,-0.006666666666666654,0.7681531592006852,0.946394630357186,0.7758620689655172,0.7708333333333334,0.7708333333333334,0.0,0.0,706,0,3,2,1,1,1,False,0.5,0.0,0,0,0,42,24,25,5,5,5,5,False,
P2_result/phase_a_main/hotpotqa/combine_all_immediate_s0,combine_all_immediate_s0,81,rejected,8,12,0,,,0.7537153483720096,0.8112781244591328,0.3811588738059326,0.7708333333333334,0.3811588738059326,0.0,0.0,1416,0,2,3,1,3,3,False,0.0,,,,,,,,,,,,,
P2_result/phase_a_main/hotpotqa/combine_all_immediate_s0,combine_all_immediate_s0,83,accepted,9,12,0,14,-0.023333333333333317,0.6913698302025114,0.946394630357186,0.6107105721076309,1.0,0.6107105721076309,0.004918032786885246,0.0,1414,0,3,2,1,3,3,False,0.25,0.0,0,0,0,85,25,67,5,5,5,5,False,
P2_result/phase_a_main/hotpotqa/combine_all_immediate_s0,combine_all_immediate_s0,87,accepted,8,14,0,16,0.00666666666666671,0.672294817075638,0.8112781244591328,0.3857376283846872,0.7708333333333334,0.3857376283846872,0.0,0.0,1774,0,3,2,1,4,4,True,0.0,0.0,0,0,0,102,24,85,5,5,5,5,False,
P2_result/phase_a_main/hotpotqa/combine_all_immediate_s0,combine_all_immediate_s0,117,accepted,14,17,2,18,0.010000000000000009,0.9760375431388945,0.946394630357186,0.8423598386804837,1.0,0.8423598386804837,0.0,0.0,1261,0,3,2,4,5,5,True,0.5,0.0,1,0,1,120,85,87,5,5,5,5,False,
P2_result/phase_a_main/hotpotqa/combine_all_immediate_s0,combine_all_immediate_s0,121,accepted,9,13,0,20,0.013333333333333308,0.6459215688142138,0.946394630357186,0.6107105721076309,1.0,0.6107105721076309,0.004672897196261682,0.0,1500,0,3,2,1,4,4,False,0.25,0.0,0,0,0,98,25,80,5,5,5,5,False,
P2_result/phase_a_main/hotpotqa/combine_all_score_plateau_s0,combine_all_score_plateau_s0,74,accepted,3,6,0,7,0.020000000000000018,0.9195770035933354,0.946394630357186,1.0,0.7664734320184821,0.7664734320184821,0.0026455026455026454,0.0,1909,0,3,2,3,3,3,False,0.25,0.0,0,0,0,116,70,55,5,5,5,5,False,
P2_result/phase_a_main/hotpotqa/combine_all_score_plateau_s0,combine_all_score_plateau_s0,180,accepted,9,11,0,12,-0.016666666666666607,0.8880694070128001,0.946394630357186,0.9988682631522554,0.765625,0.765625,0.0,0.0,2892,0,4,1,5,3,5,False,0.25,0.0,0,0,0,154,128,56,5,5,5,5,False,
P2_result/phase_a_main/hotpotqa/combine_all_score_plateau_s0,combine_all_score_plateau_s0,215,rejected,12,15,9,,,0.7516990936588919,0.946394630357186,0.8344567315568396,0.9988682631522554,0.8344567315568396,0.0,0.0,900,0,2,3,6,7,7,True,0.25,,,,,,,,,,,,,
P2_result/phase_a_main/hotpotqa/combine_all_score_plateau_s0,combine_all_score_plateau_s0,286,accepted,15,16,9,17,-0.01333333333333342,0.9679255830239177,0.946394630357186,0.8468865623884203,0.8344567315568396,0.8344567315568396,0.0,0.0,262,0,4,1,7,7,7,False,0.25,0.0,1,0,1,151,137,142,5,5,5,5,False,
P2_result/phase_a_main/hotpotqa/original_budget_proportional_s0,original_budget_proportional_s0,74,accepted,3,6,0,7,0.0,0.6006085754131871,0.8112781244591328,1.0,0.42850747565371156,0.42850747565371156,0.0,0.0,1099,0,3,2,3,3,3,False,0.25,0.0,0,7,7,70,70,55,5,5,5,5,False,
P2_result/phase_a_main/hotpotqa/original_budget_proportional_s0,original_budget_proportional_s0,81,rejected,8,9,4,,,0.9029878147293358,0.946394630357186,0.6712581174150078,0.8265151215300288,0.6712581174150078,0.0,0.0,799,0,2,3,5,4,5,False,0.25,,,,,,,,,,,,,
P2_result/phase_a_main/hotpotqa/original_budget_proportional_s0,original_budget_proportional_s0,92,accepted,7,10,0,11,0.0,0.630797079575061,0.8112781244591328,1.0,0.45210551472107047,0.45210551472107047,0.0,0.0,1099,0,3,2,4,3,4,True,0.25,0.0,0,4,4,70,70,55,5,5,5,5,False,
P2_result/phase_a_main/hotpotqa/original_budget_proportional_s0,original_budget_proportional_s0,97,accepted,8,10,0,13,-0.01333333333333342,0.8918788854900428,0.946394630357186,0.6786616421596925,0.7672413793103449,0.6786616421596925,0.0,0.0,1168,0,3,2,5,3,5,False,0.25,0.0,7,0,7,75,72,55,5,5,5,5,False,
P2_result/phase_a_main/hotpotqa/original_budget_proportional_s0,original_budget_proportional_s0,112,accepted,9,11,6,15,0.0,0.7809756883263415,0.8112781244591328,0.5030088182321691,1.0,0.5030088182321691,0.0,0.0,315,0,3,2,4,5,5,True,0.25,0.0,13,0,13,70,77,70,5,5,5,5,False,
P2_result/phase_a_main/hotpotqa/original_budget_proportional_s0,original_budget_proportional_s0,121,accepted,12,15,2,17,-0.026666666666666727,0.8203636429576731,0.8112781244591328,1.0,0.860991676184728,0.860991676184728,0.0,0.0,451,0,3,2,6,6,6,True,0.75,0.0,0,0,0,74,74,70,5,5,5,5,False,
P2_result/phase_a_main/hotpotqa/original_budget_proportional_s0,original_budget_proportional_s0,154,accepted,13,18,6,19,0.01333333333333342,0.9161268282291617,1.0,0.6105710459023761,0.7152798329907606,0.6105710459023761,0.0,0.0,1084,0,4,1,6,6,6,True,0.0,0.0,2,3,3,109,75,109,5,5,5,5,False,
P2_result/phase_a_main/hotpotqa/original_immediate_s0,original_immediate_s0,60,accepted,8,9,0,10,-0.006666666666666654,0.7681531592006852,0.946394630357186,0.7758620689655172,0.7708333333333334,0.7708333333333334,0.0,0.0,706,0,3,2,1,1,1,False,0.5,0.0,0,0,0,42,24,25,5,5,5,5,False,
P2_result/phase_a_main/hotpotqa/original_immediate_s0,original_immediate_s0,81,rejected,8,12,0,,,0.7537153483720096,0.8112781244591328,0.3811588738059326,0.7708333333333334,0.3811588738059326,0.0,0.0,1416,0,2,3,1,3,3,False,0.0,,,,,,,,,,,,,
P2_result/phase_a_main/hotpotqa/original_immediate_s0,original_immediate_s0,83,accepted,9,12,0,14,0.0,0.3467314682496637,0.8112781244591328,0.4475660749252012,1.0,0.4475660749252012,0.0,0.0,1056,0,3,2,1,3,3,False,0.25,0.0,1,0,1,67,25,67,5,5,5,5,False,
P2_result/phase_a_main/hotpotqa/original_immediate_s0,original_immediate_s0,87,accepted,8,13,0,16,-0.01333333333333342,0.7070040649747601,0.8112781244591328,0.3811588738059326,0.7708333333333334,0.3811588738059326,0.0,0.0,1502,0,3,2,1,4,4,False,0.0,0.0,0,0,0,97,24,80,5,5,5,5,False,
P2_result/phase_a_main/hotpotqa/original_immediate_s0,original_immediate_s0,94,accepted,9,13,0,18,0.0,0.3120895659343453,0.8112781244591328,0.44845317723448225,1.0,0.44845317723448225,0.0,0.0,1142,0,3,2,1,4,4,False,0.25,0.0,1,0,1,80,25,80,5,5,5,5,False,
P2_result/phase_a_main/hotpotqa/original_immediate_s0,original_immediate_s0,129,accepted,8,18,0,20,-0.01333333333333342,0.7070040649747601,0.8112781244591328,0.3811588738059326,0.7708333333333334,0.3811588738059326,0.0,0.0,1502,0,3,2,1,5,5,True,0.0,0.0,0,0,0,97,24,80,5,5,5,5,False,
P2_result/phase_a_main/hotpotqa/original_score_plateau_s0,original_score_plateau_s0,74,accepted,3,6,0,7,0.0,0.6006085754131871,0.8112781244591328,1.0,0.42850747565371156,0.42850747565371156,0.0,0.0,1099,0,3,2,3,3,3,False,0.25,0.0,0,7,7,70,70,55,5,5,5,5,False,
P2_result/phase_a_main/hotpotqa/original_score_plateau_s0,original_score_plateau_s0,100,accepted,7,11,4,12,0.0,0.7809756883263415,0.8112781244591328,1.0,0.5020741481256735,0.5020741481256735,0.0,0.0,695,0,3,2,4,4,4,True,0.25,0.0,0,11,11,70,70,80,5,5,5,5,False,
P2_result/phase_a_main/hotpotqa/original_score_plateau_s0,original_score_plateau_s0,132,accepted,9,11,0,15,0.0,0.6360156177392153,0.0,1.0,0.27131709674759874,0.27131709674759874,0.0,0.0,1557,0,3,2,6,4,6,False,0.0,0.0,0,11,11,93,93,80,5,5,5,5,False,
P2_result/phase_a_main/hotpotqa/original_score_plateau_s0,original_score_plateau_s0,182,accepted,14,15,4,19,0.0,0.5916727785823274,0.0,0.25454494645226317,1.0,0.25454494645226317,0.0,0.0,1153,0,3,2,6,7,7,True,0.0,0.0,16,0,16,93,85,93,5,5,5,5,False,
P2_result/phase_a_main/hotpotqa/summarize_before_budget_proportional_s0,summarize_before_budget_proportional_s0,74,accepted,3,6,0,7,0.0,0.8485650813216966,0.946394630357186,0.7037329987414122,0.4637393487249374,0.4637393487249374,0.1297539149888143,0.0,881,0,3,2,3,3,3,False,0.25,0.05357142857142857,2,5,5,56,70,55,5,5,5,5,False,
P2_result/phase_a_main/hotpotqa/summarize_before_budget_proportional_s0,summarize_before_budget_proportional_s0,95,accepted,3,5,0,9,0.0,0.8583629191807223,0.946394630357186,0.7334337904959454,0.4882693816469641,0.4882693816469641,0.12304250559284116,0.0,880,0,4,1,3,2,3,False,0.25,0.05172413793103448,0,4,4,58,70,50,5,5,5,5,False,
P2_result/phase_a_main/hotpotqa/summarize_before_budget_proportional_s0,summarize_before_budget_proportional_s0,129,rejected,7,10,6,,,0.6193509093744234,0.946394630357186,0.8724526048082335,0.4426937121960933,0.4426937121960933,0.03289473684210526,0.0,80,0,2,3,4,4,4,True,0.25,,,,,,,,,,,,,
P2_result/phase_a_main/hotpotqa/summarize_before_budget_proportional_s0,summarize_before_budget_proportional_s0,142,accepted,3,11,0,12,0.036666666666666625,0.6760337214886166,0.946394630357186,0.5791045155620121,0.35569127722998944,0.35569127722998944,0.15212527964205816,0.0,902,0,4,1,3,5,5,False,0.25,0.14814814814814814,6,7,7,54,70,61,5,5,5,5,False,
P2_result/phase_a_main/hotpotqa/summarize_before_budget_proportional_s0,summarize_before_budget_proportional_s0,156,rejected,7,11,4,,,0.7691403123489157,0.946394630357186,0.7452217185610962,0.4336765141939326,0.4336765141939326,0.11530398322851153,0.0,517,0,2,3,4,5,5,True,0.25,,,,,,,,,,,,,
P2_result/phase_a_main/hotpotqa/summarize_before_budget_proportional_s0,summarize_before_budget_proportional_s0,217,accepted,11,16,0,17,-0.013333333333333308,0.6205193836673475,1.0,0.22869748251758776,0.7161210214255117,0.22869748251758776,0.1051693404634581,0.0,1251,0,4,1,5,6,6,False,0.0,0.05405405405405406,10,4,10,74,61,77,5,5,5,5,False,
P2_result/phase_a_main/hotpotqa/summarize_before_immediate_s0,summarize_before_immediate_s0,60,accepted,8,9,0,10,-0.006666666666666654,0.7681531592006852,0.946394630357186,0.7758620689655172,0.7708333333333334,0.7708333333333334,0.0,0.0,706,0,3,2,1,1,1,False,0.5,0.0,0,0,0,42,24,25,5,5,5,5,False,
P2_result/phase_a_main/hotpotqa/summarize_before_immediate_s0,summarize_before_immediate_s0,81,rejected,8,12,0,,,0.7537153483720096,0.8112781244591328,0.3811588738059326,0.7708333333333334,0.3811588738059326,0.0,0.0,1416,0,2,3,1,3,3,False,0.0,,,,,,,,,,,,,
P2_result/phase_a_main/hotpotqa/summarize_before_immediate_s0,summarize_before_immediate_s0,83,accepted,9,12,0,14,-0.020000000000000018,0.46343678232466695,0.946394630357186,0.4541361638862876,0.8488592510513691,0.4541361638862876,0.048458149779735685,0.0,954,0,3,2,1,3,3,False,0.25,0.01639344262295082,1,0,1,61,25,67,5,5,5,5,False,
P2_result/phase_a_main/hotpotqa/summarize_before_immediate_s0,summarize_before_immediate_s0,87,accepted,8,14,0,16,-0.013333333333333308,0.7837769474847011,0.8112781244591328,0.3877901735406806,0.7708333333333334,0.3877901735406806,0.0,0.0,1314,0,3,2,1,4,4,True,0.0,0.0,0,0,0,78,24,61,5,5,5,5,False,
P2_result/phase_a_main/hotpotqa/summarize_before_immediate_s0,summarize_before_immediate_s0,134,accepted,8,17,0,18,-0.023333333333333317,0.74959525725948,0.8112781244591328,0.37663398692810457,0.7708333333333334,0.37663398692810457,0.0,0.0,1569,0,3,2,1,5,5,False,0.0,0.0,0,0,0,87,24,70,5,5,5,5,False,
P2_result/phase_a_main/hotpotqa/summarize_before_immediate_s0,summarize_before_immediate_s0,137,accepted,14,18,0,20,-0.036666666666666625,0.8028723137585931,0.946394630357186,0.5982407124972363,0.804951659838645,0.5982407124972363,0.043333333333333335,0.0,1399,0,3,2,4,6,6,True,0.5,0.025,0,1,1,80,61,87,5,5,5,5,False,
P2_result/phase_a_main/hotpotqa/summarize_before_score_plateau_s0,summarize_before_score_plateau_s0,74,accepted,3,6,0,7,0.0,0.8485650813216966,0.946394630357186,0.7037329987414122,0.4637393487249374,0.4637393487249374,0.1297539149888143,0.0,881,0,3,2,3,3,3,False,0.25,0.05357142857142857,2,5,5,56,70,55,5,5,5,5,False,
P2_result/phase_a_main/hotpotqa/summarize_before_score_plateau_s0,summarize_before_score_plateau_s0,180,accepted,6,9,0,11,0.010000000000000009,0.7698108603773818,0.946394630357186,0.4223087610618023,0.6115834770619847,0.4223087610618023,0.12394957983193278,0.0,1016,0,5,0,3,4,4,False,0.25,0.04477611940298507,4,7,7,67,55,87,5,5,5,5,False,
P2_result/phase_a_main/hotpotqa/summarize_before_score_plateau_s0,summarize_before_score_plateau_s0,211,accepted,9,12,2,15,-0.053333333333333344,0.8087211514631163,0.946394630357186,0.5012441158051295,0.7520217572366013,0.5012441158051295,0.06476683937823834,0.0,8,0,3,2,4,5,5,False,0.25,0.0625,9,0,9,48,87,55,5,5,5,5,False,
P2_result/phase_a_main/ifbench/combine_all_budget_proportional_s0,combine_all_budget_proportional_s0,13,rejected,1,4,0,,,0.7951887508706817,1.0,0.5950292397660819,0.9967532467532467,0.5950292397660819,0.0049586776859504135,0.2,1174,1,1,3,1,3,3,False,0.0,,,,,,,,,,,,,
P2_result/phase_a_main/ifbench/combine_all_budget_proportional_s0,combine_all_budget_proportional_s0,18,accepted,4,5,0,6,-0.006944444444444309,0.775512658133148,1.0,0.9967532467532467,0.5950292397660819,0.5950292397660819,0.0051813471502590676,0.0,1146,0,3,2,3,1,3,False,0.0,0.0,0,0,0,66,50,18,5,5,5,5,False,
P2_result/phase_a_main/ifbench/combine_all_budget_proportional_s0,combine_all_budget_proportional_s0,27,accepted,1,7,0,8,0.0011111111111110628,0.7580912561604578,1.0,0.5596715049656226,1.0,0.5596715049656226,0.0,0.0,1567,0,4,1,1,5,5,False,0.0,0.0,0,0,0,79,27,58,5,5,5,5,False,
P2_result/phase_a_main/ifbench/combine_all_budget_proportional_s0,combine_all_budget_proportional_s0,37,accepted,5,9,0,10,0.025555555555555554,0.8301899714180443,1.0,0.6158008658008658,0.9945454545454545,0.6158008658008658,0.006802721088435374,0.2,910,1,3,1,1,2,2,False,0.0,0.0,0,0,0,58,18,42,5,5,5,5,False,
P2_result/phase_a_main/ifbench/combine_all_immediate_s0,combine_all_immediate_s0,9,accepted,1,3,0,4,-0.004722222222222183,0.7856736024429427,1.0,0.5880541871921182,0.9972826086956521,0.5880541871921182,0.0056179775280898875,0.2,1067,1,2,2,1,2,2,False,0.0,0.0,0,0,0,75,27,54,5,5,5,5,False,
P2_result/phase_a_main/ifbench/combine_all_immediate_s0,combine_all_immediate_s0,25,rejected,1,6,0,,,0.7580912561604578,1.0,0.5880541871921182,0.9975,0.5880541871921182,0.004909983633387889,0.0,1220,0,3,2,1,3,3,False,0.0,,,,,,,,,,,,,
P2_result/phase_a_main/ifbench/combine_all_immediate_s0,combine_all_immediate_s0,27,accepted,5,6,3,8,0.010833333333333472,0.8316571357815528,1.0,1.0,0.6253605716985586,0.6253605716985586,0.0,0.0,879,0,5,0,4,3,4,False,0.0,0.0,0,1,1,99,75,60,5,5,5,5,False,
P2_result/phase_a_main/ifbench/combine_all_immediate_s0,combine_all_immediate_s0,30,accepted,6,9,2,10,-0.006388888888888999,0.8077868633166767,1.0,0.6771211971661196,1.0,0.6771211971661196,0.004195804195804196,0.2,1086,1,3,1,3,4,4,False,0.0,0.0,0,0,0,88,60,62,5,5,5,5,False,
P2_result/phase_a_main/ifbench/combine_all_score_plateau_s0,combine_all_score_plateau_s0,31,accepted,5,7,0,9,0.005555555555555536,0.7114738029389719,1.0,1.0,0.5894242713807931,0.5894242713807931,0.004651162790697674,0.0,1295,0,5,0,3,2,3,False,0.0,0.0,0,0,0,82,60,27,5,5,5,5,False,
P2_result/phase_a_main/ifbench/original_budget_proportional_s0,original_budget_proportional_s0,13,accepted,1,4,0,5,0.0050000000000000044,0.7995768885026082,1.0,0.5950292397660819,0.64978330762257,0.5950292397660819,0.0,0.0,839,0,4,1,1,3,3,False,0.0,0.0,0,2,2,53,27,50,5,5,5,5,False,
P2_result/phase_a_main/ifbench/original_budget_proportional_s0,original_budget_proportional_s0,18,accepted,5,6,0,7,0.0,0.0,0.0,1.0,0.17587110016939306,0.17587110016939306,0.0,0.0,839,0,3,2,4,1,4,True,0.0,0.0,0,1,1,53,53,18,5,5,5,5,False,
P2_result/phase_a_main/ifbench/original_budget_proportional_s0,original_budget_proportional_s0,28,accepted,7,8,0,9,0.0,0.36657801255334593,0.0,1.0,0.24877543673053815,0.24877543673053815,0.0,0.0,839,0,3,2,5,2,5,True,0.0,0.0,0,7,7,53,53,39,5,5,5,5,False,
P2_result/phase_a_main/ifbench/original_immediate_s0,original_immediate_s0,9,accepted,1,3,0,4,-0.0016666666666665941,0.7995768885026082,1.0,0.5880541871921182,0.6375498314345297,0.5880541871921182,0.0,0.2,782,1,2,2,1,2,2,False,0.0,0.0,0,4,4,55,27,54,5,5,5,5,False,
P2_result/phase_a_main/ifbench/original_immediate_s0,original_immediate_s0,32,accepted,3,6,0,7,-0.018333333333333313,0.8033437314357734,1.0,0.6791528000963795,0.5880541871921182,0.5880541871921182,0.0,0.0,737,0,4,1,2,1,2,False,0.0,0.0,6,0,6,48,54,20,5,5,5,5,False,
P2_result/phase_a_main/ifbench/original_immediate_s0,original_immediate_s0,37,accepted,1,8,0,9,0.0,0.3533593350214213,0.0,0.22400693802744248,1.0,0.22400693802744248,0.0,0.0,881,0,3,2,1,4,4,False,0.0,0.0,2,0,2,55,27,55,5,5,5,5,False,
P2_result/phase_a_main/ifbench/original_immediate_s0,original_immediate_s0,47,rejected,4,9,2,,,0.5665095065529053,0.0,0.2909980559415227,1.0,0.2909980559415227,0.0,0.0,433,0,3,2,3,5,5,True,0.0,,,,,,,,,,,,,
P2_result/phase_a_main/ifbench/original_score_plateau_s0,original_score_plateau_s0,51,rejected,7,8,0,,,0.6547383784864688,1.0,0.5546256852824413,0.592032967032967,0.5546256852824413,0.0,0.0,823,0,3,2,3,1,3,False,0.0,,,,,,,,,,,,,
P2_result/phase_a_main/ifbench/original_score_plateau_s0,original_score_plateau_s0,55,accepted,1,7,0,10,0.0,0.3576467062456333,0.0,0.22300908227776528,1.0,0.22300908227776528,0.0,0.0,793,0,3,2,1,3,3,False,0.0,0.0,4,0,4,54,27,54,5,5,5,5,False,
P2_result/phase_a_main/ifbench/summarize_before_budget_proportional_s0,summarize_before_budget_proportional_s0,13,rejected,1,4,0,,,0.6321302781219706,1.0,0.18317793716416017,0.5637904574354693,0.18317793716416017,0.07936507936507936,0.0,768,0,3,2,1,3,3,False,0.0,,,,,,,,,,,,,
P2_result/phase_a_main/ifbench/summarize_before_budget_proportional_s0,summarize_before_budget_proportional_s0,18,accepted,4,5,0,6,-0.026111111111110974,0.4754316462687207,1.0,0.6372548214094044,0.2244294895265878,0.2244294895265878,0.09959349593495935,0.0,861,0,3,2,3,1,3,False,0.0,0.061224489795918366,0,0,0,49,50,18,5,5,5,5,False,
P2_result/phase_a_main/ifbench/summarize_before_budget_proportional_s0,summarize_before_budget_proportional_s0,43,accepted,5,7,0,8,-0.004444444444444584,0.693127415328288,1.0,0.21407491376090576,0.5756357043003343,0.21407491376090576,0.10833333333333334,0.2,884,1,3,1,1,3,3,False,0.0,0.046511627906976744,0,2,2,43,18,49,5,5,5,5,False,
P2_result/phase_a_main/ifbench/summarize_before_budget_proportional_s0,summarize_before_budget_proportional_s0,46,rejected,1,7,0,,,0.6500224216483541,1.0,0.15769997944936037,0.5637904574354693,0.15769997944936037,0.0894854586129754,0.0,804,0,1,4,1,3,3,False,0.0,,,,,,,,,,,,,
P2_result/phase_a_main/ifbench/summarize_before_budget_proportional_s0,summarize_before_budget_proportional_s0,51,rejected,1,8,0,,,0.5830194167347008,1.0,0.16637097825990205,0.710592447129182,0.16637097825990205,0.07099391480730223,0.2,880,0,2,3,1,4,4,True,0.0,,,,,,,,,,,,,
P2_result/phase_a_main/ifbench/summarize_before_immediate_s0,summarize_before_immediate_s0,9,rejected,1,3,0,,,0.6409441847875288,1.0,0.19042536376510855,0.5610579417731345,0.19042536376510855,0.10632911392405063,0.0,710,0,2,3,1,2,2,False,0.0,,,,,,,,,,,,,
P2_result/phase_a_main/ifbench/summarize_before_immediate_s0,summarize_before_immediate_s0,22,accepted,3,4,0,5,0.006111111111110956,0.5293608652873644,1.0,0.70362081909062,0.19841700851978888,0.19841700851978888,0.06103286384976526,0.0,787,0,4,1,2,2,2,False,0.0,0.06,2,6,6,50,54,27,5,5,5,5,False,
P2_result/phase_a_main/ifbench/summarize_before_immediate_s0,summarize_before_immediate_s0,26,rejected,4,6,0,,,0.7544598484388458,1.0,0.3892220981002886,0.6969953988880765,0.3892220981002886,0.03125,0.0,803,0,3,2,2,2,2,False,0.0,,,,,,,,,,,,,
P2_result/phase_a_main/ifbench/summarize_before_score_plateau_s0,summarize_before_score_plateau_s0,42,accepted,1,5,0,9,0.004722222222222294,0.744453794831272,1.0,0.41800487046299406,0.642956818310003,0.41800487046299406,0.07407407407407407,0.0,863,0,4,1,1,3,3,False,0.0,0.03571428571428571,1,2,2,56,27,60,5,5,5,5,False,
P3_result/phase_a_main/hover/combine_all_budget_proportional_s0,combine_all_budget_proportional_s0,45,accepted,3,5,0,8,0.033333333333333326,0.7677564999564657,1.0,0.8064516129032258,0.7796040554661244,0.7796040554661244,0.005338078291814947,0.0,1514,0,4,1,2,3,3,False,0.25,0.0,0,0,0,95,36,67,5,5,5,5,False,
P3_result/phase_a_main/hover/combine_all_budget_proportional_s0,combine_all_budget_proportional_s0,53,accepted,3,6,0,10,0.03666666666666668,0.8565149457097293,1.0,0.8571428571428571,0.7786061977238448,0.7786061977238448,0.0047169811320754715,0.0,1178,0,3,2,2,2,2,False,0.25,0.0,0,0,0,65,36,35,5,5,5,5,False,
P3_result/phase_a_main/hover/combine_all_budget_proportional_s0,combine_all_budget_proportional_s0,56,accepted,1,6,0,12,0.03666666666666668,0.6717966308861809,0.946394630357186,0.6525974025974026,0.7803030303030303,0.6525974025974026,0.0,0.2,894,0,4,1,1,2,2,False,0.25,0.0,0,0,0,51,23,35,5,5,5,5,False,
P3_result/phase_a_main/hover/combine_all_budget_proportional_s0,combine_all_budget_proportional_s0,61,rejected,10,13,1,,,0.9244197541306024,0.946394630357186,1.0,0.8571428571428571,0.8571428571428571,0.0,0.0,1407,0,2,3,3,3,3,True,0.5,,,,,,,,,,,,,
P3_result/phase_a_main/hover/combine_all_budget_proportional_s0,combine_all_budget_proportional_s0,63,rejected,7,8,3,,,0.8990048269515363,0.946394630357186,0.9987980769230769,1.0,0.9987980769230769,0.0,0.0,1238,0,2,3,3,4,4,True,0.5,,,,,,,,,,,,,
P3_result/phase_a_main/hover/combine_all_budget_proportional_s0,combine_all_budget_proportional_s0,69,accepted,1,2,0,16,0.023333333333333317,0.7747930465220335,0.946394630357186,0.7954545454545454,0.7803030303030303,0.7803030303030303,0.0,0.0,540,0,5,0,1,1,1,False,0.5,0.0,0,0,0,32,23,16,5,5,5,5,False,
P3_result/phase_a_main/hover/combine_all_budget_proportional_s0,combine_all_budget_proportional_s0,71,rejected,6,7,0,,,0.7623116706085756,0.946394630357186,0.6015228643905115,0.8571428571428571,0.6015228643905115,0.003992015968063872,0.0,1484,0,2,3,2,3,3,False,0.0,,,,,,,,,,,,,
P3_result/phase_a_main/hover/combine_all_budget_proportional_s0,combine_all_budget_proportional_s0,78,accepted,9,11,0,19,-0.0033333333333332993,0.8698142937125406,0.946394630357186,0.8547044101731601,1.0,0.8547044101731601,0.004056795131845842,0.0,1493,0,3,2,2,3,3,False,0.25,0.0,0,0,0,80,35,52,5,5,5,5,False,
P3_result/phase_a_main/hover/combine_all_budget_proportional_s0,combine_all_budget_proportional_s0,105,accepted,7,11,0,21,0.00666666666666671,0.8659846443873765,0.946394630357186,0.8545697118972981,0.8229166666666666,0.8229166666666666,0.003436426116838488,0.0,1809,0,3,2,3,3,3,False,0.0,0.0,0,0,0,97,53,52,5,5,5,5,False,
P3_result/phase_a_main/hover/combine_all_immediate_s0,combine_all_immediate_s0,4,accepted,1,2,0,3,0.023333333333333317,0.7747930465220335,0.946394630357186,0.7954545454545454,0.7803030303030303,0.7803030303030303,0.0,0.0,540,0,4,1,1,1,1,False,0.5,0.0,0,0,0,32,23,16,5,5,5,5,False,
P3_result/phase_a_main/hover/combine_all_immediate_s0,combine_all_immediate_s0,13,accepted,2,4,0,5,-0.006666666666666654,0.7956333413577517,0.946394630357186,0.7786061977238448,1.0,0.7786061977238448,0.006060606060606061,0.0,824,0,3,2,1,2,2,False,0.5,0.0,0,0,0,46,16,36,5,5,5,5,False,
P3_result/phase_a_main/hover/combine_all_immediate_s0,combine_all_immediate_s0,20,accepted,3,6,0,7,0.006666666666666654,0.9624123110571317,0.946394630357186,0.8229166666666666,0.7954545454545454,0.7954545454545454,0.0,0.0,921,0,3,2,2,2,2,True,0.5,0.0,0,0,0,55,32,46,5,5,5,5,False,
P3_result/phase_a_main/hover/combine_all_immediate_s0,combine_all_immediate_s0,32,rejected,1,8,0,,,0.650322297583246,0.946394630357186,0.6102693602693603,0.7803030303030303,0.6102693602693603,0.0,0.0,882,0,2,3,1,2,2,False,0.25,,,,,,,,,,,,,
P3_result/phase_a_main/hover/combine_all_immediate_s0,combine_all_immediate_s0,42,accepted,7,9,0,10,0.030000000000000027,0.9143607596838174,0.946394630357186,1.0,0.8218452380952381,0.8218452380952381,0.004415011037527594,0.0,1313,0,4,1,3,2,3,True,0.5,0.0,0,0,0,72,55,33,5,5,5,5,False,
P3_result/phase_a_main/hover/combine_all_immediate_s0,combine_all_immediate_s0,55,rejected,4,11,0,,,0.9085790444211627,0.946394630357186,0.8214798850574713,1.0,0.8214798850574713,0.005859375,0.0,1400,0,1,4,2,3,3,False,0.5,,,,,,,,,,,,,
P3_result/phase_a_main/hover/combine_all_immediate_s0,combine_all_immediate_s0,57,accepted,10,11,6,13,-0.020000000000000018,0.9222879131311563,0.946394630357186,0.9983031674208145,1.0,0.9983031674208145,0.0,0.0,1032,0,3,2,4,3,4,True,0.5,0.0,0,0,0,93,72,66,5,5,5,5,False,
P3_result/phase_a_main/hover/combine_all_immediate_s0,combine_all_immediate_s0,60,accepted,4,13,1,15,0.026666666666666672,0.8263379784087624,0.946394630357186,0.8214798850574713,1.0,0.8214798850574713,0.0,0.0,1697,0,3,2,2,5,5,True,0.25,0.0,0,0,0,105,36,93,5,5,5,5,False,
P3_result/phase_a_main/hover/combine_all_immediate_s0,combine_all_immediate_s0,62,rejected,4,7,0,,,0.9445064978785985,0.946394630357186,0.8214798850574713,1.0,0.8214798850574713,0.0045045045045045045,0.0,1205,0,2,3,2,3,3,True,0.5,,,,,,,,,,,,,
P3_result/phase_a_main/hover/combine_all_immediate_s0,combine_all_immediate_s0,67,accepted,14,16,3,18,0.006666666666666654,0.9316304267271974,0.946394630357186,0.9989316239316239,0.8020833333333334,0.8020833333333334,0.0,0.0,3240,0,4,1,6,7,7,False,0.25,0.0,0,0,0,179,117,132,5,5,5,5,False,
P3_result/phase_a_main/hover/combine_all_immediate_s0,combine_all_immediate_s0,74,accepted,14,15,7,20,-0.026666666666666672,0.641709867342047,0.946394630357186,1.0,0.8020833333333334,0.8020833333333334,0.0,0.0,2146,0,3,2,6,6,6,True,0.5,0.0,0,0,0,130,117,105,5,5,5,5,False,
P3_result/phase_a_main/hover/combine_all_score_plateau_s0,combine_all_score_plateau_s0,32,rejected,3,6,0,,,0.8565149457097293,1.0,0.8571428571428571,0.7786061977238448,0.7786061977238448,0.0047169811320754715,0.0,1178,0,1,4,2,2,2,False,0.25,,,,,,,,,,,,,
P3_result/phase_a_main/hover/combine_all_score_plateau_s0,combine_all_score_plateau_s0,44,accepted,1,5,0,8,0.03666666666666668,0.5351688427223229,0.946394630357186,0.5731182795698925,0.7803030303030303,0.5731182795698925,0.0,0.0,1230,0,4,1,1,3,3,False,0.25,0.0,0,0,0,83,23,67,5,5,5,5,False,
P3_result/phase_a_main/hover/combine_all_score_plateau_s0,combine_all_score_plateau_s0,53,accepted,1,6,0,12,0.03666666666666668,0.6717966308861809,0.946394630357186,0.6525974025974026,0.7803030303030303,0.6525974025974026,0.0,0.2,894,0,4,1,1,2,2,False,0.25,0.0,0,0,0,51,23,35,5,5,5,5,False,
P3_result/phase_a_main/hover/combine_all_score_plateau_s0,combine_all_score_plateau_s0,77,accepted,8,11,5,16,-0.020000000000000018,0.8557152057551866,0.946394630357186,0.9790825308066687,1.0,0.9790825308066687,0.005244755244755245,0.0,663,0,4,1,4,5,5,True,0.5,0.0,0,0,0,102,83,85,5,5,5,5,False,
P3_result/phase_a_main/hover/combine_all_score_plateau_s0,combine_all_score_plateau_s0,86,accepted,6,14,2,20,0.043333333333333335,0.48285520238915297,0.8112781244591328,0.4534713518173982,1.0,0.4534713518173982,0.002902757619738752,0.0,1905,0,4,1,2,6,6,False,0.0,0.0,1,0,1,126,35,106,5,5,5,5,False,
P3_result/phase_a_main/hover/original_budget_proportional_s0,original_budget_proportional_s0,45,accepted,3,5,0,8,0.033333333333333326,0.7918358565262624,0.946394630357186,0.8064516129032258,0.5795785124393252,0.5795785124393252,0.0,0.0,1044,0,3,2,2,3,3,False,0.25,0.0,0,11,11,62,36,67,5,5,5,5,False,
P3_result/phase_a_main/hover/original_budget_proportional_s0,original_budget_proportional_s0,53,accepted,3,6,0,10,0.03999999999999998,0.7849803410818628,0.946394630357186,0.8571428571428571,0.6229496283074696,0.6229496283074696,0.0,0.0,949,0,4,1,2,2,2,False,0.25,0.0,0,1,1,55,36,35,5,5,5,5,False,
P3_result/phase_a_main/hover/original_budget_proportional_s0,original_budget_proportional_s0,56,accepted,1,6,0,12,0.03666666666666668,0.6717966308861809,0.946394630357186,0.6525974025974026,0.7803030303030303,0.6525974025974026,0.0,0.2,894,0,4,1,1,2,2,False,0.25,0.0,0,0,0,51,23,35,5,5,5,5,False,
P3_result/phase_a_main/hover/original_budget_proportional_s0,original_budget_proportional_s0,63,rejected,10,11,6,,,0.9644525831766092,0.946394630357186,0.8455729468694474,0.8426465980044392,0.8426465980044392,0.0,0.0,368,0,2,3,3,3,3,True,0.5,,,,,,,,,,,,,
P3_result/phase_a_main/hover/original_budget_proportional_s0,original_budget_proportional_s0,87,accepted,4,7,0,15,0.0,0.6681273338436139,0.8112781244591328,0.4732128869161811,1.0,0.4732128869161811,0.0,0.0,901,0,3,2,2,3,3,False,0.25,0.0,2,0,2,53,45,53,5,5,5,5,False,
P3_result/phase_a_main/hover/original_budget_proportional_s0,original_budget_proportional_s0,100,rejected,4,14,0,,,0.9085913249182463,0.946394630357186,0.9613204061733474,0.8064516129032258,0.8064516129032258,0.0,0.0,938,0,2,3,2,2,2,False,0.5,,,,,,,,,,,,,
P3_result/phase_a_main/hover/original_budget_proportional_s0,original_budget_proportional_s0,114,accepted,8,11,2,18,0.0,0.8057362307072478,1.0,0.7027158040123045,0.6490982109076651,0.6490982109076651,0.0,0.0,1171,0,4,1,4,3,4,True,0.0,0.0,0,1,1,80,62,52,5,5,5,5,False,
P3_result/phase_a_main/hover/original_budget_proportional_s0,original_budget_proportional_s0,137,rejected,11,17,0,,,0.7780985600482113,0.946394630357186,0.8431631121397608,0.7027158040123045,0.7027158040123045,0.0,0.0,939,0,2,3,3,2,3,False,0.25,,,,,,,,,,,,,
P3_result/phase_a_main/hover/original_immediate_s0,original_immediate_s0,4,accepted,1,2,0,3,0.023333333333333317,0.7747930465220335,0.946394630357186,0.7954545454545454,0.7803030303030303,0.7803030303030303,0.0,0.0,540,0,4,1,1,1,1,False,0.5,0.0,0,0,0,32,23,16,5,5,5,5,False,
P3_result/phase_a_main/hover/original_immediate_s0,original_immediate_s0,13,accepted,2,4,0,5,0.0,0.5435644431995964,1.0,0.6229496283074696,1.0,0.6229496283074696,0.0,0.0,595,0,3,2,1,2,2,False,0.5,0.0,1,0,1,36,16,36,5,5,5,5,False,
P3_result/phase_a_main/hover/original_immediate_s0,original_immediate_s0,32,accepted,5,6,2,7,0.010000000000000009,0.7932007082907292,0.946394630357186,0.8148148148148148,0.6229496283074696,0.6229496283074696,0.0,0.0,721,0,3,2,3,2,3,True,0.25,0.0,0,1,1,58,36,39,5,5,5,5,False,
P3_result/phase_a_main/hover/original_immediate_s0,original_immediate_s0,41,accepted,3,5,2,9,0.0,0.954434002924965,0.8112781244591328,0.8426465980044392,1.0,0.8426465980044392,0.0,0.0,379,0,3,2,2,3,3,True,0.75,0.0,1,0,1,36,32,36,5,5,5,5,False,
P3_result/phase_a_main/hover/original_immediate_s0,original_immediate_s0,53,accepted,6,10,0,11,0.0,0.5254506799086206,0.8112781244591328,0.44482277221450406,1.0,0.44482277221450406,0.0,0.0,884,0,3,2,2,5,5,False,0.25,0.0,7,0,7,50,39,50,5,5,5,5,False,
P3_result/phase_a_main/hover/original_immediate_s0,original_immediate_s0,55,accepted,9,12,5,13,0.0,0.8892881527272397,1.0,0.7223033033822476,1.0,0.7223033033822476,0.0,0.0,535,0,3,2,4,5,5,True,0.5,0.0,0,0,0,69,36,69,5,5,5,5,False,
P3_result/phase_a_main/hover/original_immediate_s0,original_immediate_s0,90,accepted,2,14,0,15,0.020000000000000018,0.5595932476170057,0.946394630357186,0.5823863636363636,0.7954545454545454,0.5823863636363636,0.0,0.0,894,0,3,2,1,2,2,False,0.25,0.0,0,0,0,51,16,42,5,5,5,5,False,
P3_result/phase_a_main/hover/original_immediate_s0,original_immediate_s0,93,rejected,7,16,6,,,0.8385236246747336,0.946394630357186,0.8218731439070346,0.9236566440011833,0.8218731439070346,0.0,0.0,326,0,2,3,4,7,7,True,0.5,,,,,,,,,,,,,
P3_result/phase_a_main/hover/original_immediate_s0,original_immediate_s0,96,accepted,8,9,0,18,0.0,0.9929768866085175,0.8112781244591328,1.0,0.8083333333333333,0.8083333333333333,0.0,0.0,1122,0,3,2,5,4,5,True,0.75,0.0,0,0,0,64,64,36,5,5,5,5,False,
P3_result/phase_a_main/hover/original_immediate_s0,original_immediate_s0,98,accepted,3,19,0,20,-0.006666666666666654,0.9817186717010526,0.946394630357186,0.7738095238095238,0.7803030303030303,0.7738095238095238,0.0,0.0,934,0,4,1,2,2,2,True,0.5,0.0,0,0,0,51,32,36,5,5,5,5,False,
P3_result/phase_a_main/hover/original_score_plateau_s0,original_score_plateau_s0,32,accepted,3,6,0,7,0.03999999999999998,0.7849803410818628,0.946394630357186,0.8571428571428571,0.6229496283074696,0.6229496283074696,0.0,0.0,949,0,3,2,2,2,2,False,0.25,0.0,0,1,1,55,36,35,5,5,5,5,False,
P3_result/phase_a_main/hover/original_score_plateau_s0,original_score_plateau_s0,51,accepted,1,4,0,12,0.046666666666666634,0.6247931075258445,0.946394630357186,0.6019061583577713,0.7803030303030303,0.6019061583577713,0.0,0.0,989,0,4,1,1,2,2,False,0.25,0.0,0,0,0,60,23,45,5,5,5,5,False,
P3_result/phase_a_main/hover/original_score_plateau_s0,original_score_plateau_s0,57,accepted,7,15,2,16,0.010000000000000009,0.9848750167310901,0.946394630357186,0.8064516129032258,0.6739355996896306,0.6739355996896306,0.0,0.0,1182,0,3,2,3,4,4,True,0.25,0.0,0,1,1,81,55,70,5,5,5,5,False,
P3_result/phase_a_main/hover/original_score_plateau_s0,original_score_plateau_s0,117,accepted,7,10,3,21,0.01666666666666672,0.978806993096136,0.946394630357186,0.9762440704251049,0.8571428571428571,0.8571428571428571,0.0,0.0,673,0,4,1,3,3,3,True,0.5,0.0,1,0,1,73,55,54,5,5,5,5,False,
P3_result/phase_a_main/hover/summarize_before_budget_proportional_s0,summarize_before_budget_proportional_s0,45,accepted,3,5,0,8,0.043333333333333335,0.6812664125536126,1.0,0.6191902695577255,0.5732912773261918,0.5732912773261918,0.05303030303030303,0.0,960,0,3,2,2,3,3,False,0.25,0.01694915254237288,1,8,8,59,36,67,5,5,5,5,False,
P3_result/phase_a_main/hover/summarize_before_budget_proportional_s0,summarize_before_budget_proportional_s0,53,accepted,3,6,0,10,0.013333333333333364,0.7056907200979494,1.0,0.6724028997200587,0.6011426835958811,0.6011426835958811,0.0391566265060241,0.0,870,0,3,2,2,2,2,False,0.25,0.0,2,1,2,50,36,35,5,5,5,5,False,
P3_result/phase_a_main/hover/summarize_before_budget_proportional_s0,summarize_before_budget_proportional_s0,56,accepted,1,6,0,12,0.03666666666666668,0.6717966308861809,0.946394630357186,0.6525974025974026,0.7803030303030303,0.6525974025974026,0.0,0.2,894,0,4,1,1,2,2,False,0.25,0.0,0,0,0,51,23,35,5,5,5,5,False,
P3_result/phase_a_main/hover/summarize_before_budget_proportional_s0,summarize_before_budget_proportional_s0,61,accepted,10,13,1,14,0.023333333333333317,0.7908282183706478,0.946394630357186,0.9548880275624462,0.6734629871087783,0.6734629871087783,0.008875739644970414,0.0,569,0,3,2,3,3,3,True,0.5,0.0196078431372549,0,2,2,51,50,48,5,5,5,5,False,
P3_result/phase_a_main/hover/summarize_before_budget_proportional_s0,summarize_before_budget_proportional_s0,63,accepted,7,8,3,16,-0.003333333333333355,0.7934178692937714,0.946394630357186,0.7326313559640028,0.9875604538690477,0.7326313559640028,0.009501187648456057,0.2,456,1,1,3,3,4,4,True,0.5,0.0,1,0,1,66,53,59,5,5,5,5,False,
P3_result/phase_a_main/hover/summarize_before_budget_proportional_s0,summarize_before_budget_proportional_s0,71,accepted,2,9,0,18,0.010000000000000009,0.6536775065231636,0.946394630357186,0.6640533760838682,0.8378694077111477,0.6640533760838682,0.01838235294117647,0.0,638,0,3,2,1,2,2,False,0.5,0.0,0,0,0,34,16,35,5,5,5,5,False,
P3_result/phase_a_main/hover/summarize_before_budget_proportional_s0,summarize_before_budget_proportional_s0,75,accepted,6,16,0,20,0.003333333333333355,0.8366407419411673,0.946394630357186,0.41531136819516734,0.7995039682539682,0.41531136819516734,0.0,0.0,1388,0,4,1,2,5,5,True,0.0,0.0,1,0,1,85,35,66,5,5,5,5,False,
P3_result/phase_a_main/hover/summarize_before_immediate_s0,summarize_before_immediate_s0,4,accepted,1,2,0,3,0.023333333333333317,0.7747930465220335,0.946394630357186,0.7954545454545454,0.7803030303030303,0.7803030303030303,0.0,0.0,540,0,4,1,1,1,1,False,0.5,0.0,0,0,0,32,23,16,5,5,5,5,False,
P3_result/phase_a_main/hover/summarize_before_immediate_s0,summarize_before_immediate_s0,13,rejected,2,4,0,,,0.5593636130115008,0.946394630357186,0.6091409572390907,0.8082205472335069,0.6091409572390907,0.10126582278481013,0.0,515,0,1,4,1,2,2,False,0.5,,,,,,,,,,,,,
P3_result/phase_a_main/hover/summarize_before_immediate_s0,summarize_before_immediate_s0,32,accepted,4,5,0,6,0.033333333333333326,0.6998700293336566,1.0,0.6300748573920164,0.6011426835958811,0.6011426835958811,0.035422343324250684,0.0,858,0,3,2,2,2,2,False,0.25,0.0,2,1,2,53,36,39,5,5,5,5,False,
P3_result/phase_a_main/hover/summarize_before_immediate_s0,summarize_before_immediate_s0,45,rejected,6,7,1,,,0.8132697708589566,0.946394630357186,0.8728004092387316,0.6183862433862434,0.6183862433862434,0.0,0.0,703,0,2,3,3,2,3,True,0.25,,,,,,,,,,,,,
P3_result/phase_a_main/hover/summarize_before_immediate_s0,summarize_before_immediate_s0,48,accepted,7,8,1,9,0.003333333333333355,0.7894505328597247,0.946394630357186,0.6037878787878788,0.8728004092387316,0.6037878787878788,0.0,0.0,731,0,3,2,2,3,3,False,0.25,0.0,0,0,0,60,29,54,5,5,5,5,False,
P3_result/phase_a_main/hover/summarize_before_immediate_s0,summarize_before_immediate_s0,57,rejected,3,5,2,,,0.9722677162837141,0.946394630357186,0.8148148148148148,0.7803030303030303,0.7803030303030303,0.0,0.0,666,0,2,3,2,2,2,True,0.5,,,,,,,,,,,,,
P3_result/phase_a_main/hover/summarize_before_immediate_s0,summarize_before_immediate_s0,88,rejected,7,8,0,,,0.6694219821819812,0.946394630357186,0.5965763403263403,0.8728004092387316,0.5965763403263403,0.0,0.0,1041,0,2,3,2,3,3,False,0.25,,,,,,,,,,,,,
P3_result/phase_a_main/hover/summarize_before_immediate_s0,summarize_before_immediate_s0,100,accepted,3,12,0,13,0.006666666666666654,0.6501267132051686,0.946394630357186,0.9270003662026689,0.6444086823339872,0.6444086823339872,0.0,0.0,606,0,4,1,2,3,3,True,0.5,0.0,0,1,1,33,32,34,5,5,5,5,False,
P3_result/phase_a_main/hover/summarize_before_immediate_s0,summarize_before_immediate_s0,107,accepted,7,10,0,15,0.0,0.5883604945150887,0.8112781244591328,0.4074710012210012,0.8728004092387316,0.4074710012210012,0.0,0.2,1316,1,2,2,2,4,4,False,0.0,0.013333333333333334,0,0,0,75,29,69,5,5,5,5,False,
P3_result/phase_a_main/hover/summarize_before_immediate_s0,summarize_before_immediate_s0,113,accepted,4,9,1,17,0.010000000000000009,0.5310461061608639,0.946394630357186,0.4963937851492666,0.8208396532928507,0.4963937851492666,0.028037383177570093,0.0,707,0,4,1,2,4,4,True,0.25,0.0,2,1,2,59,36,60,5,5,5,5,False,
P3_result/phase_a_main/hover/summarize_before_immediate_s0,summarize_before_immediate_s0,117,accepted,8,16,0,19,0.016666666666666663,0.9658047283348064,0.946394630357186,0.8020833333333334,0.6037878787878788,0.6037878787878788,0.0,0.0,1344,0,3,2,3,2,3,False,0.25,0.0,0,0,0,82,54,52,5,5,5,5,False,
P3_result/phase_a_main/hover/summarize_before_immediate_s0,summarize_before_immediate_s0,120,accepted,5,13,2,21,-0.006666666666666654,0.9702159935838949,0.946394630357186,0.7803030303030303,0.8148148148148148,0.7803030303030303,0.0,0.0,732,0,3,2,2,4,4,True,0.5,0.0,0,0,0,56,39,33,5,5,5,5,False,
P3_result/phase_a_main/hover/summarize_before_score_plateau_s0,summarize_before_score_plateau_s0,32,rejected,3,6,0,,,0.7056907200979494,1.0,0.6724028997200587,0.6011426835958811,0.6011426835958811,0.0391566265060241,0.0,870,0,2,3,2,2,2,False,0.25,,,,,,,,,,,,,
P3_result/phase_a_main/hover/summarize_before_score_plateau_s0,summarize_before_score_plateau_s0,44,accepted,1,5,0,8,0.03666666666666668,0.5351688427223229,0.946394630357186,0.5731182795698925,0.7803030303030303,0.5731182795698925,0.0,0.0,1230,0,4,1,1,3,3,False,0.25,0.0,0,0,0,83,23,67,5,5,5,5,False,
P3_result/phase_a_main/hover/summarize_before_score_plateau_s0,summarize_before_score_plateau_s0,53,accepted,1,6,0,12,0.03666666666666668,0.6717966308861809,0.946394630357186,0.6525974025974026,0.7803030303030303,0.6525974025974026,0.0,0.2,894,0,4,1,1,2,2,False,0.25,0.0,0,0,0,51,23,35,5,5,5,5,False,
P3_result/phase_a_main/hover/summarize_before_score_plateau_s0,summarize_before_score_plateau_s0,77,accepted,8,11,5,16,0.0,0.7793406736120542,0.946394630357186,0.9802188944430323,0.8497929799423233,0.8497929799423233,0.0,0.0,373,0,3,2,4,5,5,True,0.5,0.0,0,0,0,88,83,85,5,5,5,5,False,
P3_result/phase_a_main/hover/summarize_before_score_plateau_s0,summarize_before_score_plateau_s0,86,rejected,6,14,2,,,0.41732642658059743,0.8112781244591328,0.34050954803226646,0.8013047343989949,0.34050954803226646,0.015384615384615385,0.0,1506,0,2,3,2,6,6,False,0.0,,,,,,,,,,,,,
P3_result/phase_a_main/hover/summarize_before_score_plateau_s0,summarize_before_score_plateau_s0,88,accepted,6,14,0,21,0.016666666666666663,0.5601729285704007,1.0,0.3817864211872393,0.6545847457552575,0.3817864211872393,0.04423076923076923,0.0,1506,0,3,2,2,6,6,False,0.0,0.011494252873563218,0,10,10,87,35,106,5,5,5,5,False,
P3_result/phase_a_main/ifbench/combine_all_budget_proportional_s0,combine_all_budget_proportional_s0,27,accepted,3,5,0,6,0.04972222222222211,0.8130474783783602,1.0,1.0,0.6538461538461539,0.6538461538461539,0.0,0.0,424,0,5,0,2,1,2,False,0.0,0.0,0,0,0,22,15,10,5,5,5,5,False,
P3_result/phase_a_main/ifbench/combine_all_budget_proportional_s0,combine_all_budget_proportional_s0,31,accepted,2,7,0,8,-0.0002777777777778212,0.842088781560647,1.0,1.0,1.0,1.0,0.012552301255230125,0.0,459,0,3,2,1,2,2,False,0.0,0.0,0,0,0,25,8,20,4,4,4,5,True,"The prompt instructs to 'first repeat the request word for word without any changes' but also says 'Do not add any words or characters before repeating the request.' These two instructions conflict because the first requires repetition and then an answer, while the second forbids adding anything before the repetition, which is contradictory."
P3_result/phase_a_main/ifbench/combine_all_budget_proportional_s0,combine_all_budget_proportional_s0,36,accepted,5,9,0,10,0.0008333333333333526,0.1432700321180351,1.0,0.6538461538461539,0.9992350061199511,0.6538461538461539,0.007853403141361256,0.0,6712,0,3,2,1,2,2,False,0.0,0.0,0,0,0,58,10,51,5,5,5,5,False,
P3_result/phase_a_main/ifbench/combine_all_immediate_s0,combine_all_immediate_s0,21,accepted,3,4,0,5,0.03083333333333338,0.9471772432519089,1.0,0.9375,1.0,0.9375,0.012048192771084338,0.0,519,0,4,1,2,2,2,False,0.0,0.0,0,0,0,26,14,15,4,5,5,5,False,
P3_result/phase_a_main/ifbench/combine_all_immediate_s0,combine_all_immediate_s0,27,rejected,2,4,0,,,0.889595191167314,1.0,0.9375,1.0,0.9375,0.017142857142857144,0.0,328,0,3,2,1,2,2,False,0.0,,,,,,,,,,,,,
P3_result/phase_a_main/ifbench/combine_all_immediate_s0,combine_all_immediate_s0,50,accepted,5,10,1,11,0.03499999999999992,0.9300894255562056,1.0,0.9866071428571428,1.0,0.9866071428571428,0.0,0.2,573,1,2,2,3,2,3,True,0.0,0.0,0,0,0,33,26,15,4,4,5,5,False,
P3_result/phase_a_main/ifbench/combine_all_score_plateau_s0,combine_all_score_plateau_s0,36,accepted,3,6,0,7,-0.01388888888888895,0.23469323137618503,1.0,1.0,1.0,1.0,0.007444168734491315,0.2,6862,0,3,2,2,2,2,False,0.0,0.0,0,0,0,59,15,51,4,4,5,5,False,
P3_result/phase_a_main/ifbench/original_budget_proportional_s0,original_budget_proportional_s0,27,accepted,3,5,0,6,0.04972222222222211,0.8130474783783602,1.0,1.0,0.6538461538461539,0.6538461538461539,0.0,0.0,424,0,5,0,2,1,2,False,0.0,0.0,0,0,0,22,15,10,5,5,5,5,False,
P3_result/phase_a_main/ifbench/original_budget_proportional_s0,original_budget_proportional_s0,31,accepted,2,7,0,8,0.0,0.7219280948873623,0.0,0.7445704003598741,1.0,0.7445704003598741,0.0,0.0,345,0,3,2,1,2,2,False,0.0,0.0,1,0,1,20,8,20,5,5,5,5,False,
P3_result/phase_a_main/ifbench/original_budget_proportional_s0,original_budget_proportional_s0,36,accepted,5,9,0,10,0.0,0.050798721674164604,0.0,0.3568319160257566,1.0,0.3568319160257566,0.0,0.0,6560,0,3,2,1,2,2,False,0.0,0.0,0,0,0,51,10,51,5,5,5,5,False,
P3_result/phase_a_main/ifbench/original_immediate_s0,original_immediate_s0,21,accepted,3,4,0,5,0.0,0.7219280948873623,0.0,0.5911634674983571,1.0,0.5911634674983571,0.0,0.0,214,0,3,2,2,2,2,False,0.0,0.0,4,0,4,15,14,15,5,5,5,5,False,
P3_result/phase_a_main/ifbench/original_immediate_s0,original_immediate_s0,27,accepted,5,6,0,7,0.0,0.7219280948873623,0.0,1.0,0.7150275275275275,0.7150275275275275,0.0,0.0,214,0,3,2,3,1,3,True,0.0,0.0,0,0,0,15,15,8,4,4,5,5,False,
P3_result/phase_a_main/ifbench/original_immediate_s0,original_immediate_s0,30,accepted,1,8,0,9,0.0,0.8366407419411673,0.0,0.7202951824004455,1.0,0.7202951824004455,0.0,0.0,333,0,3,2,1,2,2,False,0.0,0.0,2,0,2,15,9,15,4,4,5,5,False,
P3_result/phase_a_main/ifbench/original_immediate_s0,original_immediate_s0,36,accepted,7,9,2,11,0.0005555555555555314,0.9320201587042913,1.0,0.664630241780341,0.7445704003598741,0.664630241780341,0.0,0.0,204,0,3,2,4,3,4,True,0.0,0.0,3,1,3,16,15,15,4,4,5,5,False,
P3_result/phase_a_main/ifbench/original_score_plateau_s0,original_score_plateau_s0,36,accepted,5,6,0,7,0.0,0.9852281360342515,0.0,0.6276403369542007,1.0,0.6276403369542007,0.0,0.0,221,0,3,2,3,2,3,False,0.5,0.0,19,0,19,14,129,14,4,4,5,5,False,
P3_result/phase_a_main/ifbench/original_score_plateau_s0,original_score_plateau_s0,57,accepted,3,10,0,11,0.0,0.08650421412134598,0.0,0.5484049679735913,1.0,0.5484049679735913,0.0,0.0,6310,0,3,2,2,4,4,False,0.0,0.0,0,0,0,90,15,90,5,5,5,5,False,
P3_result/phase_a_main/ifbench/summarize_before_budget_proportional_s0,summarize_before_budget_proportional_s0,27,accepted,3,5,0,6,0.04972222222222211,0.8130474783783602,1.0,1.0,0.6538461538461539,0.6538461538461539,0.0,0.0,424,0,5,0,2,1,2,False,0.0,0.0,0,0,0,22,15,10,5,5,5,5,False,
P3_result/phase_a_main/ifbench/summarize_before_budget_proportional_s0,summarize_before_budget_proportional_s0,31,accepted,2,7,0,8,0.007500000000000062,0.7671316904273879,1.0,0.9274193548387097,0.9699248120300752,0.9274193548387097,0.0,0.0,401,0,3,2,1,2,2,False,0.0,0.0,0,0,0,22,8,20,5,5,5,5,False,
P3_result/phase_a_main/ifbench/summarize_before_budget_proportional_s0,summarize_before_budget_proportional_s0,36,accepted,5,8,0,10,0.004166666666666652,0.6620967530389114,1.0,0.576348488113194,1.0,0.576348488113194,0.0,0.0,511,0,4,1,1,3,3,True,0.0,0.0,0,0,0,27,10,22,5,5,5,5,False,
P3_result/phase_a_main/ifbench/summarize_before_immediate_s0,summarize_before_immediate_s0,21,accepted,3,4,0,5,0.014444444444444482,0.906359331174966,1.0,0.9346590909090908,0.836723753829017,0.836723753829017,0.004310344827586207,0.0,443,0,3,2,2,2,2,False,0.0,0.0,0,1,1,22,14,15,5,5,5,5,False,
P3_result/phase_a_main/ifbench/summarize_before_immediate_s0,summarize_before_immediate_s0,28,rejected,2,4,0,,,0.8136524099222412,1.0,0.8649193548387097,0.9699248120300752,0.8649193548387097,0.0,0.4,270,1,1,3,1,2,2,False,0.0,,,,,,,,,,,,,
P3_result/phase_a_main/ifbench/summarize_before_immediate_s0,summarize_before_immediate_s0,30,accepted,2,7,0,8,0.021666666666666612,0.8387794678549644,1.0,0.8024193548387097,0.9699248120300752,0.8024193548387097,0.0,0.2,246,1,4,0,1,2,2,False,0.0,0.0,0,0,0,16,8,14,5,5,5,5,False,
P3_result/phase_a_main/ifbench/summarize_before_immediate_s0,summarize_before_immediate_s0,36,accepted,6,9,2,10,-0.05194444444444435,0.38787615811961085,1.0,1.0,0.9988716340269277,0.9988716340269277,0.0019801980198019802,0.0,5685,0,3,2,4,2,4,False,0.0,0.014285714285714285,0,0,0,70,27,51,4,5,5,5,False,
P3_result/phase_a_main/ifbench/summarize_before_score_plateau_s0,summarize_before_score_plateau_s0,36,accepted,3,6,0,7,-0.011388888888888893,0.18508069777624653,1.0,1.0,1.0,1.0,0.0,0.2,6748,0,4,1,2,2,2,False,0.0,0.0,0,0,0,58,15,51,4,4,5,5,False,
P4_result/phase_a_main/hotpotqa/combine_all_budget_proportional_s0,combine_all_budget_proportional_s0,112,accepted,3,8,0,9,0.013333333333333364,0.5961959795072822,0.946394630357186,0.8229166666666666,0.6146428571428572,0.6146428571428572,0.0,0.0,1010,0,3,2,2,1,2,False,0.25,0.0,0,0,0,66,52,22,5,5,5,5,False,
P4_result/phase_a_main/hotpotqa/combine_all_budget_proportional_s0,combine_all_budget_proportional_s0,119,rejected,9,10,8,,,0.8943426462690938,0.946394630357186,1.0,0.8170238095238095,0.8170238095238095,0.004098360655737705,0.0,1050,0,2,3,3,2,3,True,0.5,,,,,,,,,,,,,
P4_result/phase_a_main/hotpotqa/combine_all_budget_proportional_s0,combine_all_budget_proportional_s0,121,accepted,10,11,0,12,-0.016666666666666663,0.8128720684437298,0.946394630357186,0.6325000000000001,0.9981527093596059,0.6325000000000001,0.003590664272890485,0.0,1622,0,3,2,2,4,4,False,0.25,0.0,0,0,0,94,35,80,5,5,5,5,False,
P4_result/phase_a_main/hotpotqa/combine_all_budget_proportional_s0,combine_all_budget_proportional_s0,185,accepted,9,15,0,16,-0.010000000000000064,0.9971738343073082,0.946394630357186,0.7947114138130472,1.0,0.7947114138130472,0.0035398230088495575,0.0,1817,0,3,2,3,4,4,True,0.25,0.0,0,0,0,105,66,76,5,5,5,5,False,
P4_result/phase_a_main/hotpotqa/combine_all_budget_proportional_s0,combine_all_budget_proportional_s0,187,accepted,10,15,0,18,-0.013333333333333364,0.9122828071055981,1.0,0.6135825139772508,1.0,0.6135825139772508,0.0032626427406199023,0.0,1862,0,3,2,2,4,4,False,0.0,0.0,0,0,0,105,35,76,5,5,5,5,False,
P4_result/phase_a_main/hotpotqa/combine_all_immediate_s0,combine_all_immediate_s0,33,accepted,3,4,0,5,-0.010000000000000009,0.9431858609667473,0.946394630357186,0.8163076923076923,1.0,0.8163076923076923,0.004032258064516129,0.0,1472,0,3,2,2,3,3,False,0.5,0.0,0,0,0,98,58,78,5,5,5,5,False,
P4_result/phase_a_main/hotpotqa/combine_all_immediate_s0,combine_all_immediate_s0,118,accepted,3,6,0,7,-0.009999999999999898,0.9542275555080525,0.946394630357186,0.8125,0.7980769230769231,0.7980769230769231,0.0,0.0,1075,0,4,1,2,2,2,False,0.5,0.0,0,0,0,72,58,53,5,5,5,5,False,
P4_result/phase_a_main/hotpotqa/combine_all_immediate_s0,combine_all_immediate_s0,131,accepted,6,8,0,9,-0.05333333333333329,0.844644843600317,0.946394630357186,0.5961538461538461,0.9989285714285714,0.5961538461538461,0.0,0.0,1907,0,3,2,2,5,5,False,0.25,0.0,0,0,0,122,53,107,5,5,5,5,False,
P4_result/phase_a_main/hotpotqa/combine_all_immediate_s0,combine_all_immediate_s0,176,rejected,7,9,3,,,0.9638476427733654,0.946394630357186,0.7970769230769231,1.0,0.7970769230769231,0.0,0.0,1361,0,2,3,3,6,6,True,0.25,,,,,,,,,,,,,
P4_result/phase_a_main/hotpotqa/combine_all_immediate_s0,combine_all_immediate_s0,225,accepted,9,11,0,12,-0.033333333333333326,0.9389031267854695,0.946394630357186,0.9993827160493827,0.7980769230769231,0.7980769230769231,0.0,0.0,2784,0,3,2,6,4,6,True,0.25,0.0,0,0,0,155,122,85,5,5,5,5,False,
P4_result/phase_a_main/hotpotqa/combine_all_immediate_s0,combine_all_immediate_s0,230,rejected,7,12,0,,,0.6442153439902908,0.946394630357186,0.7980769230769231,0.9998713991769548,0.7980769230769231,0.0,0.0,3387,0,1,4,3,7,7,True,0.25,,,,,,,,,,,,,
P4_result/phase_a_main/hotpotqa/combine_all_immediate_s0,combine_all_immediate_s0,259,accepted,7,12,3,15,-0.023333333333333373,0.9968519255971731,0.946394630357186,0.7975560897435897,1.0,0.7975560897435897,0.0,0.0,2238,0,3,2,3,7,7,True,0.25,0.0,0,0,0,155,72,155,5,5,5,5,False,
P4_result/phase_a_main/hotpotqa/combine_all_immediate_s0,combine_all_immediate_s0,266,accepted,11,13,1,17,-0.00666666666666671,0.7441265110103006,0.946394630357186,0.7903225806451613,0.8,0.7903225806451613,0.0,0.0,945,0,3,2,4,3,4,False,0.5,0.0,0,0,0,88,85,56,5,5,5,5,False,
P4_result/phase_a_main/hotpotqa/combine_all_score_plateau_s0,combine_all_score_plateau_s0,45,rejected,3,6,0,,,0.9362877152340485,0.946394630357186,0.8043478260869565,0.7946428571428571,0.7946428571428571,0.0,0.0,1260,0,2,3,2,3,3,False,0.5,,,,,,,,,,,,,
P4_result/phase_a_main/hotpotqa/combine_all_score_plateau_s0,combine_all_score_plateau_s0,167,accepted,3,12,0,13,0.03999999999999998,0.9980008838722995,1.0,0.6191626409017713,0.6146428571428572,0.6146428571428572,0.0,0.0,1415,0,5,0,2,2,2,False,0.0,0.0,0,0,0,83,52,42,5,5,5,5,False,
P4_result/phase_a_main/hotpotqa/combine_all_score_plateau_s0,combine_all_score_plateau_s0,181,accepted,6,14,0,15,-0.030000000000000027,0.9967183498157439,0.946394630357186,0.7936347926267281,1.0,0.7936347926267281,0.003436426116838488,0.0,1648,0,3,2,3,3,3,False,0.5,0.0,0,0,0,93,63,68,5,5,5,5,False,
P4_result/phase_a_main/hotpotqa/combine_all_score_plateau_s0,combine_all_score_plateau_s0,207,accepted,6,12,0,17,-0.006666666666666654,0.8635856154981144,1.0,0.8138067502986858,0.8200000000000001,0.8138067502986858,0.0033003300330033004,0.0,1694,0,3,2,3,2,3,False,0.25,0.0,0,0,0,95,63,42,5,5,5,5,False,
P4_result/phase_a_main/hotpotqa/original_budget_proportional_s0,original_budget_proportional_s0,112,accepted,3,8,0,9,0.013333333333333364,0.5961959795072822,0.946394630357186,0.8229166666666666,0.6146428571428572,0.6146428571428572,0.0,0.0,1010,0,3,2,2,1,2,False,0.25,0.0,0,0,0,66,52,22,5,5,5,5,False,
P4_result/phase_a_main/hotpotqa/original_budget_proportional_s0,original_budget_proportional_s0,119,accepted,9,10,8,11,0.0,0.8631205685666311,1.0,1.0,0.6080699927281785,0.6080699927281785,0.0,0.0,745,0,3,2,3,2,3,True,0.5,0.0,0,3,3,66,66,35,5,5,5,5,False,
P4_result/phase_a_main/hotpotqa/original_immediate_s0,original_immediate_s0,33,accepted,3,4,0,5,0.0,0.983833334733701,1.0,0.6243269082330087,1.0,0.6243269082330087,0.0,0.0,1140,0,3,2,2,3,3,False,0.5,0.0,2,0,2,78,58,78,5,5,5,5,False,
P4_result/phase_a_main/hotpotqa/original_immediate_s0,original_immediate_s0,51,accepted,5,6,0,7,0.0,0.2690553027246507,0.8112781244591328,1.0,0.47229070172436105,0.47229070172436105,0.0,0.0,1140,0,3,2,4,1,4,True,0.25,0.0,0,1,1,78,78,16,5,5,5,5,False,
P4_result/phase_a_main/hotpotqa/original_immediate_s0,original_immediate_s0,53,accepted,7,8,0,9,-0.013333333333333364,0.5227499603537409,0.8112781244591328,0.7867647058823529,0.47229070172436105,0.47229070172436105,0.0,0.0,1402,0,3,2,5,2,5,True,0.0,0.0,0,0,0,92,78,30,5,5,5,5,False,
P4_result/phase_a_main/hotpotqa/original_immediate_s0,original_immediate_s0,56,accepted,3,6,0,11,-0.010000000000000009,0.8699155297736259,0.946394630357186,0.8084914751958059,0.7980769230769231,0.7980769230769231,0.0,0.0,517,0,3,2,2,1,2,False,0.5,0.0,11,0,11,35,58,16,5,5,5,5,False,
P4_result/phase_a_main/hotpotqa/original_immediate_s0,original_immediate_s0,60,accepted,10,11,3,13,0.013333333333333308,0.4609265212717099,0.8112781244591328,0.8084914751958059,0.4151351629516743,0.4151351629516743,0.0,0.0,457,0,3,2,7,3,7,True,0.0,0.0,6,4,6,77,98,35,5,5,5,5,False,
P4_result/phase_a_main/hotpotqa/original_immediate_s0,original_immediate_s0,66,accepted,9,14,0,15,0.0,0.18999075553626754,0.0,1.0,0.26182286304772373,0.26182286304772373,0.0,0.0,1402,0,3,2,6,4,6,True,0.0,0.0,0,2,2,92,92,39,5,5,5,5,False,
P4_result/phase_a_main/hotpotqa/original_immediate_s0,original_immediate_s0,78,rejected,10,16,6,,,0.8500715525236522,0.946394630357186,0.8303569104076827,0.6549830094166688,0.6549830094166688,0.0,0.0,1412,0,2,3,7,3,7,False,0.25,,,,,,,,,,,,,
P4_result/phase_a_main/hotpotqa/original_immediate_s0,original_immediate_s0,89,accepted,11,17,0,18,-0.006666666666666654,0.9476787465325341,0.946394630357186,0.7890625,0.8084914751958059,0.7890625,0.0,0.0,771,0,4,1,3,3,3,True,0.5,0.0,0,10,10,49,35,71,5,5,5,5,False,
P4_result/phase_a_main/hotpotqa/original_immediate_s0,original_immediate_s0,139,rejected,11,16,0,,,0.912329060024027,0.946394630357186,0.6128516624040921,0.7980769230769231,0.6128516624040921,0.0,0.0,1114,0,2,3,3,3,3,True,0.25,,,,,,,,,,,,,
P4_result/phase_a_main/hotpotqa/original_score_plateau_s0,original_score_plateau_s0,45,rejected,3,6,0,,,0.9362877152340485,0.946394630357186,0.8043478260869565,0.7946428571428571,0.7946428571428571,0.0,0.0,1260,0,2,3,2,3,3,False,0.5,,,,,,,,,,,,,
P4_result/phase_a_main/hotpotqa/original_score_plateau_s0,original_score_plateau_s0,167,accepted,3,12,0,13,0.03999999999999998,0.9980008838722995,1.0,0.6191626409017713,0.6146428571428572,0.6146428571428572,0.0,0.0,1415,0,5,0,2,2,2,False,0.0,0.0,0,0,0,83,52,42,5,5,5,5,False,
P4_result/phase_a_main/hotpotqa/original_score_plateau_s0,original_score_plateau_s0,181,accepted,6,14,0,15,0.0,0.9943766625699826,1.0,0.577091365855191,1.0,0.577091365855191,0.0,0.0,1121,0,3,2,3,3,3,False,0.5,0.0,8,0,8,68,63,68,5,5,5,5,False,
P4_result/phase_a_main/hotpotqa/original_score_plateau_s0,original_score_plateau_s0,189,accepted,6,16,0,17,0.016666666666666607,0.9981376347939289,0.946394630357186,0.6119505494505495,0.8043478260869565,0.6119505494505495,0.0,0.0,1500,0,3,2,3,3,3,False,0.25,0.0,0,0,0,93,63,69,5,5,5,5,False,
P4_result/phase_a_main/hotpotqa/summarize_before_budget_proportional_s0,summarize_before_budget_proportional_s0,112,accepted,3,8,0,9,0.013333333333333364,0.5961959795072822,0.946394630357186,0.8229166666666666,0.6146428571428572,0.6146428571428572,0.0,0.0,1010,0,3,2,2,1,2,False,0.25,0.0,0,0,0,66,52,22,5,5,5,5,False,
P4_result/phase_a_main/hotpotqa/summarize_before_budget_proportional_s0,summarize_before_budget_proportional_s0,119,rejected,9,10,8,,,0.7662780644919215,0.946394630357186,0.8087868217868737,0.6235182891700576,0.6235182891700576,0.02710027100271003,0.2,655,0,2,3,3,2,3,True,0.5,,,,,,,,,,,,,
P4_result/phase_a_main/hotpotqa/summarize_before_budget_proportional_s0,summarize_before_budget_proportional_s0,121,accepted,10,11,0,12,-0.013333333333333308,0.8713494490427197,0.946394630357186,0.6325000000000001,0.8011056687194491,0.6325000000000001,0.0,0.0,1362,0,3,2,2,4,4,False,0.25,0.0,0,1,1,80,35,80,5,5,5,5,False,
P4_result/phase_a_main/hotpotqa/summarize_before_budget_proportional_s0,summarize_before_budget_proportional_s0,185,accepted,9,15,0,16,-0.013333333333333364,0.9918781462021318,0.946394630357186,0.718486481531332,0.7981871982333146,0.718486481531332,0.011811023622047244,0.0,1451,0,3,2,3,4,4,True,0.25,0.011363636363636364,0,0,0,88,66,76,5,5,5,5,False,
P4_result/phase_a_main/hotpotqa/summarize_before_budget_proportional_s0,summarize_before_budget_proportional_s0,187,accepted,11,16,3,18,-0.006666666666666654,0.8387794678549644,0.946394630357186,0.8954907509951565,0.8059461677833863,0.8059461677833863,0.040697674418604654,0.0,733,0,3,2,4,5,5,True,0.25,0.02247191011235955,0,2,2,89,80,88,5,5,5,5,False,
P4_result/phase_a_main/hotpotqa/summarize_before_immediate_s0,summarize_before_immediate_s0,33,accepted,3,4,0,5,0.0033333333333332993,0.8731941487906021,0.946394630357186,0.7149239916005421,0.8974056817797053,0.7149239916005421,0.0045045045045045045,0.0,1178,0,4,1,2,3,3,False,0.5,0.0,0,0,0,79,58,78,5,5,5,5,False,
P4_result/phase_a_main/hotpotqa/summarize_before_immediate_s0,summarize_before_immediate_s0,114,accepted,7,10,0,11,-0.09000000000000002,0.7665515915813703,0.946394630357186,0.9422665748943478,0.7069237972261907,0.7069237972261907,0.0,0.0,1635,0,3,2,6,2,6,False,0.5,0.0,5,0,5,95,95,52,5,5,5,5,False,
P4_result/phase_a_main/hotpotqa/summarize_before_immediate_s0,summarize_before_immediate_s0,129,accepted,6,10,0,13,-0.08000000000000002,0.8052490816793554,0.946394630357186,0.9422665748943478,0.7069237972261907,0.7069237972261907,0.0,0.0,1495,0,3,2,5,2,5,False,0.5,0.0,4,0,4,90,90,52,5,5,5,5,False,
P4_result/phase_a_main/hotpotqa/summarize_before_immediate_s0,summarize_before_immediate_s0,133,accepted,12,13,1,15,-0.00666666666666671,0.9087569615031438,0.946394630357186,0.9745593643198907,0.8203442029241017,0.8203442029241017,0.0,0.0,1145,0,4,1,8,6,8,True,0.5,0.0,0,1,1,93,102,90,5,5,5,5,False,
P4_result/phase_a_main/hotpotqa/summarize_before_immediate_s0,summarize_before_immediate_s0,158,accepted,3,10,0,17,-0.020000000000000018,0.9254294580224431,0.946394630357186,0.8260869565217391,0.7980769230769231,0.7980769230769231,0.0,0.0,1060,0,5,0,2,2,2,False,0.5,0.0,0,0,0,71,58,52,5,5,5,5,False,
P4_result/phase_a_main/hotpotqa/summarize_before_score_plateau_s0,summarize_before_score_plateau_s0,45,rejected,3,6,0,,,0.9362877152340485,0.946394630357186,0.8043478260869565,0.7946428571428571,0.7946428571428571,0.0,0.0,1260,0,2,3,2,3,3,False,0.5,,,,,,,,,,,,,
P4_result/phase_a_main/hotpotqa/summarize_before_score_plateau_s0,summarize_before_score_plateau_s0,167,accepted,3,12,0,13,0.03999999999999998,0.9980008838722995,1.0,0.6191626409017713,0.6146428571428572,0.6146428571428572,0.0,0.0,1415,0,5,0,2,2,2,False,0.0,0.0,0,0,0,83,52,42,5,5,5,5,False,
P4_result/phase_a_main/hotpotqa/summarize_before_score_plateau_s0,summarize_before_score_plateau_s0,181,accepted,6,14,0,15,-0.03666666666666668,0.9861795968955109,0.946394630357186,0.7641519289863355,0.9151007643668827,0.7641519289863355,0.0019193857965451055,0.0,1382,0,4,1,3,3,3,False,0.5,0.0,1,0,1,83,63,68,5,5,5,5,False,
P4_result/phase_a_main/hotpotqa/summarize_before_score_plateau_s0,summarize_before_score_plateau_s0,189,accepted,6,16,0,17,0.016666666666666607,0.9981376347939289,0.946394630357186,0.6119505494505495,0.8043478260869565,0.6119505494505495,0.0,0.0,1500,0,3,2,3,3,3,False,0.25,0.0,0,0,0,93,63,69,5,5,5,5,False,
runs/musique/gpt41mini/combine_all_budget_proportional_s0,combine_all_budget_proportional_s0,87,accepted,3,5,0,6,-0.010000000000000009,0.8290057204545628,1.0,0.7692708333333333,0.7708333333333334,0.7692708333333333,0.003472222222222222,0.0,1475,0,4,1,2,2,2,False,0.25,0.0,0,0,0,82,44,44,5,5,5,5,False,
runs/musique/gpt41mini/combine_all_budget_proportional_s0,combine_all_budget_proportional_s0,123,rejected,3,7,0,,,0.8710826161676468,0.946394630357186,0.7683967074592075,1.0,0.7683967074592075,0.0029940119760479044,0.2,1870,0,2,3,2,3,3,False,0.25,,,,,,,,,,,,,
runs/musique/gpt41mini/combine_all_budget_proportional_s0,combine_all_budget_proportional_s0,128,accepted,5,8,0,9,-0.010000000000000009,0.99473723787795,0.946394630357186,0.7619047619047619,0.7708333333333334,0.7619047619047619,0.0,0.0,1190,0,3,2,2,2,2,False,0.5,0.0,0,0,0,60,44,43,5,5,5,5,False,
runs/musique/gpt41mini/combine_all_budget_proportional_s0,combine_all_budget_proportional_s0,157,accepted,3,10,0,11,0.026666666666666616,0.8870438912761542,0.946394630357186,0.7727272727272727,0.9973809523809524,0.7727272727272727,0.0027247956403269754,0.0,1963,0,3,2,2,4,4,False,0.25,0.0,0,0,0,100,44,62,5,5,5,5,False,
runs/musique/gpt41mini/combine_all_budget_proportional_s0,combine_all_budget_proportional_s0,161,accepted,7,11,5,13,-0.013333333333333308,0.9044915760212316,0.946394630357186,0.848677829423529,0.9995059288537549,0.848677829423529,0.0,0.0,1600,0,3,2,3,5,5,True,0.25,0.0,0,0,0,123,68,100,5,5,5,5,False,
runs/musique/gpt41mini/combine_all_budget_proportional_s0,combine_all_budget_proportional_s0,164,rejected,6,14,1,,,0.8692721900397341,0.946394630357186,0.8296150862366838,0.9964488636363636,0.8296150862366838,0.0,0.2,2289,0,1,4,3,6,6,True,0.25,,,,,,,,,,,,,
runs/musique/gpt41mini/combine_all_budget_proportional_s0,combine_all_budget_proportional_s0,176,accepted,6,11,1,16,-0.013333333333333308,0.7643929950664724,0.946394630357186,0.9941761363636363,1.0,0.9941761363636363,0.0,0.0,2604,0,4,1,3,5,5,True,0.25,0.0,0,0,0,119,82,100,5,5,5,5,False,
runs/musique/gpt41mini/combine_all_budget_proportional_s0,combine_all_budget_proportional_s0,182,accepted,6,8,0,18,0.00666666666666671,0.8874177937571575,0.946394630357186,1.0,0.7702976190476191,0.7702976190476191,0.0,0.0,2346,0,3,2,3,2,3,True,0.25,0.0,0,0,0,99,82,43,5,5,5,5,False,
runs/musique/gpt41mini/combine_all_immediate_s0,combine_all_immediate_s0,42,accepted,2,3,0,4,-0.016666666666666663,0.8495696046822366,0.946394630357186,0.9987903225806452,0.7941176470588235,0.7941176470588235,0.0033613445378151263,0.0,1341,0,3,2,2,2,2,False,0.5,0.0,0,0,0,69,44,33,5,5,5,5,False,
runs/musique/gpt41mini/combine_all_immediate_s0,combine_all_immediate_s0,46,accepted,3,5,0,6,-0.013333333333333308,0.810282459355125,0.946394630357186,0.7941176470588235,0.9989130434782609,0.7941176470588235,0.004531722054380665,0.0,1532,0,4,1,2,3,3,False,0.5,0.0,0,0,0,79,33,54,5,5,5,5,False,
runs/musique/gpt41mini/combine_all_immediate_s0,combine_all_immediate_s0,49,accepted,6,7,2,8,0.013333333333333308,0.9197487733659859,0.946394630357186,0.8535664758747864,1.0,0.8535664758747864,0.0,0.0,1848,0,3,2,4,4,4,True,0.5,0.0,0,0,0,101,79,73,5,5,5,5,False,
runs/musique/gpt41mini/combine_all_immediate_s0,combine_all_immediate_s0,62,rejected,4,9,0,,,0.9108871400656761,0.946394630357186,0.7928260869565218,1.0,0.7928260869565218,0.0,0.0,2282,0,2,3,3,3,3,True,0.5,,,,,,,,,,,,,
runs/musique/gpt41mini/combine_all_immediate_s0,combine_all_immediate_s0,79,rejected,7,9,2,,,0.959674730253394,0.946394630357186,0.7934782608695652,0.8523567984554316,0.7934782608695652,0.0,0.0,1177,0,2,3,4,3,4,False,0.25,,,,,,,,,,,,,
runs/musique/gpt41mini/combine_all_immediate_s0,combine_all_immediate_s0,91,accepted,7,11,2,12,-0.00666666666666671,0.8816305484974744,1.0,0.7910144927536232,0.8535664758747864,0.7910144927536232,0.0,0.0,1630,0,5,0,4,4,4,False,0.25,0.0,0,0,0,124,73,78,5,5,5,5,False,
runs/musique/gpt41mini/combine_all_immediate_s0,combine_all_immediate_s0,98,accepted,7,11,0,14,0.0,0.898590488594246,0.946394630357186,0.7910144927536232,1.0,0.7910144927536232,0.0,0.2,2752,1,3,1,4,4,4,False,0.25,0.0,0,0,0,143,73,78,5,5,5,5,False,
runs/musique/gpt41mini/combine_all_immediate_s0,combine_all_immediate_s0,113,accepted,14,15,0,16,0.013333333333333308,0.6059572707066203,0.946394630357186,1.0,0.5845527866318941,0.5845527866318941,0.0,0.0,3182,0,4,1,5,1,5,True,0.25,0.0,0,0,0,167,143,32,5,5,5,5,False,
runs/musique/gpt41mini/combine_all_immediate_s0,combine_all_immediate_s0,129,accepted,11,15,0,18,0.010000000000000009,0.6838320747188813,0.946394630357186,1.0,0.5845527866318941,0.5845527866318941,0.004207573632538569,0.0,1744,0,3,2,4,1,4,False,0.25,0.0,0,0,0,102,78,32,5,5,5,5,False,
runs/musique/gpt41mini/combine_all_immediate_s0,combine_all_immediate_s0,147,accepted,14,18,11,20,-0.010000000000000009,0.8272700511718621,0.946394630357186,1.0,1.0,1.0,0.0,0.0,2478,0,3,2,5,5,5,True,0.5,0.0,0,0,0,168,143,102,5,5,5,5,False,
runs/musique/gpt41mini/combine_all_score_plateau_s0,combine_all_score_plateau_s0,58,rejected,2,3,0,,,0.7624949631630609,0.946394630357186,0.7661290322580645,0.8035714285714286,0.7661290322580645,0.0,0.0,780,0,1,4,1,1,1,False,0.5,,,,,,,,,,,,,
runs/musique/gpt41mini/combine_all_score_plateau_s0,combine_all_score_plateau_s0,62,accepted,3,4,0,8,-0.023333333333333373,0.7225547072569756,0.946394630357186,0.8043478260869565,0.7661290322580645,0.7661290322580645,0.0,0.0,977,0,3,2,1,2,2,False,0.5,0.0,0,0,0,58,27,39,5,5,5,5,False,
runs/musique/gpt41mini/combine_all_score_plateau_s0,combine_all_score_plateau_s0,195,accepted,10,16,0,17,0.020000000000000018,0.7829164122081546,0.946394630357186,0.5674683179723502,0.7661290322580645,0.5674683179723502,0.002688172043010753,0.0,1860,0,4,1,2,3,3,False,0.0,0.0,0,0,0,110,46,72,5,5,5,5,False,
runs/musique/gpt41mini/original_budget_proportional_s0,original_budget_proportional_s0,58,rejected,2,3,0,,,0.7624949631630609,0.946394630357186,0.7661290322580645,0.8035714285714286,0.7661290322580645,0.0,0.0,780,0,1,4,1,1,1,False,0.5,,,,,,,,,,,,,
runs/musique/gpt41mini/original_budget_proportional_s0,original_budget_proportional_s0,62,accepted,3,4,0,8,-0.023333333333333373,0.7225547072569756,0.946394630357186,0.8043478260869565,0.7661290322580645,0.7661290322580645,0.0,0.0,977,0,3,2,1,2,2,False,0.5,0.0,0,0,0,58,27,39,5,5,5,5,False,
runs/musique/gpt41mini/original_budget_proportional_s0,original_budget_proportional_s0,86,accepted,3,9,0,10,-0.03333333333333338,0.7297817149734313,0.946394630357186,0.7647058823529411,0.7661290322580645,0.7647058823529411,0.0,0.0,940,0,3,2,1,2,2,False,0.5,0.0,0,0,0,56,27,37,5,5,5,5,False,
runs/musique/gpt41mini/original_budget_proportional_s0,original_budget_proportional_s0,100,accepted,3,5,0,12,-0.020000000000000018,0.6408303037700313,0.946394630357186,0.5728021978021978,0.7661290322580645,0.5728021978021978,0.0,0.0,1153,0,3,2,1,2,2,False,0.25,0.0,0,0,0,68,27,49,5,5,5,5,False,
runs/musique/gpt41mini/original_budget_proportional_s0,original_budget_proportional_s0,120,accepted,2,6,0,14,0.0,0.5961959795072822,0.946394630357186,0.5347222222222222,0.8035714285714286,0.5347222222222222,0.0,0.0,1174,0,3,2,1,2,2,False,0.25,0.0,0,0,0,66,22,48,5,5,5,5,False,
runs/musique/gpt41mini/original_budget_proportional_s0,original_budget_proportional_s0,133,accepted,9,14,0,16,0.0,0.3712323266408757,0.8112781244591328,0.4004079136546852,1.0,0.4004079136546852,0.0,0.0,1174,0,3,2,2,3,3,True,0.25,0.0,2,0,2,66,37,66,5,5,5,5,False,
runs/musique/gpt41mini/original_budget_proportional_s0,original_budget_proportional_s0,137,accepted,2,9,0,18,-0.019999999999999962,0.7145614986024135,0.946394630357186,0.7647058823529411,0.8035714285714286,0.7647058823529411,0.0,0.0,924,0,3,2,1,2,2,False,0.5,0.0,0,0,0,55,22,37,5,5,5,5,False,
runs/musique/gpt41mini/original_immediate_s0,original_immediate_s0,10,rejected,1,2,0,,,0.7536740576781502,0.946394630357186,0.8035714285714286,0.7708333333333334,0.7708333333333334,0.0,0.0,812,0,2,3,1,1,1,False,0.5,,,,,,,,,,,,,
runs/musique/gpt41mini/original_immediate_s0,original_immediate_s0,31,accepted,1,3,0,4,0.0,0.6979696956001991,0.946394630357186,0.582983193277311,0.7708333333333334,0.582983193277311,0.0,0.0,1073,0,4,1,1,2,2,False,0.25,0.0,0,0,0,57,29,32,5,5,5,5,False,
runs/musique/gpt41mini/original_immediate_s0,original_immediate_s0,47,accepted,3,5,0,6,-0.0033333333333332993,0.9607621910361128,0.946394630357186,0.7692307692307693,0.7794117647058824,0.7692307692307693,0.0,0.0,1053,0,4,1,2,2,2,False,0.5,0.0,0,0,0,54,32,44,5,5,5,5,False,
runs/musique/gpt41mini/original_immediate_s0,original_immediate_s0,58,rejected,6,7,2,,,0.9924069479917748,0.946394630357186,0.765625,0.7692307692307693,0.765625,0.0,0.0,1189,0,2,3,3,4,4,True,0.5,,,,,,,,,,,,,
runs/musique/gpt41mini/original_immediate_s0,original_immediate_s0,78,accepted,4,6,0,9,0.0033333333333334103,0.9946216514533672,0.946394630357186,0.7692307692307693,0.7708333333333334,0.7692307692307693,0.0,0.0,1483,0,4,1,3,3,3,True,0.5,0.0,0,0,0,75,57,54,5,5,5,5,False,
runs/musique/gpt41mini/original_immediate_s0,original_immediate_s0,97,accepted,6,8,2,11,0.00666666666666671,0.991298915707305,0.946394630357186,0.7638888888888888,0.7692307692307693,0.7638888888888888,0.0,0.0,1189,0,3,2,3,4,4,True,0.5,0.0,0,0,0,81,54,63,5,5,5,5,False,
runs/musique/gpt41mini/original_immediate_s0,original_immediate_s0,138,accepted,9,12,0,13,0.0,0.7958812735955936,0.8112781244591328,1.0,0.330323887574136,0.330323887574136,0.0,0.0,1483,0,3,2,4,3,4,True,0.25,0.0,0,2,2,75,75,55,5,5,5,5,False,
runs/musique/gpt41mini/original_immediate_s0,original_immediate_s0,158,accepted,6,14,2,15,0.0,0.9666186325481027,1.0,0.5860392115956653,1.0,0.5860392115956653,0.0,0.0,1200,0,3,2,3,6,6,True,0.5,0.0,0,0,0,81,54,81,5,5,5,5,False,
runs/musique/gpt41mini/original_immediate_s0,original_immediate_s0,191,accepted,10,12,2,17,0.013333333333333308,0.9222598534433637,0.946394630357186,0.8285318375904158,0.5348557692307693,0.5348557692307693,0.0,0.0,1367,0,5,0,5,3,5,False,0.25,0.0,0,0,0,101,82,55,5,5,5,5,False,
runs/musique/gpt41mini/original_immediate_s0,original_immediate_s0,194,accepted,15,16,5,19,0.0,0.9897525351939974,1.0,1.0,0.642987431807204,0.642987431807204,0.0,0.0,790,0,3,2,7,6,7,True,0.5,0.0,0,2,2,81,81,80,5,5,5,5,False,
runs/musique/gpt41mini/original_score_plateau_s0,original_score_plateau_s0,48,accepted,3,4,0,5,-0.010000000000000009,0.8700137893746899,0.946394630357186,0.8350549832613706,0.7941176470588235,0.7941176470588235,0.0,0.0,844,0,3,2,3,1,3,False,0.5,0.0,2,0,2,59,49,40,5,5,5,5,False,
runs/musique/gpt41mini/original_score_plateau_s0,original_score_plateau_s0,137,rejected,6,8,2,,,0.9011329321623858,0.946394630357186,0.8228711429881546,0.8601051095174423,0.8228711429881546,0.0,0.0,413,0,2,3,3,5,5,False,0.5,,,,,,,,,,,,,
runs/musique/gpt41mini/original_score_plateau_s0,original_score_plateau_s0,153,accepted,7,8,0,10,0.0,0.42622865699814483,1.0,0.6325634027793545,1.0,0.6325634027793545,0.0,0.0,964,0,3,2,1,5,5,False,0.5,0.0,1,0,1,64,20,64,5,5,5,5,False,
runs/musique/gpt41mini/original_score_plateau_s0,original_score_plateau_s0,240,accepted,11,14,0,18,0.0,0.41083783851692773,0.8112781244591328,0.4508494437861941,1.0,0.4508494437861941,0.0,0.0,1371,0,3,2,2,8,8,False,0.25,0.0,2,0,2,87,40,87,5,5,5,5,False,
runs/musique/gpt41mini/summarize_before_budget_proportional_s0,summarize_before_budget_proportional_s0,58,rejected,2,3,0,,,0.7624949631630609,0.946394630357186,0.7661290322580645,0.8035714285714286,0.7661290322580645,0.0,0.0,780,0,1,4,1,1,1,False,0.5,,,,,,,,,,,,,
runs/musique/gpt41mini/summarize_before_budget_proportional_s0,summarize_before_budget_proportional_s0,62,accepted,3,4,0,8,-0.023333333333333373,0.7225547072569756,0.946394630357186,0.8043478260869565,0.7661290322580645,0.7661290322580645,0.0,0.0,977,0,3,2,1,2,2,False,0.5,0.0,0,0,0,58,27,39,5,5,5,5,False,
runs/musique/gpt41mini/summarize_before_budget_proportional_s0,summarize_before_budget_proportional_s0,86,accepted,3,9,0,10,-0.03333333333333338,0.7297817149734313,0.946394630357186,0.7647058823529411,0.7661290322580645,0.7647058823529411,0.0,0.0,940,0,3,2,1,2,2,False,0.5,0.0,0,0,0,56,27,37,5,5,5,5,False,
runs/musique/gpt41mini/summarize_before_budget_proportional_s0,summarize_before_budget_proportional_s0,100,accepted,3,5,0,12,-0.020000000000000018,0.6408303037700313,0.946394630357186,0.5728021978021978,0.7661290322580645,0.5728021978021978,0.0,0.0,1153,0,3,2,1,2,2,False,0.25,0.0,0,0,0,68,27,49,5,5,5,5,False,
runs/musique/gpt41mini/summarize_before_budget_proportional_s0,summarize_before_budget_proportional_s0,120,accepted,2,6,0,14,0.0,0.5961959795072822,0.946394630357186,0.5347222222222222,0.8035714285714286,0.5347222222222222,0.0,0.0,1174,0,3,2,1,2,2,False,0.25,0.0,0,0,0,66,22,48,5,5,5,5,False,
runs/musique/gpt41mini/summarize_before_budget_proportional_s0,summarize_before_budget_proportional_s0,133,rejected,9,14,0,,,0.74490899798266,0.946394630357186,0.43806153442498275,0.8462341202983498,0.43806153442498275,0.08608058608058608,0.0,1166,0,2,3,2,3,3,True,0.25,,,,,,,,,,,,,
runs/musique/gpt41mini/summarize_before_budget_proportional_s0,summarize_before_budget_proportional_s0,160,accepted,9,14,1,17,-0.006666666666666654,0.7936419286125656,0.946394630357186,0.5674603174603174,0.845380981448346,0.5674603174603174,0.0,0.0,856,0,3,2,2,3,3,True,0.25,0.0,0,4,4,74,37,66,5,5,5,5,False,
runs/musique/gpt41mini/summarize_before_budget_proportional_s0,summarize_before_budget_proportional_s0,180,accepted,5,13,0,19,-0.013333333333333308,0.9974015885677396,1.0,0.5661290322580645,0.5728021978021978,0.5661290322580645,0.0,0.0,1587,0,5,0,2,2,2,False,0.0,0.0,0,0,0,91,49,51,5,5,5,5,False,
runs/musique/gpt41mini/summarize_before_budget_proportional_s0.anomaly_20260427_101638,summarize_before_budget_proportional_s0,50,rejected,1,5,0,,,0.771083239199684,0.946394630357186,0.6131565198321663,0.8070131970325015,0.6131565198321663,0.11621621621621622,0.0,677,0,2,3,1,2,2,False,0.5,,,,,,,,,,,,,
runs/musique/gpt41mini/summarize_before_budget_proportional_s0.anomaly_20260427_101638,summarize_before_budget_proportional_s0,52,accepted,2,4,0,8,-0.006666666666666654,0.6403951314177765,0.946394630357186,0.8446380013136479,0.601130844091325,0.601130844091325,0.12912912912912913,0.2,622,1,2,2,2,1,2,False,0.5,0.05,1,8,8,40,44,40,5,5,5,5,False,
runs/musique/gpt41mini/summarize_before_budget_proportional_s0.anomaly_20260427_101638,summarize_before_budget_proportional_s0,69,accepted,3,9,0,10,-0.016666666666666663,0.6948238304632721,1.0,0.5617452270139663,0.5927082390087299,0.5617452270139663,0.0694980694980695,0.0,1035,0,5,0,3,3,3,False,0.25,0.03508771929824561,2,6,6,57,49,54,5,5,5,5,False,
runs/musique/gpt41mini/summarize_before_budget_proportional_s0.anomaly_20260427_101638,summarize_before_budget_proportional_s0,82,accepted,10,11,0,12,-0.013333333333333364,0.6123950433417049,0.946394630357186,0.7579804076588775,0.40859104601401103,0.40859104601401103,0.11410788381742738,0.0,967,0,4,1,4,2,4,True,0.25,0.08,2,8,8,50,57,57,5,5,5,5,False,
runs/musique/gpt41mini/summarize_before_budget_proportional_s0.anomaly_20260427_101638,summarize_before_budget_proportional_s0,85,accepted,8,12,0,14,-0.013333333333333364,0.6769553121788272,0.946394630357186,0.4490252234773228,0.8019662020437138,0.4490252234773228,0.0783132530120482,0.0,1010,0,4,1,3,5,5,True,0.25,0.02,3,0,3,50,40,50,5,5,5,5,False,
runs/musique/gpt41mini/summarize_before_budget_proportional_s0.anomaly_20260427_101638,summarize_before_budget_proportional_s0,91,accepted,5,11,0,16,0.0033333333333332993,0.9696372211578346,0.946394630357186,0.7941176470588235,0.7685185185185185,0.7685185185185185,0.0,0.0,1314,0,5,0,2,2,2,False,0.5,0.0,0,0,0,73,56,57,5,5,5,5,False,
runs/musique/gpt41mini/summarize_before_budget_proportional_s0.anomaly_20260427_101638,summarize_before_budget_proportional_s0,116,accepted,13,17,0,18,0.023333333333333373,0.8074093358623904,1.0,0.6233148294037895,0.6001121714039443,0.6001121714039443,0.11149228130360206,0.0,1184,0,3,2,3,4,4,False,0.25,0.08955223880597014,6,1,6,67,65,52,5,5,5,5,False,
runs/musique/gpt41mini/summarize_before_budget_proportional_s0.anomaly_20260427_101638,summarize_before_budget_proportional_s0,118,accepted,8,12,2,20,-0.010000000000000009,0.581659470125127,0.946394630357186,0.43313949105854277,0.8835537796199431,0.43313949105854277,0.04285714285714286,0.0,244,0,4,1,3,5,5,True,0.25,0.0,4,0,4,49,40,50,5,5,5,5,False,
runs/musique/gpt41mini/summarize_before_immediate_s0,summarize_before_immediate_s0,31,rejected,2,3,0,,,0.7704865156240248,0.946394630357186,0.8125,0.8035714285714286,0.8035714285714286,0.0,0.0,679,0,1,4,1,1,1,False,0.5,,,,,,,,,,,,,
runs/musique/gpt41mini/summarize_before_immediate_s0,summarize_before_immediate_s0,39,accepted,2,4,0,5,-0.006666666666666599,0.5760472335612581,0.946394630357186,0.5603070175438597,0.8035714285714286,0.5603070175438597,0.0,0.0,1191,0,4,1,1,2,2,False,0.25,0.0,0,0,0,71,22,53,5,5,5,5,False,
runs/musique/gpt41mini/summarize_before_immediate_s0,summarize_before_immediate_s0,54,accepted,2,7,0,8,0.013333333333333308,0.5426299384814707,0.946394630357186,0.5603070175438597,0.8035714285714286,0.5603070175438597,0.0,0.0,1181,0,3,2,1,3,3,False,0.25,0.0,0,0,0,80,22,62,5,5,5,5,False,
runs/musique/gpt41mini/summarize_before_immediate_s0,summarize_before_immediate_s0,78,accepted,6,8,0,10,0.0033333333333334103,0.8734233896645408,0.946394630357186,0.8482286380127626,0.6237773049733916,0.6237773049733916,0.06026058631921824,0.0,1410,0,4,1,4,4,4,True,0.5,0.0,2,2,2,85,87,80,5,5,5,5,False,
runs/musique/gpt41mini/summarize_before_immediate_s0,summarize_before_immediate_s0,81,accepted,3,5,0,12,0.0,0.7765557854444601,0.8112781244591328,0.3638784461152882,0.8125,0.3638784461152882,0.0,0.0,1488,0,3,2,1,3,3,True,0.0,0.0,0,0,0,89,25,71,5,5,5,5,False,
runs/musique/gpt41mini/summarize_before_immediate_s0,summarize_before_immediate_s0,105,accepted,8,12,1,14,-0.00666666666666671,0.9427011842819459,0.946394630357186,0.8125,0.8323106636145898,0.8125,0.0,0.0,1048,0,3,2,4,4,4,True,0.5,0.0,0,4,4,98,80,89,5,5,5,5,False,
runs/musique/gpt41mini/summarize_before_immediate_s0,summarize_before_immediate_s0,108,accepted,9,14,0,16,-0.010000000000000009,0.8663193741869812,0.946394630357186,0.45470301794256845,0.8417372792082598,0.45470301794256845,0.04770017035775128,0.0,1318,0,3,2,4,5,5,True,0.25,0.023809523809523808,1,1,1,84,65,98,5,5,5,5,False,
runs/musique/gpt41mini/summarize_before_immediate_s0,summarize_before_immediate_s0,122,accepted,12,15,1,18,-0.020000000000000018,0.7864348227510068,0.946394630357186,0.6697697766064381,0.82366880313827,0.6697697766064381,0.0390015600624025,0.0,1005,0,4,1,4,6,6,True,0.5,0.01098901098901099,7,4,7,91,89,96,5,5,5,5,False,
runs/musique/gpt41mini/summarize_before_immediate_s0,summarize_before_immediate_s0,137,accepted,16,19,1,20,-0.013333333333333308,0.8214151295789167,0.946394630357186,0.8527609699499652,0.7062311457051693,0.7062311457051693,0.03664921465968586,0.0,846,0,4,1,6,5,6,True,0.5,0.025,0,4,4,80,84,91,5,5,5,5,False,
runs/musique/gpt41mini/summarize_before_score_plateau_s0,summarize_before_score_plateau_s0,58,rejected,2,3,0,,,0.7624949631630609,0.946394630357186,0.7661290322580645,0.8035714285714286,0.7661290322580645,0.0,0.0,780,0,1,4,1,1,1,False,0.5,,,,,,,,,,,,,
runs/musique/gpt41mini/summarize_before_score_plateau_s0,summarize_before_score_plateau_s0,62,accepted,3,4,0,8,-0.023333333333333373,0.7225547072569756,0.946394630357186,0.8043478260869565,0.7661290322580645,0.7661290322580645,0.0,0.0,977,0,3,2,1,2,2,False,0.5,0.0,0,0,0,58,27,39,5,5,5,5,False,
runs/musique/gpt41mini/summarize_before_score_plateau_s0,summarize_before_score_plateau_s0,179,rejected,5,15,0,,,0.7317263728717274,0.946394630357186,0.3366862908637434,0.7814861633174142,0.3366862908637434,0.04475043029259897,0.0,1356,0,2,3,2,4,4,False,0.25,,,,,,,,,,,,,
runs/musique/gpt41mini/summarize_before_score_plateau_s0,summarize_before_score_plateau_s0,244,accepted,6,15,0,17,0.013333333333333308,0.6144759439168783,1.0,0.1757849534385414,0.5880129799939459,0.1757849534385414,0.0854368932038835,0.0,1151,0,4,1,2,4,4,False,0.0,0.06451612903225806,6,8,8,62,48,92,5,5,5,5,False,
runs/musique/qwen3_8b/combine_all_budget_proportional_s0,combine_all_budget_proportional_s0,70,accepted,1,5,0,7,0.00666666666666671,0.8965045508847309,0.946394630357186,0.8216433220147142,1.0,0.8216433220147142,0.005780346820809248,0.0,1239,0,4,1,1,2,2,False,0.5,0.0,0,0,0,70,34,43,5,5,5,5,False,
runs/musique/qwen3_8b/combine_all_budget_proportional_s0,combine_all_budget_proportional_s0,84,accepted,4,7,0,9,0.006666666666666654,0.8405942806441526,0.946394630357186,0.8217556759545924,1.0,0.8217556759545924,0.0,0.0,1731,0,3,2,2,3,3,True,0.5,0.0,0,0,0,99,37,70,5,5,5,5,False,
runs/musique/qwen3_8b/combine_all_budget_proportional_s0,combine_all_budget_proportional_s0,87,accepted,4,5,0,11,0.0,0.8961397668230736,0.946394630357186,0.8217556759545924,1.0,0.8217556759545924,0.006122448979591836,0.0,1143,0,3,2,2,2,2,False,0.5,0.0,0,0,0,73,37,43,5,5,5,5,False,
runs/musique/qwen3_8b/combine_all_budget_proportional_s0,combine_all_budget_proportional_s0,108,accepted,2,7,0,13,-0.00666666666666671,0.8096826936095329,0.946394630357186,0.8214546783625731,1.0,0.8214546783625731,0.0,0.0,1585,0,3,2,1,3,3,True,0.5,0.0,0,0,0,92,30,70,5,5,5,5,False,
runs/musique/qwen3_8b/combine_all_budget_proportional_s0,combine_all_budget_proportional_s0,113,accepted,2,5,0,15,0.016666666666666663,0.8926649294282899,0.946394630357186,0.8214546783625731,1.0,0.8214546783625731,0.006756756756756757,0.0,997,0,5,0,1,2,2,False,0.5,0.0,0,0,0,66,30,43,5,5,5,5,False,
runs/musique/qwen3_8b/combine_all_budget_proportional_s0,combine_all_budget_proportional_s0,115,accepted,4,10,0,17,0.013333333333333364,0.8836305113778573,0.946394630357186,0.8217556759545924,1.0,0.8217556759545924,0.005607476635514018,0.2,1325,0,3,2,2,3,3,False,0.5,0.0,0,0,0,77,37,47,5,5,5,5,False,
runs/musique/qwen3_8b/combine_all_budget_proportional_s0,combine_all_budget_proportional_s0,153,accepted,10,16,0,19,-0.010000000000000009,0.8646118131947138,0.946394630357186,1.0,0.8221426728586172,0.8221426728586172,0.004893964110929853,0.2,1559,1,3,1,3,2,3,False,0.5,0.0,0,0,0,94,47,54,5,5,5,5,False,
runs/musique/qwen3_8b/combine_all_immediate_s0,combine_all_immediate_s0,20,accepted,1,2,0,3,0.010000000000000009,0.7692552373208171,0.946394630357186,0.7946428571428571,0.8194444444444444,0.7946428571428571,0.0,0.0,607,0,4,1,1,1,1,False,0.5,0.0,0,0,0,39,25,19,5,5,5,5,False,
runs/musique/qwen3_8b/combine_all_immediate_s0,combine_all_immediate_s0,50,accepted,3,5,0,6,0.013333333333333308,0.9758914124809771,0.946394630357186,0.8182057416267943,1.0,0.8182057416267943,0.004301075268817204,0.0,1193,0,5,0,2,3,3,True,0.5,0.0,0,0,0,65,39,48,5,5,5,5,False,
runs/musique/qwen3_8b/combine_all_immediate_s0,combine_all_immediate_s0,65,accepted,6,7,2,8,-0.010000000000000009,0.9526487857646717,0.946394630357186,1.0,0.8186388384754991,0.8186388384754991,0.0,0.0,1324,0,3,2,4,2,4,True,0.5,0.0,0,0,0,88,65,46,5,5,5,5,False,
runs/musique/qwen3_8b/combine_all_immediate_s0,combine_all_immediate_s0,113,accepted,5,7,0,10,-0.023333333333333373,0.9935331995520723,0.946394630357186,1.0,0.8186388384754991,0.8186388384754991,0.006085192697768763,0.0,1239,0,4,1,3,2,3,False,0.5,0.0,0,0,0,73,48,46,5,5,5,5,False,
runs/musique/qwen3_8b/combine_all_immediate_s0,combine_all_immediate_s0,151,accepted,10,12,0,13,-0.013333333333333308,0.9668177422720053,0.946394630357186,1.0,0.8191638795986622,0.8191638795986622,0.0,0.0,1964,0,4,1,4,3,4,True,0.5,0.0,0,0,0,106,73,56,5,5,5,5,False,
runs/musique/qwen3_8b/combine_all_immediate_s0,combine_all_immediate_s0,158,rejected,13,14,12,,,0.8161767203564935,0.946394630357186,0.8333333333333334,0.8191638795986622,0.8191638795986622,0.0,0.0,1188,0,2,3,5,4,5,True,0.25,,,,,,,,,,,,,
runs/musique/qwen3_8b/combine_all_immediate_s0,combine_all_immediate_s0,162,accepted,4,14,2,16,-0.013333333333333364,0.9306984526704123,0.946394630357186,0.8333333333333334,0.9991638795986622,0.8333333333333334,0.0037735849056603774,0.0,1278,0,3,2,2,4,4,False,0.5,0.0,0,0,0,81,38,64,5,5,5,5,False,
runs/musique/qwen3_8b/combine_all_immediate_s0,combine_all_immediate_s0,167,accepted,3,10,2,18,0.040000000000000036,0.8905264938353944,0.946394630357186,0.8182057416267943,1.0,0.8182057416267943,0.0,0.0,1324,0,4,1,2,4,4,True,0.5,0.0,0,0,0,88,39,73,5,5,5,5,False,
runs/musique/qwen3_8b/combine_all_score_plateau_s0,combine_all_score_plateau_s0,81,accepted,4,10,0,11,0.009999999999999953,0.8931225517794676,0.946394630357186,0.8249259658096648,1.0,0.8249259658096648,0.005952380952380952,0.0,1212,0,4,1,2,4,4,False,0.5,0.0,0,0,0,69,37,40,5,5,5,5,False,
runs/musique/qwen3_8b/combine_all_score_plateau_s0,combine_all_score_plateau_s0,118,accepted,7,13,3,17,0.006666666666666599,0.8710742835983462,0.946394630357186,0.8406346749226006,1.0,0.8406346749226006,0.0,0.0,1884,0,3,2,4,6,6,False,0.5,0.0,0,0,0,103,43,91,5,5,5,5,False,
runs/musique/qwen3_8b/original_budget_proportional_s0,original_budget_proportional_s0,70,accepted,1,5,0,7,0.0,0.5830194167347008,1.0,0.637141485272332,1.0,0.637141485272332,0.0,0.0,651,0,3,2,1,2,2,False,0.5,0.0,9,0,9,43,34,43,5,5,5,5,False,
runs/musique/qwen3_8b/original_budget_proportional_s0,original_budget_proportional_s0,76,accepted,2,7,0,9,0.0,0.5830194167347008,1.0,0.6407812231544266,1.0,0.6407812231544266,0.0,0.0,651,0,3,2,1,3,3,True,0.5,0.0,6,0,6,43,30,43,5,5,5,5,False,
runs/musique/qwen3_8b/original_budget_proportional_s0,original_budget_proportional_s0,84,accepted,7,8,0,11,0.0,0.9996098363678071,1.0,1.0,0.7664939402773752,0.7664939402773752,0.0,0.0,651,0,3,2,3,2,3,True,0.5,0.0,0,1,1,43,43,31,5,5,5,5,False,
runs/musique/qwen3_8b/original_budget_proportional_s0,original_budget_proportional_s0,89,accepted,4,11,0,13,0.0,0.5830194167347008,1.0,0.6333968320015791,1.0,0.6333968320015791,0.0,0.0,651,0,3,2,2,4,4,True,0.5,0.0,9,0,9,43,37,43,5,5,5,5,False,
runs/musique/qwen3_8b/original_budget_proportional_s0,original_budget_proportional_s0,105,accepted,13,14,0,15,0.0,0.9996098363678071,1.0,1.0,0.7580530744176136,0.7580530744176136,0.0,0.0,651,0,3,2,5,3,5,True,0.5,0.0,0,1,1,43,43,33,5,5,5,5,False,
runs/musique/qwen3_8b/original_budget_proportional_s0,original_budget_proportional_s0,119,accepted,15,17,0,18,0.0,0.5830194167347008,1.0,1.0,0.629461063104838,0.629461063104838,0.0,0.0,651,0,3,2,6,2,6,True,0.5,0.0,0,11,11,43,43,41,5,5,5,5,False,
runs/musique/qwen3_8b/original_immediate_s0,original_immediate_s0,26,accepted,1,3,0,4,0.0,0.6409441847875288,1.0,0.6486127544764237,1.0,0.6486127544764237,0.0,0.0,588,0,3,2,1,2,2,False,0.5,0.0,14,0,14,43,34,43,5,5,5,5,False,
runs/musique/qwen3_8b/original_immediate_s0,original_immediate_s0,70,accepted,4,7,1,8,0.026666666666666616,0.9110015349020533,0.946394630357186,0.8067693041513994,0.8286127544764237,0.8067693041513994,0.0,0.0,68,0,4,1,3,2,3,True,0.5,0.0,1,11,11,45,43,50,5,5,5,5,False,
runs/musique/qwen3_8b/original_immediate_s0,original_immediate_s0,77,accepted,5,7,1,10,0.026666666666666616,0.8868595071429147,0.946394630357186,0.8067693041513994,0.8305593010845043,0.8067693041513994,0.0,0.0,168,0,4,1,4,2,4,False,0.5,0.0,0,11,11,51,49,50,5,5,5,5,False,
runs/musique/qwen3_8b/original_immediate_s0,original_immediate_s0,97,accepted,6,8,3,12,0.0,0.9984546873004173,0.946394630357186,0.8067693041513994,0.9640547152979746,0.8067693041513994,0.0,0.0,310,0,5,0,5,4,5,True,0.5,0.0,0,4,4,59,57,45,5,5,5,5,False,
runs/musique/qwen3_8b/original_immediate_s0,original_immediate_s0,134,accepted,8,11,0,14,-0.006666666666666599,0.9841900509654936,0.946394630357186,0.7980769230769231,0.8286127544764237,0.7980769230769231,0.0,0.0,896,0,3,2,4,3,4,True,0.5,0.0,0,11,11,57,45,62,5,5,5,5,False,
runs/musique/qwen3_8b/original_immediate_s0,original_immediate_s0,137,accepted,11,15,1,16,-0.00666666666666671,0.9204762353922787,0.946394630357186,0.832744879287308,0.7980769230769231,0.7980769230769231,0.0,0.0,751,0,3,2,3,7,7,False,0.5,0.0,10,0,10,83,62,71,5,5,5,5,False,
runs/musique/qwen3_8b/original_immediate_s0,original_immediate_s0,160,accepted,10,11,7,18,-0.006666666666666599,0.9793417069604131,0.946394630357186,0.7980769230769231,0.8305593010845043,0.7980769230769231,0.0,0.0,110,0,3,2,5,3,5,True,0.5,0.0,0,11,11,63,51,62,5,5,5,5,False,
runs/musique/qwen3_8b/original_score_plateau_s0,original_score_plateau_s0,88,accepted,2,7,0,9,0.0,0.5363596511250623,1.0,0.6326793713025748,1.0,0.6326793713025748,0.0,0.0,666,0,3,2,1,2,2,False,0.5,0.0,5,0,5,45,30,45,5,5,5,5,False,
runs/musique/qwen3_8b/original_score_plateau_s0,original_score_plateau_s0,104,accepted,11,12,0,13,0.0,0.4288109647301171,0.8112781244591328,1.0,0.4033823254615527,0.4033823254615527,0.0,0.0,897,0,3,2,3,3,3,False,0.25,0.0,0,15,15,53,53,59,5,5,5,5,False,
runs/musique/qwen3_8b/original_score_plateau_s0,original_score_plateau_s0,157,accepted,4,10,0,17,0.0,0.4854607607459134,1.0,0.6274133160708957,1.0,0.6274133160708957,0.0,0.0,916,0,3,2,2,3,3,False,0.5,0.0,4,0,4,53,37,53,5,5,5,5,False,
runs/musique/qwen3_8b/summarize_before_budget_proportional_s0,summarize_before_budget_proportional_s0,70,accepted,1,5,0,7,0.026666666666666727,0.6932787835737907,0.946394630357186,0.6843739436297346,0.9936974789915967,0.6843739436297346,0.0029154518950437317,0.0,766,0,5,0,1,2,2,False,0.5,0.0,3,0,3,49,34,43,5,5,5,5,False,
runs/musique/qwen3_8b/summarize_before_budget_proportional_s0,summarize_before_budget_proportional_s0,76,accepted,2,7,0,9,-0.036666666666666736,0.5364959133847246,0.946394630357186,0.6105585104352679,0.7870540511300892,0.6105585104352679,0.06578947368421052,0.0,415,0,3,2,1,3,3,True,0.5,0.03571428571428571,12,15,15,28,30,49,5,5,5,5,False,
runs/musique/qwen3_8b/summarize_before_budget_proportional_s0,summarize_before_budget_proportional_s0,83,accepted,7,8,3,11,0.006666666666666599,0.8715497402680316,0.946394630357186,1.0,0.8519954556851302,0.8519954556851302,0.005154639175257732,0.0,557,0,3,2,3,2,3,True,0.5,0.0,0,1,1,55,49,38,5,5,5,5,False,
runs/musique/qwen3_8b/summarize_before_budget_proportional_s0,summarize_before_budget_proportional_s0,88,accepted,4,8,0,13,0.016666666666666663,0.7048084683610076,0.946394630357186,0.6121912102070378,0.7832043276305836,0.6121912102070378,0.11864406779661017,0.0,413,0,3,2,2,2,2,False,0.5,0.1111111111111111,5,3,5,27,37,38,5,5,5,5,False,
runs/musique/qwen3_8b/summarize_before_budget_proportional_s0,summarize_before_budget_proportional_s0,101,accepted,8,10,3,15,0.0033333333333332993,0.7530336796716359,0.946394630357186,0.7229936773717833,1.0,0.7229936773717833,0.0,0.0,460,0,3,2,2,5,5,False,0.5,0.0,3,0,3,53,38,43,5,5,5,5,False,
runs/musique/qwen3_8b/summarize_before_budget_proportional_s0,summarize_before_budget_proportional_s0,103,accepted,2,8,0,17,0.02999999999999997,0.7451524358260548,0.946394630357186,0.6206289780779901,0.7911160025675938,0.6206289780779901,0.12758620689655173,0.0,500,0,3,2,1,2,2,False,0.5,0.06451612903225806,5,1,5,31,30,38,5,5,5,5,False,
runs/musique/qwen3_8b/summarize_before_budget_proportional_s0,summarize_before_budget_proportional_s0,106,accepted,15,17,8,19,0.0033333333333334103,0.6735876463099147,0.946394630357186,0.8579038635518942,0.7888824125630572,0.7888824125630572,0.02040816326530612,0.0,234,0,3,2,6,3,6,True,0.5,0.0,4,4,4,45,53,31,5,5,5,5,False,
runs/musique/qwen3_8b/summarize_before_immediate_s0,summarize_before_immediate_s0,26,accepted,1,3,0,4,-0.0033333333333332993,0.9161643150146451,0.946394630357186,0.7602740616104784,0.8614107994092287,0.7602740616104784,0.046632124352331605,0.0,817,0,4,1,1,2,2,False,0.5,0.06382978723404255,2,5,5,47,34,43,5,5,5,5,False,
runs/musique/qwen3_8b/summarize_before_immediate_s0,summarize_before_immediate_s0,83,accepted,4,7,0,8,0.0033333333333332993,0.6837219564526766,0.946394630357186,0.9451075617379794,0.6916849748266665,0.6916849748266665,0.015113350125944584,0.0,790,0,5,0,3,1,3,True,0.5,0.043478260869565216,7,4,7,46,47,26,5,5,5,5,False,
runs/musique/qwen3_8b/summarize_before_immediate_s0,summarize_before_immediate_s0,108,accepted,3,7,0,10,-0.0033333333333332993,0.7689214551354369,0.946394630357186,0.9960905349794239,0.7301926265745258,0.7301926265745258,0.017902813299232736,0.0,804,0,3,2,2,1,2,False,0.5,0.03773584905660377,0,1,1,53,43,26,5,5,5,5,False,
runs/musique/qwen3_8b/summarize_before_immediate_s0,summarize_before_immediate_s0,118,accepted,5,7,0,12,-0.03666666666666668,0.7659298134794625,0.946394630357186,0.8984448618139049,0.7933598602484472,0.7933598602484472,0.004140786749482402,0.0,1001,0,3,2,4,1,4,False,0.5,0.0,8,0,8,53,57,26,5,5,5,5,False,
runs/musique/qwen3_8b/summarize_before_immediate_s0,summarize_before_immediate_s0,142,rejected,10,13,0,,,0.9973130837324988,0.946394630357186,0.8113917025010492,0.9025855183987839,0.8113917025010492,0.0,0.0,1093,0,2,3,3,4,4,True,0.5,,,,,,,,,,,,,
runs/musique/qwen3_8b/summarize_before_immediate_s0,summarize_before_immediate_s0,161,accepted,12,13,1,15,-0.013333333333333364,0.7354156581245456,0.946394630357186,0.7434276052685891,0.9780463806142923,0.7434276052685891,0.00646551724137931,0.0,508,0,4,1,5,4,5,True,0.5,0.016129032258064516,4,1,4,62,53,61,5,5,5,5,False,
runs/musique/qwen3_8b/summarize_before_immediate_s0,summarize_before_immediate_s0,163,accepted,14,15,0,17,-0.016666666666666663,0.6692913967108538,0.946394630357186,0.9780463806142923,0.7962962962962963,0.7962962962962963,0.0,0.0,1369,0,4,1,5,6,6,True,0.5,0.0,1,0,1,76,75,62,5,5,5,5,False,
runs/musique/qwen3_8b/summarize_before_immediate_s0,summarize_before_immediate_s0,174,accepted,11,12,1,19,-0.016666666666666663,0.8403403279046938,0.946394630357186,0.7745606668664327,0.9346395904819818,0.7745606668664327,0.0,0.0,515,0,4,1,2,5,5,True,0.5,0.0,7,1,7,55,50,53,5,5,5,5,False,
runs/musique/qwen3_8b/summarize_before_score_plateau_s0,summarize_before_score_plateau_s0,93,accepted,5,9,3,10,-0.006666666666666654,0.9905400268439298,0.946394630357186,0.8421052631578947,0.8229166666666666,0.8229166666666666,0.0,0.0,708,0,4,1,2,2,2,False,0.5,0.0,0,0,0,66,43,47,5,5,5,5,False,
runs/musique/qwen3_8b/summarize_before_score_plateau_s0,summarize_before_score_plateau_s0,205,accepted,3,13,0,16,0.009999999999999953,0.36967909185820685,0.946394630357186,0.5183227890061356,0.8863612456518827,0.5183227890061356,0.07322654462242563,0.0,1029,0,3,2,1,5,5,False,0.25,0.029411764705882353,0,3,3,68,24,80,5,5,5,5,False,
